txid,vout_index,output_address,value_rvn,script_type,asset_name,asset_amount,asset_type
000ad969c1eace7768a99f3851a29af9ca76cd6c79ae8db909f145e696934057,0,,0.00000000,nulldata,,,
000ad969c1eace7768a99f3851a29af9ca76cd6c79ae8db909f145e696934057,1,RBMHJtukwisut1iq3nYrqMLbRu6Md8FCUV,993.72072000,pubkeyhash,,,
002afe1a48d2cd2f8fa9162440cea2dd0b07073caa4599b9452522ecb2f4dbd7,0,,0.00000000,nulldata,,,
002afe1a48d2cd2f8fa9162440cea2dd0b07073caa4599b9452522ecb2f4dbd7,1,RF9J4y68AcCdzn4Qd2T4ffPTsTUteMZViT,989.39903000,pubkeyhash,,,
002f7561752d9105a00775ce2906266434a4dbb8bdccd919ae84499a1303a1e7,0,,0.00000000,nulldata,,,
002f7561752d9105a00775ce2906266434a4dbb8bdccd919ae84499a1303a1e7,1,RJXFHNvEHAipwFv8gP8sXJtHGrZSiMKqhi,992.09247000,pubkeyhash,,,
00503884d264fe20e12a4d74aed29176f2493cb238e8c6c12beda3eba0a042d1,0,,0.00000000,nulldata,,,
00503884d264fe20e12a4d74aed29176f2493cb238e8c6c12beda3eba0a042d1,1,RUadbuVNP74NYyV2vjJGDJrrUmBZg8pVUC,994.81304000,pubkeyhash,,,
0060d801b7282552db16c7b0a3e1476c9c36a7b170f556fbd289d496f18eec0c,0,,0.00000000,nulldata,,,
0060d801b7282552db16c7b0a3e1476c9c36a7b170f556fbd289d496f18eec0c,1,RGTiYsdnxoVemyvbBEKc1WmuadE4d5KUQp,991.97931000,pubkeyhash,,,
0069fdbf28c9b5fa234dd61701ab0559fc9c18bf4126ef6ad2329b0dcd959285,0,,0.00000000,nulldata,,,
0069fdbf28c9b5fa234dd61701ab0559fc9c18bf4126ef6ad2329b0dcd959285,1,RVvXrXMAFmS8d63QrxCUZszUiwBYbwVtJp,994.88756000,pubkeyhash,,,
006bac056ec5f9f49431c45255983208b3fe3c997463d209a6b245d513483012,0,,0.00000000,nulldata,,,
006bac056ec5f9f49431c45255983208b3fe3c997463d209a6b245d513483012,1,RBXPXyFLYps24oS5o2yQRFXp2KzpASNtcS,993.37863000,pubkeyhash,,,
006db7276b04746c9245c9156c3ad60533ee672c6747f546a4d089b779218bb3,0,,0.00000000,nulldata,,,
006db7276b04746c9245c9156c3ad60533ee672c6747f546a4d089b779218bb3,1,RFKjurWgyryfff7ePHjRmnMwhzo7E5zexP,991.94895000,pubkeyhash,,,
00878ac58f9488adb9593f7e61f1f46359a84be27cb7be68f3180d839ac38f9e,0,,0.00000000,nulldata,,,
00878ac58f9488adb9593f7e61f1f46359a84be27cb7be68f3180d839ac38f9e,1,RTnjnxzoHYnZD1xGUevZ8yCRGnqA7agcwD,992.92323000,pubkeyhash,,,
00924a0f8009e330441d1d017da2508e36005d5c34877884023943e0c21061e5,0,,0.00000000,nulldata,,,
00924a0f8009e330441d1d017da2508e36005d5c34877884023943e0c21061e5,1,RJydiuBYKUemaeDjr5asX21LBnWr749rD2,991.67019000,pubkeyhash,,,
00a76d82d0442d809f6cbd209dc750be22952b47ed4144bf56fc0c0c4f945ffb,0,,0.00000000,nulldata,,,
00a76d82d0442d809f6cbd209dc750be22952b47ed4144bf56fc0c0c4f945ffb,1,RYE7h2FtKtgwpTV2HxyMhpX9F6hDfWL6nm,990.49443000,pubkeyhash,,,
00c6e69bd47363272ce8418446da385efd0898d0eb8cdca2932d9d81449b3c77,0,,0.00000000,nulldata,,,
00c6e69bd47363272ce8418446da385efd0898d0eb8cdca2932d9d81449b3c77,1,RNjbxCNLScegMFE4PwBAbBsd2QAw4gvuHD,992.51199000,pubkeyhash,,,
00e50bae3367c8e6ed4ab4143d1b7497e71f849e1e1d3bad41f34f2b137d4bf3,0,,0.00000000,nulldata,,,
00e50bae3367c8e6ed4ab4143d1b7497e71f849e1e1d3bad41f34f2b137d4bf3,1,RT1k9dEfLqHWasbUWQQ7Mjy1wPKaXu6peN,992.99223000,pubkeyhash,,,
011357586c51952ebdbc34a625307182f3881a8f58bffcf542bcdf6d8285aa78,0,,0.00000000,nulldata,,,
011357586c51952ebdbc34a625307182f3881a8f58bffcf542bcdf6d8285aa78,1,RWNFHU194VKWzz6Fbh21TixHBuEtEEXod1,989.21135000,pubkeyhash,,,
0114812e432dec4f7139f95ece6e9dd5ff2ed864b50cf47e71dc6af3383e7c96,0,,0.00000000,nulldata,,,
0114812e432dec4f7139f95ece6e9dd5ff2ed864b50cf47e71dc6af3383e7c96,1,RKDyfzcUy33GQeMs5b9jKoEMFAz1eWkMJg,993.32343000,pubkeyhash,,,
011921b06e1c6025051179949b69a13a5e65877cd573ef525d44c605c8aab134,0,,0.00000000,nulldata,,,
011921b06e1c6025051179949b69a13a5e65877cd573ef525d44c605c8aab134,1,RTyYdroQMTSPDk6GzoZrudrRR9G9M4ySJ3,993.02811000,pubkeyhash,,,
011dfeaeca47e94ca130290e9d12b26d2e4b71161fcab37578afc019700c0ae7,0,RX1r2eyM1UW7y2xHcrTejDfyCUk1yBmz4i,306.48914706,pubkeyhash,,,
011dfeaeca47e94ca130290e9d12b26d2e4b71161fcab37578afc019700c0ae7,1,RDFpA49a3phqf9ZWnjqDij3TRvsrywVRd2,34.04402240,pubkeyhash,,,
012f97be2474b47dd6d39a9bc4a769dd411c8ea6d28aefb08d1a89ad28e6413b,0,,0.00000000,nulldata,,,
012f97be2474b47dd6d39a9bc4a769dd411c8ea6d28aefb08d1a89ad28e6413b,1,RK8ffk19jj2VpoHi28b9c2Pt9gATAR7hCs,990.21567000,pubkeyhash,,,
017ad3826352eac4ad1f6e2bb210cdab960d37f200f7bc275d1bd46b5f2cd271,0,,0.00000000,nulldata,,,
017ad3826352eac4ad1f6e2bb210cdab960d37f200f7bc275d1bd46b5f2cd271,1,RHShBgYwDvNUxtnSHyj4KCP3EJ6Vpf24sS,995.25400000,pubkeyhash,,,
01850439f3662d860c277e2dd8eb66d26ab3800441e0019f70c0eb15bdeb031e,0,,0.00000000,nulldata,,,
01850439f3662d860c277e2dd8eb66d26ab3800441e0019f70c0eb15bdeb031e,1,RUsr28LtvhEqUFfmisbkCbV65JxP2dNw8Y,989.69403000,pubkeyhash,,,
01881a91057e413050b24396318656a1a60aa45307eee7711458552d5ba903f1,0,,0.00000000,nulldata,,,
01881a91057e413050b24396318656a1a60aa45307eee7711458552d5ba903f1,1,RFAAg9QCXJHqQmnGbWQueUq5koxDDqDKMF,994.01604000,pubkeyhash,,,
0189bc3c3de4f4cd25d71a0b60f6b56c361700df27be49e65b983f6bf7058fac,0,,0.00000000,nulldata,,,
0189bc3c3de4f4cd25d71a0b60f6b56c361700df27be49e65b983f6bf7058fac,1,RUbshq1HBeD3bSDVo9HmVu19jYQA14QJ9P,989.74647000,pubkeyhash,,,
01a89b591347cb63ad6a1dc842cd3294933c92f970907b9c02cdcff30a7c9275,0,,0.00000000,nulldata,,,
01a89b591347cb63ad6a1dc842cd3294933c92f970907b9c02cdcff30a7c9275,1,RBvkpgxCYPyEShXeb52awwdysTHsMCiFCB,991.30311000,pubkeyhash,,,
01e8c37fa64174e4ca594c4e3a7a56fddd3cb5f29066172783f0d4d5903cdce5,0,,0.00000000,nulldata,,,
01e8c37fa64174e4ca594c4e3a7a56fddd3cb5f29066172783f0d4d5903cdce5,1,RPBCx1RzCDRBRA1q2vwYeLPmYcdC96NVwa,994.62812000,pubkeyhash,,,
021565ddec9aa870f549009f7b5d055b546c51c0ed4f2850dc5921f88b60992d,0,,0.00000000,nulldata,,,
021565ddec9aa870f549009f7b5d055b546c51c0ed4f2850dc5921f88b60992d,1,RU4V3sGGTkuQia5vDtirsRDGxtce1HyvmF,993.51648000,pubkeyhash,,,
023c646e94f809b6b8f4cb2ca767917fffac37738f2009b5de48c3435c1745d9,0,RMXt7PVNZ5KjQidYg6oLrRdwbYXFeyvDnT,34.00527540,pubkeyhash,,,
023c646e94f809b6b8f4cb2ca767917fffac37738f2009b5de48c3435c1745d9,1,RX1r2eyM1UW7y2xHcrTejDfyCUk1yBmz4i,306.13947717,pubkeyhash,,,
023ee7e6b9204460982f58283b8147af28cc290b5a9b74ab0fb670a0d3fd187f,0,RSgkswtRQ5ezr2nqLXinfdotHxJEh6Jk8W,34.04138321,pubkeyhash,,,
023ee7e6b9204460982f58283b8147af28cc290b5a9b74ab0fb670a0d3fd187f,1,RX1r2eyM1UW7y2xHcrTejDfyCUk1yBmz4i,306.46538985,pubkeyhash,,,
026509ac629c7cb0d57606b4c95424a7136b8494c12394387cc098496d5df98e,0,,0.00000000,nulldata,,,
026509ac629c7cb0d57606b4c95424a7136b8494c12394387cc098496d5df98e,1,RNEAy3M1tcrzUVSEWHStRG9SKSCxXt3UWa,993.52476000,pubkeyhash,,,
027c761c7691efe219aa47adae4a544e09a251adee08293a2deb9ada5ed0f269,0,,0.00000000,nulldata,,,
027c761c7691efe219aa47adae4a544e09a251adee08293a2deb9ada5ed0f269,1,RAgGkXhkC8C6AFb9CbZbNu3PkqYrBUcSFq,995.24296000,pubkeyhash,,,
029aa7edf17caec11a626ed5da04e24930390c5e49701a10eef644212abfc355,0,,0.00000000,nulldata,,,
029aa7edf17caec11a626ed5da04e24930390c5e49701a10eef644212abfc355,1,RE5CJjDFdNEVnbL1TkewZWkDokzxaLXPpW,994.87376000,pubkeyhash,,,
02a86c69415d0a687a797c0e26d2fc9e08f3f30f8929742ad60f3f34b0ed662d,0,,0.00000000,nulldata,,,
02a86c69415d0a687a797c0e26d2fc9e08f3f30f8929742ad60f3f34b0ed662d,1,RSjVGCkBdEfrknQmUsBBtNnV4yUGTpDoJS,991.83303000,pubkeyhash,,,
02c12bac899df35c63b9e41f58cfce9aced87720c02baffaf3bdef4c4ad55131,0,,0.00000000,nulldata,,,
02c12bac899df35c63b9e41f58cfce9aced87720c02baffaf3bdef4c4ad55131,1,RTxntxko22Bf9K4GXy7M6BMQ5SpyVisf97,992.04831000,pubkeyhash,,,
02c3cff3a5fb3651b509c650c6df46fc2f39867679c3bf028b2c2e504aa25c86,0,,0.00000000,nulldata,,,
02c3cff3a5fb3651b509c650c6df46fc2f39867679c3bf028b2c2e504aa25c86,1,RQoMhyuo9ng8uEcRmdgGtZofvp5U1BjYT6,994.47632000,pubkeyhash,,,
02d22f47404399f110525b45ef2b8ca1b8f0c9175d7d67ca670e4337addae36a,0,,0.00000000,nulldata,,,
02d22f47404399f110525b45ef2b8ca1b8f0c9175d7d67ca670e4337addae36a,1,RCCBLTd7nzwqAxa9R6WuNYLCki5cUcbmWi,994.25616000,pubkeyhash,,,
02de8cc55af89164156cc517d367434922ba21ade59dc321723dba1207f4d3e3,0,,0.00000000,nulldata,,,
02de8cc55af89164156cc517d367434922ba21ade59dc321723dba1207f4d3e3,1,RWYsdAW55DuDVHNEVu17nm8AzARcxVjdHQ,989.27483000,pubkeyhash,,,
03115b29abb73f8c8c06edaaedaf224f7a3afc31050c5e4e394bb60902fe9834,0,,0.00000000,nulldata,,,
03115b29abb73f8c8c06edaaedaf224f7a3afc31050c5e4e394bb60902fe9834,1,RGzViuxXGSXN7sfgc9cAWMJpdUZvRnMk1V,992.21667000,pubkeyhash,,,
034170325bb672cb77086340f5b0239d4140aa939daf834cd5c80a36c50219e0,0,,0.00000000,nulldata,,,
034170325bb672cb77086340f5b0239d4140aa939daf834cd5c80a36c50219e0,1,RQdL5ziWMFPTaq5q1hsyPmraktNSdjuHPJ,990.26259000,pubkeyhash,,,
034545d72ba0fb35b238aaf06efad3ddb4387218d8de595eb86c411ea59436fa,0,,0.00000000,nulldata,,,
034545d72ba0fb35b238aaf06efad3ddb4387218d8de595eb86c411ea59436fa,1,RNiPocZWSXHMMejTSjRwCHCnZyoS1YdkzZ,989.57567000,pubkeyhash,,,
034aa55f18a5727327a9feb299510d8792dcf007df1b92374844930cedbb2e80,0,,0.00000000,nulldata,,,
034aa55f18a5727327a9feb299510d8792dcf007df1b92374844930cedbb2e80,1,RVp9yEyXSWBxegtQ8r1AV6TGFhtrE1zopQ,994.75784000,pubkeyhash,,,
037924b8a57cbe808743fd122cef72aba2bb32c9e35f045cbda9d97f692e1afb,0,,0.00000000,nulldata,,,
037924b8a57cbe808743fd122cef72aba2bb32c9e35f045cbda9d97f692e1afb,1,RPZtLqLi36RdtkwfnByxXinjAZH1GFSf4F,990.36747000,pubkeyhash,,,
03a9ecec754405f96dc961f449c7da506bb0cb81cbb5b963b337a598ea974f04,0,,0.00000000,nulldata,,,
03a9ecec754405f96dc961f449c7da506bb0cb81cbb5b963b337a598ea974f04,1,RVM9bNN5kd2JVSSYdwjjtw2YcdE9XuLtCV,992.92599000,pubkeyhash,,,
03b57c4528cac9284eac795b1a3e2afffa73af2466df5ba2f308fd36a6ed0d84,0,,0.00000000,nulldata,,,
03b57c4528cac9284eac795b1a3e2afffa73af2466df5ba2f308fd36a6ed0d84,1,RN4mrbArSJvHftPJbunJW98YU9WhBG5zxj,989.41283000,pubkeyhash,,,
03c7519bf5dfd4ea1317d2d022e30f3a7ac0bd73def4c9310a06f9d1f0b2d206,0,,0.00000000,nulldata,,,
03c7519bf5dfd4ea1317d2d022e30f3a7ac0bd73def4c9310a06f9d1f0b2d206,1,RX9kCfZw59VFJh7ECY7qWaRK6rhLi7QaXg,990.53031000,pubkeyhash,,,
03e182762070607c6434d1953b21aae6ae82acbc97ceebb314fb188ffed7723f,0,,0.00000000,nulldata,,,
03e182762070607c6434d1953b21aae6ae82acbc97ceebb314fb188ffed7723f,1,RGEKkd34C8ZzVxeEBvvPpFBiHWZQBKZuK8,993.02535000,pubkeyhash,,,
040ed129a7bcace18eb860ca60302398d50df34ae5ec76c77b6cdccaa9f4fa9a,0,,0.00000000,nulldata,,,
040ed129a7bcace18eb860ca60302398d50df34ae5ec76c77b6cdccaa9f4fa9a,1,RUxhoYpP94MG9mvu7583CmtnTHDgcWkykQ,989.01263000,pubkeyhash,,,
041780a4399dc37e39a73277b9a3eb965b31f42fa2f801aa043e99803d5c1a3b,0,,0.00000000,nulldata,,,
041780a4399dc37e39a73277b9a3eb965b31f42fa2f801aa043e99803d5c1a3b,1,RTPP4W9GMmHoD7hPb93iNCNUVwMLwtvDeQ,989.41835000,pubkeyhash,,,
041a7d6b6b4acfc479ca809a9ecc397c8fd0342217624a0b40d0872d5164e01e,0,,0.00000000,nulldata,,,
041a7d6b6b4acfc479ca809a9ecc397c8fd0342217624a0b40d0872d5164e01e,1,RXs5H1LcEDf4wuxPZC5v2ptUqvKpeQZFsw,994.24512000,pubkeyhash,,,
044614bac45b93edcc8103d608c92003b4c1cd92f8d207e010c0bb3cfce2fa79,0,,0.00000000,nulldata,,,
044614bac45b93edcc8103d608c92003b4c1cd92f8d207e010c0bb3cfce2fa79,1,RMmzhyUcrECopd2rjQ6rmRc78WgVj8Sob1,993.94152000,pubkeyhash,,,
047d1c2faed596856dcd73d664a0b7e4a86f9ffc328998f9cfdd01a0f660a532,0,,0.00000000,nulldata,,,
047d1c2faed596856dcd73d664a0b7e4a86f9ffc328998f9cfdd01a0f660a532,1,R9hTgMepwYvNN3s1Sh4ePLj7EDFqnCiJ2Q,993.98292000,pubkeyhash,,,
048570f3bdfdc19717ad57ba06937dfcaf68d547c629f13b294bedb4a5586f57,0,,0.00000000,nulldata,,,
048570f3bdfdc19717ad57ba06937dfcaf68d547c629f13b294bedb4a5586f57,1,RS2XBsCxXHj5DZ1TMdKsBrpfkFFcLAZ55c,989.43491000,pubkeyhash,,,
049315547146029a11f791e88a698a5df28cbe80c85384724035bb1e74586e53,0,,0.00000000,nulldata,,,
049315547146029a11f791e88a698a5df28cbe80c85384724035bb1e74586e53,1,RWc7JgyJvDaktXLmLYdpbD7UMz2CSwFars,991.38039000,pubkeyhash,,,
049c0a56a3d34b076ce9705c506619adea384df19819c2bc6288cd90c9ea2cd8,0,,0.00000000,nulldata,,,
049c0a56a3d34b076ce9705c506619adea384df19819c2bc6288cd90c9ea2cd8,1,RVYWP1T2MxrrEpUhj2Ri6UqBkDyFCCdimj,994.28376000,pubkeyhash,,,
04c552ca03cc07b15fef1a8c89cfe17067b40fe651477f464a8a1c3c07677549,0,RVSGYdoJnhRVnm6MZu1FU9Jc141RJWHdM6,677.62351175,pubkeyhash,,,
04c552ca03cc07b15fef1a8c89cfe17067b40fe651477f464a8a1c3c07677549,1,REZAECZM563Dp8HEWXJ8KsjATeUqiGmAC5,40.19760365,pubkeyhash,,,
04c552ca03cc07b15fef1a8c89cfe17067b40fe651477f464a8a1c3c07677549,2,RVnPh8UFMjDPjPZkzKgGtWtjWsFMsrf2Bg,21.06495242,pubkeyhash,,,
04f01a21332461f8d558ca2636108bffeea8d4212efcd116d4f2590b5ef44fff,0,,0.00000000,nulldata,,,
04f01a21332461f8d558ca2636108bffeea8d4212efcd116d4f2590b5ef44fff,1,RB7pnyHg2Bq4THa2wZvLq4y3VWDesJHCFz,993.41712000,pubkeyhash,,,
04f0828aef0df3b06a67c3246e6dda4fe605ba189d32c34cf62355abaac4d1ed,0,,0.00000000,nulldata,,,
04f0828aef0df3b06a67c3246e6dda4fe605ba189d32c34cf62355abaac4d1ed,1,RNf5aq9vrCZZ4kP6oSTkQ99vTE4FtFoxWd,992.80455000,pubkeyhash,,,
0508b0388506d2e4b9fb770fb946b42a77cac44584f02247c306eed2820f7bbe,0,,0.00000000,nulldata,,,
0508b0388506d2e4b9fb770fb946b42a77cac44584f02247c306eed2820f7bbe,1,RPjMT3azKswA9fbFY8UM7Cz2zrsFRLrQBQ,991.39695000,pubkeyhash,,,
050936508381bcbd72e59f302fff058cfe05be57bc3e6db74d938b12a52b263d,0,,0.00000000,nulldata,,,
050936508381bcbd72e59f302fff058cfe05be57bc3e6db74d938b12a52b263d,1,RCou19c6rfoCYaZAGwpR2SJf4nvVdEB67t,994.77992000,pubkeyhash,,,
050a505c8d1eb764fe1d89f590f62612961feb0c88f3f986a71ec38b8e8c41ed,0,,0.00000000,nulldata,,,
050a505c8d1eb764fe1d89f590f62612961feb0c88f3f986a71ec38b8e8c41ed,1,RUgcPDjyDch9nwsgntfziVxrVy14uFx8Bs,993.11643000,pubkeyhash,,,
0526a55f73d2d9cd1e88f90a583941558301d0e00b967b44762d81677db9a8ac,0,,0.00000000,nulldata,,,
0526a55f73d2d9cd1e88f90a583941558301d0e00b967b44762d81677db9a8ac,1,RQ2Ty6oF8aCpkysx67358aAhC5ToX9LgcE,994.46804000,pubkeyhash,,,
053d9540ed55489f8949c05f531aa00481c635d672cefa3d1b688392a4e223c3,0,,0.00000000,nulldata,,,
053d9540ed55489f8949c05f531aa00481c635d672cefa3d1b688392a4e223c3,1,RAbKeWks99hrfuVmBkKJuhz1QMMMAtrCHb,989.26379000,pubkeyhash,,,
05618784ef17c299af92c769d6cffa291d81aa74936e5653af07cf30a8a8514e,0,,0.00000000,nulldata,,,
05618784ef17c299af92c769d6cffa291d81aa74936e5653af07cf30a8a8514e,1,RPK5ZLMHXiSDGDDhnZnow7hJYvXLdShG3J,992.41815000,pubkeyhash,,,
0585e326802e8b8cd3a870dd7dfd0a5ee0c46d3d128d2f0ff32a3476dea65ec4,0,,0.00000000,nulldata,,,
0585e326802e8b8cd3a870dd7dfd0a5ee0c46d3d128d2f0ff32a3476dea65ec4,1,RCDRbVdrpKRVQQFHdtztPaaMGXoxPGyXUt,992.07315000,pubkeyhash,,,
05b59f5310b6b844c7b72a1e511d685590673ab64d4ee0421f386db6aaa422c5,0,,0.00000000,nulldata,,,
05b59f5310b6b844c7b72a1e511d685590673ab64d4ee0421f386db6aaa422c5,1,RUWkwSQbRiDhtWjKS8ZNXaFTuPrXHQFvr4,992.79075000,pubkeyhash,,,
05b936dcd9ce90aa2e6599f522c0e1c867c74dc29c743a62e4b41fbbfa13d198,0,,0.00000000,nulldata,,,
05b936dcd9ce90aa2e6599f522c0e1c867c74dc29c743a62e4b41fbbfa13d198,1,RMM9d89rofsEij8QSaJtDDCZrRp2mBj6sW,994.33344000,pubkeyhash,,,
05bf954c20eb839b8200b1c006b4ac8a1e63e6265b4879c0a0c67cb7d3dc9ee9,0,RCpNFn8thuh6mfhgiNV4ChTAxrFXsRexAd,0.70431450,pubkeyhash,,,
05bf954c20eb839b8200b1c006b4ac8a1e63e6265b4879c0a0c67cb7d3dc9ee9,1,RK8yJahsd4JEksuYdwXcpbar5MqPfsKexv,20.17420225,pubkeyhash,,,
05bf954c20eb839b8200b1c006b4ac8a1e63e6265b4879c0a0c67cb7d3dc9ee9,2,RHvY8nbzytTk2RJQhDspkP9hfPsAJFXCE7,25.23868994,pubkeyhash,,,
05c68b66eabee236cf36f3e02f2282152d367e350cdf072dfeaaec073a8ba897,0,,0.00000000,nulldata,,,
05c68b66eabee236cf36f3e02f2282152d367e350cdf072dfeaaec073a8ba897,1,RWAHucyGd8ey4VvBMpjEYKULJv78xC42mG,993.15783000,pubkeyhash,,,
05e1e9a4551d9d64764299408cbb3ca73b7ba05cc85608971e37aefb1e4d44e7,0,,0.00000000,nulldata,,,
05e1e9a4551d9d64764299408cbb3ca73b7ba05cc85608971e37aefb1e4d44e7,1,RPqohd3R2341NBtYhrfZ74QBSV8NUQbNaL,989.12855000,pubkeyhash,,,
05f5b18434c368d521bba3f93ba8497b16205fe668b2d7b4a2c084b3232273c3,0,,0.00000000,nulldata,,,
05f5b18434c368d521bba3f93ba8497b16205fe668b2d7b4a2c084b3232273c3,1,RAW4TN7h9Ewzyuw9kVUU9BETorfgVmudnq,995.17120000,pubkeyhash,,,
05f655b86e3547ff4aafa9f0186807cf35d62c754e15c85779c4d282bef42b9f,0,,0.00000000,nulldata,,,
05f655b86e3547ff4aafa9f0186807cf35d62c754e15c85779c4d282bef42b9f,1,RTLoZGKQhZkkhSJqggXMCNgG2FFT1RGDCS,995.36164000,pubkeyhash,,,
05ff02d91196a7cca41599b7b6e91f2a0a731eff0891e834f79bd6686a402c4f,0,,0.00000000,nulldata,,,
05ff02d91196a7cca41599b7b6e91f2a0a731eff0891e834f79bd6686a402c4f,1,RLiYWEbuvxhU6NzwS8iM6xzdG2NMuSJWgo,994.78820000,pubkeyhash,,,
0602d89e03ddf38a1c03e03b6aba349749cbfb4c73fce351f012b5a4b524a5fc,0,,0.00000000,nulldata,,,
0602d89e03ddf38a1c03e03b6aba349749cbfb4c73fce351f012b5a4b524a5fc,1,RNSo73oNaaKD8GxEwBRoqeg1FRLw7E371K,992.14215000,pubkeyhash,,,
06332ee981e112d98c8be12ce304f2bd2bc99804148abca7a93d662daf6ef3f5,0,,0.00000000,nulldata,,,
06332ee981e112d98c8be12ce304f2bd2bc99804148abca7a93d662daf6ef3f5,1,RJVtELN42rvA2Zv6o55XJHzfHcEbK53dQ4,995.21812000,pubkeyhash,,,
0656aaceb3eea110fb75c3511a8b093e0a2c4130d8c3789be94e5080c7e96b12,0,RM2R8cvuetSXwy3hrrrfwxAH5WZ6bPgxyn,3097238.47338805,pubkeyhash,,,
066b544a0842cccea9aec15fa34e46599d7ea189925d0eee161b78a92ab03892,0,,0.00000000,nulldata,,,
066b544a0842cccea9aec15fa34e46599d7ea189925d0eee161b78a92ab03892,1,RUc4mYkb877hkF2pzH5bVd1gmWTJejosaW,991.50459000,pubkeyhash,,,
066bc54cfb8c820f81eb5670b40c43e05fbba269c37a04b680ba92b9ec5df02e,0,,0.00000000,nulldata,,,
066bc54cfb8c820f81eb5670b40c43e05fbba269c37a04b680ba92b9ec5df02e,1,RUwJBqxsoftSELdAQBsh4LVNWCPAUg2AKC,994.96484000,pubkeyhash,,,
0676ed5af5a5f554b58aa15d1ecb8ff395e12ef64018cacd990e67c8fc02bdad,0,,0.00000000,nulldata,,,
0676ed5af5a5f554b58aa15d1ecb8ff395e12ef64018cacd990e67c8fc02bdad,1,RSznW66WBDpZ1Xo6yXQRdSAn8bmXJZWvFs,993.33723000,pubkeyhash,,,
06802f7cb39cc5638c3c3012764ebe1d265c97203771f4809e2e0cabbaa2bd54,0,,0.00000000,nulldata,,,
06802f7cb39cc5638c3c3012764ebe1d265c97203771f4809e2e0cabbaa2bd54,1,RAfUaKQ9M6kHMZ5gZ5duTkZRBhtToQN7X7,991.44939000,pubkeyhash,,,
06810907188f9f8eabc1671f25c12fad99b7100a35ca8306a361fbff11161cad,0,,0.00000000,nulldata,,,
06810907188f9f8eabc1671f25c12fad99b7100a35ca8306a361fbff11161cad,1,RUdHpVLQ2cYNbNhsg46vw9RoG1HJCGPJR8,994.60604000,pubkeyhash,,,
06871977d118ecdc8dc6b118efd2a7e3cae71f70522e7c7e273ede0ea8e4e4f9,0,,0.00000000,nulldata,,,
06871977d118ecdc8dc6b118efd2a7e3cae71f70522e7c7e273ede0ea8e4e4f9,1,RP54TPdgqic4SyRL8MhDVnseQrUfhVduHy,992.48991000,pubkeyhash,,,
06a07b8358f5444949c529d5de8d2524f8909640dc5ae2ef098cef28d38eeebc,0,,0.00000000,nulldata,,,
06a07b8358f5444949c529d5de8d2524f8909640dc5ae2ef098cef28d38eeebc,1,RP4CAmgzUKYQJrZwiiCW8D1aGPTvvTRxwX,994.72748000,pubkeyhash,,,
06bbf8d282ce637087ae51b252670fe8f19280045377c79d846950d116544a9f,0,,0.00000000,nulldata,,,
06bbf8d282ce637087ae51b252670fe8f19280045377c79d846950d116544a9f,1,RK6jmAhdArmsq2vAcgGrWnbKjbvn6GQx8k,990.59103000,pubkeyhash,,,
06c7f8e53215a10d24315c1caa186cd6aba5367712db63c558e4dc5d364f9900,0,,0.00000000,nulldata,,,
06c7f8e53215a10d24315c1caa186cd6aba5367712db63c558e4dc5d364f9900,1,RNaLA8VynKmEeg1EdsarJXrTuNp1NhKnwd,990.86427000,pubkeyhash,,,
07103efb68216661cb5cbd4205d205fb94daa28209eaf45a3811d168ed3d486b,0,,0.00000000,nulldata,,,
07103efb68216661cb5cbd4205d205fb94daa28209eaf45a3811d168ed3d486b,1,R9as2M8gHRuh2NEg2FkihTqkdgDBJ8Fm3r,992.89563000,pubkeyhash,,,
074ed2bb1e57a52fc87fead5244b25143c0e06efead91b6ae3a500b12453ab82,0,,0.00000000,nulldata,,,
074ed2bb1e57a52fc87fead5244b25143c0e06efead91b6ae3a500b12453ab82,1,RFrg1b1SPc54Ho3HakN8YwUMqa7RZLJ8aT,989.38799000,pubkeyhash,,,
0766721ade71f6dfd7d635ccc015af1a5750443b8dac8f00c3db981531b0efda,0,,0.00000000,nulldata,,,
0766721ade71f6dfd7d635ccc015af1a5750443b8dac8f00c3db981531b0efda,1,RM4x3RChppY2xrY9Q1qZAxyXi8pEtTYjRh,989.81271000,pubkeyhash,,,
0766cc8bb5259e99db50e6263703147bdf5e829bff2abb4cc4c1f8168af8aeda,0,RX1r2eyM1UW7y2xHcrTejDfyCUk1yBmz4i,306.19374236,pubkeyhash,,,
0766cc8bb5259e99db50e6263703147bdf5e829bff2abb4cc4c1f8168af8aeda,1,RFvV5rNdcs3XxbQQ79MhzWdEr7q95imhM6,0.00758450,pubkeyhash,,,
076a0244482df40f32c904d2a34238352187cfd8e8d108089c532edf47358964,0,,0.00000000,nulldata,,,
076a0244482df40f32c904d2a34238352187cfd8e8d108089c532edf47358964,1,RRWf25ZSUba81K98c36J7spauSsJjYn6MG,989.99763000,pubkeyhash,,,
0771130a3ae056fd5e006a7cd763a6c5c2f6d445a06730a23da44ea2a95c6cd1,0,,0.00000000,nulldata,,,
0771130a3ae056fd5e006a7cd763a6c5c2f6d445a06730a23da44ea2a95c6cd1,1,RVunBE3Wr6sPkMNXzZuysqroSXWJRoju3X,991.29483000,pubkeyhash,,,
07a0f1217b5fad604221c58c84dadd08e8de292da21abb8dd49f8a98f504c64b,0,,0.00000000,nulldata,,,
07a0f1217b5fad604221c58c84dadd08e8de292da21abb8dd49f8a98f504c64b,1,RTC6hadeoXrY9w5Edj8DsnqJ8GtJ4oDkE8,991.23963000,pubkeyhash,,,
083f18e0745a3c0477fcc15de223b280dab8bfa8d6a29e5d8fa521a8ec62902c,0,,0.00000000,nulldata,,,
083f18e0745a3c0477fcc15de223b280dab8bfa8d6a29e5d8fa521a8ec62902c,1,RPHMo1ko5STxGat9wvsFyjCSrC2KfvUndG,989.96727000,pubkeyhash,,,
084785d797c531240868991db946b960164165ff8e7b6443f5c24bdc66c4ccf6,0,,0.00000000,nulldata,,,
084785d797c531240868991db946b960164165ff8e7b6443f5c24bdc66c4ccf6,1,RHJJ1osFwWDAzozmD2WUPR7UmRNamuk6Xp,991.28655000,pubkeyhash,,,
0868b2f0d7b646443b4eac783a2fcf7282f68cc1fed3e3f31d784dbb3492a628,0,,0.00000000,nulldata,,,
0868b2f0d7b646443b4eac783a2fcf7282f68cc1fed3e3f31d784dbb3492a628,1,RQar4ZAczu1REDd9SnLu4z6mrC2gsCvcaw,991.64535000,pubkeyhash,,,
0885b7f0140d0164df2845621eb224aabaf50b4c8a879964b47ae05a207238b2,0,rNE4txZm3VjNpKUFd23nHyuuCKNmdzem9k,1125025.33995749,scripthash,,,
08a4eb7c34c3217dbb81486590403f0b339733dfee4dc590b818d9424a07592b,0,,0.00000000,nulldata,,,
08a4eb7c34c3217dbb81486590403f0b339733dfee4dc590b818d9424a07592b,1,RFH53xJA8VETQeL44Cyp7yDu8K9JLoD1db,992.24151000,pubkeyhash,,,
08b028bf244258b777e6ecfe223f4853408f9a313d8b54569c39a21c308b3e0e,0,,0.00000000,nulldata,,,
08b028bf244258b777e6ecfe223f4853408f9a313d8b54569c39a21c308b3e0e,1,RFt6qUeennPXQTvfifBrQjSWaJLWxFEUFd,990.36195000,pubkeyhash,,,
08b53825677b4cd35ef6a27e6daa7f75f4051eac44956d899f40445a16685bb8,0,RX1r2eyM1UW7y2xHcrTejDfyCUk1yBmz4i,306.45520880,pubkeyhash,,,
08b53825677b4cd35ef6a27e6daa7f75f4051eac44956d899f40445a16685bb8,1,RF88M2EJdDzMUzphfPgXdLTb83xpBWGiiY,34.04025217,pubkeyhash,,,
08b8528a4d6a974ad8aed2c9e3d6b5a330fe22f15dc34ef5e156d8b49d406d92,0,,0.00000000,nulldata,,,
08b8528a4d6a974ad8aed2c9e3d6b5a330fe22f15dc34ef5e156d8b49d406d92,1,RXB6pz1PzeXpmtYeruhiP9iT6BoH3H91qR,994.64744000,pubkeyhash,,,
08bbcd63694f6ac20fed1f27b4b060cb6101f51cbce21d931b0a947f3aef99ce,0,,0.00000000,nulldata,,,
08bbcd63694f6ac20fed1f27b4b060cb6101f51cbce21d931b0a947f3aef99ce,1,RS55DTX5c2WeWp6gJQ4UGHBGKpbacT4ogk,989.55083000,pubkeyhash,,,
08cc808c89c9d9e4206c23844cb350ff2a99f8cadd483ba2601a97ef076cc90b,0,,0.00000000,nulldata,,,
08cc808c89c9d9e4206c23844cb350ff2a99f8cadd483ba2601a97ef076cc90b,1,RAJDNmvop6nHvSfAnz5UZtUoCEmf2gYP9j,995.00072000,pubkeyhash,,,
08d0afe421c5461f5a5ffde180efc6622704c7b015fe2a7ed3103d6203c96d54,0,,0.00000000,nulldata,,,
08d0afe421c5461f5a5ffde180efc6622704c7b015fe2a7ed3103d6203c96d54,1,RMfCDuweWQjow3MaFnRdqmmsBmxGfe5p8J,990.86151000,pubkeyhash,,,
08e2fc1d63b737cd050fc84779fa4a301c0487459df2763deb80560b71ddfd59,0,,0.00000000,nulldata,,,
08e2fc1d63b737cd050fc84779fa4a301c0487459df2763deb80560b71ddfd59,1,RYNxpCKmwECpAgRjpPXG31iqitCkbvrKaK,990.22947000,pubkeyhash,,,
090c261de4e71cd49103abf644f6d55b7d31f5f70db5504363438599285aada0,0,,0.00000000,nulldata,,,
090c261de4e71cd49103abf644f6d55b7d31f5f70db5504363438599285aada0,1,RM2MvYq5UJn4mu1VGYHk76ivvy4ripuoLw,989.63087000,pubkeyhash,,,
090f0709f2c89d2280c9e5025adcda2f753829f8d277da15fc9cae3d005ad4ec,0,,0.00000000,nulldata,,,
090f0709f2c89d2280c9e5025adcda2f753829f8d277da15fc9cae3d005ad4ec,1,RWpsYi9VEzA1gTRmwUBVV5hrmiCkvmyWr4,993.73728000,pubkeyhash,,,
090f17fe186972ac70b00896fb54b2ddfb77873c7391708c715897ec9a1746cf,0,,0.00000000,nulldata,,,
090f17fe186972ac70b00896fb54b2ddfb77873c7391708c715897ec9a1746cf,1,RGptfxuBfA2DBXGA7iTTH9S7iR6eNvJRzA,993.60756000,pubkeyhash,,,
091b8b7383a5e63477e779797f9d869e79368b4feb1de24f4bb7d088c2615e5e,0,,0.00000000,nulldata,,,
091b8b7383a5e63477e779797f9d869e79368b4feb1de24f4bb7d088c2615e5e,1,R9nrCFR1CDXdBSJkSR2hYgmZ1dxi1HtKxN,992.07867000,pubkeyhash,,,
094a1523364724625aa31e5566bf62109c305be3eb390bc3ed9778d482fde656,0,,0.00000000,nulldata,,,
094a1523364724625aa31e5566bf62109c305be3eb390bc3ed9778d482fde656,1,RHwBrYdEgfF3MCQDSq9G21SozwMkuPtsHd,994.55912000,pubkeyhash,,,
0953a670e94e4cca3e40307c777f49a0ad9cbafd5594d5c08faa57bf04e1f4bb,0,,0.00000000,nulldata,,,
0953a670e94e4cca3e40307c777f49a0ad9cbafd5594d5c08faa57bf04e1f4bb,1,RAUDPzWCTVVh2vBanAc1cnFjYJrnphAL3w,993.84216000,pubkeyhash,,,
0964bab10b64f1291c918da6eaf85d0e2a1e1876d51b4d1d71c53a5b1a0c0636,0,,0.00000000,nulldata,,,
0964bab10b64f1291c918da6eaf85d0e2a1e1876d51b4d1d71c53a5b1a0c0636,1,RVNjt2UEqHqwCDWfEX54AsyQfQhnsS5ZCc,990.79251000,pubkeyhash,,,
096a0937c21a145bd79379dd9446f2af2cb5b33276d735ed646f6c81be1aaa4c,0,,0.00000000,nulldata,,,
096a0937c21a145bd79379dd9446f2af2cb5b33276d735ed646f6c81be1aaa4c,1,RKL2dBD7pGhoZSEJeUZGj2Mnd2UA8hDF4g,994.15128000,pubkeyhash,,,
0993bb8b4b3689870257360f41abd143af6fb79addf0664f7cb8a543c0b59288,0,,0.00000000,nulldata,,,
0993bb8b4b3689870257360f41abd143af6fb79addf0664f7cb8a543c0b59288,1,RGmaVq8dnPRxTmHTPaUQaz6w1guFM3oYcD,992.58099000,pubkeyhash,,,
09a6cb873e5649a068bf7f2a68fd84846a3c1ab798df8511e94b04df649e9d9f,0,,0.00000000,nulldata,,,
09a6cb873e5649a068bf7f2a68fd84846a3c1ab798df8511e94b04df649e9d9f,1,RT2MLnrj1UXpnE2HTfd3rxWwMe7f7YQugA,993.24339000,pubkeyhash,,,
09b4f84e46f7d43e9b7a57a2ef7671566000d5a8461c434ebe008a133523628f,0,,0.00000000,nulldata,,,
09b4f84e46f7d43e9b7a57a2ef7671566000d5a8461c434ebe008a133523628f,1,R9JBuGVsnuBKPT3hXmxgGAa6TfjEioCN5v,994.15404000,pubkeyhash,,,
09cc573d85b6e4abc00bd0dc3d1328b6d3c8ad01d2ec6804418f84ef56e178c0,0,,0.00000000,nulldata,,,
09cc573d85b6e4abc00bd0dc3d1328b6d3c8ad01d2ec6804418f84ef56e178c0,1,RGnaGAtEJcuRZkm6G9WhMaaDEfVvsov145,993.77040000,pubkeyhash,,,
09fcac33a88872b03df623887da9e7c5b1a452e8c95a9aa6c1fdd5775a2cffe5,0,,0.00000000,nulldata,,,
09fcac33a88872b03df623887da9e7c5b1a452e8c95a9aa6c1fdd5775a2cffe5,1,RPe4ufWA2z19sF79QzmyXMq72R8q8G7hCq,995.28436000,pubkeyhash,,,
0a423c32c6e10f33a195c0494b437b0c79534ba3b308137718f97a53677895c9,0,,0.00000000,nulldata,,,
0a423c32c6e10f33a195c0494b437b0c79534ba3b308137718f97a53677895c9,1,RHtMx48synpVo14poNShLpM9oJu8xqarcg,990.52203000,pubkeyhash,,,
0a473ed85c9c4516d76a71361476f72e6f5990216da86a4a821ba27e9cf3c130,0,,0.00000000,nulldata,,,
0a473ed85c9c4516d76a71361476f72e6f5990216da86a4a821ba27e9cf3c130,1,RLxxtSP4bXSfH49J6PkfNk3cfXExPu6Qu1,992.58651000,pubkeyhash,,,
0a86263018103b7c49e488e54614620df93526f5ecdc531eeaf5381f2b0dc0b7,0,,0.00000000,nulldata,,,
0a86263018103b7c49e488e54614620df93526f5ecdc531eeaf5381f2b0dc0b7,1,RF5b9TXf41VmWT17f23M9zsKJMooMraYyp,990.58551000,pubkeyhash,,,
0ac2eefc4b573f956a1317b05265cc1f9292a6feed50c0b26fb8efed5cd77354,0,RX1r2eyM1UW7y2xHcrTejDfyCUk1yBmz4i,306.46199611,pubkeyhash,,,
0ac2eefc4b573f956a1317b05265cc1f9292a6feed50c0b26fb8efed5cd77354,1,RUXqCJPqSiBFQECEzEa8eaS91enw3NEEsF,34.04100620,pubkeyhash,,,
0aecb641a3e8983c2f2d9120972d828cf18f2dc687c3dcab2a3c1eacdb4011dd,0,,0.00000000,nulldata,,,
0aecb641a3e8983c2f2d9120972d828cf18f2dc687c3dcab2a3c1eacdb4011dd,1,RNKrJKqDvnY4LAVnPioLHCTuuN1QNh4uRM,989.08715000,pubkeyhash,,,
0afa8c8e0709c8a31b26299ca92181cb30ba32a56f795c0a6bfb0e82243a0ffc,0,,0.00000000,nulldata,,,
0afa8c8e0709c8a31b26299ca92181cb30ba32a56f795c0a6bfb0e82243a0ffc,1,RGnddzSAhwniywbV5VeBwqk4FPvrmSCvWt,993.40056000,pubkeyhash,,,
0aff40fca98862081d74d4dfac852c51dc69030ff5c3fc154a3a4519aa21136b,0,,0.00000000,nulldata,,,
0aff40fca98862081d74d4dfac852c51dc69030ff5c3fc154a3a4519aa21136b,1,RG9tjZCxBaQbuTU9UoMTKQvznFuyNQP59t,991.78335000,pubkeyhash,,,
0b0fc2f790f3915f0911e40a15b36ba5719a3a72ac43027f70eb432864c362ba,0,,0.00000000,nulldata,,,
0b0fc2f790f3915f0911e40a15b36ba5719a3a72ac43027f70eb432864c362ba,1,RUVbczSzuxa7zkw1YxsaEJVtQ2SXytaB9j,989.11475000,pubkeyhash,,,
0b149af3c92b14e2a726fc4b3ede743ecadf098fdd4861ee9b4a516f2e90b963,0,,0.00000000,nulldata,,,
0b149af3c92b14e2a726fc4b3ede743ecadf098fdd4861ee9b4a516f2e90b963,1,RG6ERRq4ayBwCECJykaVfLQhC1ZEAfdVQZ,994.20372000,pubkeyhash,,,
0b1703b7fac8d35d049b779384f2f706d4eb8f202625d98d99473739864ce607,0,RX1r2eyM1UW7y2xHcrTejDfyCUk1yBmz4i,306.58081730,pubkeyhash,,,
0b1703b7fac8d35d049b779384f2f706d4eb8f202625d98d99473739864ce607,1,RNwfLn4rF3CVgZrkYvf53QHLwyBDLzcLZ2,34.05420606,pubkeyhash,,,
0b237a0cc9a01ddd2db6c78c3d6cbcfe3579e959b61624c5002eea28b3ea0910,0,,0.00000000,nulldata,,,
0b237a0cc9a01ddd2db6c78c3d6cbcfe3579e959b61624c5002eea28b3ea0910,1,RPQoVRvXvysrm7qYpA7VQekLT1aA8Dn6Fw,991.75299000,pubkeyhash,,,
0b2c15ec18bc160ef9d7cd029f72d3a02c85afae0d209af9300206cd9e6bd747,0,RJwFofN1w9oU99XG37nvLiEfxYELfXGgZL,1935.57021210,pubkeyhash,,,
0b2c15ec18bc160ef9d7cd029f72d3a02c85afae0d209af9300206cd9e6bd747,1,RJn2GXvycTwmdk6W7tJKSUzDxoawUY9MXJ,268.54744188,pubkeyhash,,,
0b4ddcc294e9e2bb6478d9bcb9fe6674eb6ffd803f720d9cf57bf6bcc0b56094,0,,0.00000000,nulldata,,,
0b4ddcc294e9e2bb6478d9bcb9fe6674eb6ffd803f720d9cf57bf6bcc0b56094,1,RXXQgjQhMPHT5zJ1abkoy4dwFv3hybgWKi,993.17163000,pubkeyhash,,,
0b5dbf7ab558aaa40d11bb24e7faa37985d9c38a9c7d831797b0f6569ac42ae4,0,,0.00000000,nulldata,,,
0b5dbf7ab558aaa40d11bb24e7faa37985d9c38a9c7d831797b0f6569ac42ae4,1,REMGwiTPUT1fBBu8zuL9FhrjHMPdJYmass,993.76488000,pubkeyhash,,,
0b643702138a880b6747814a40145b67947bff64da078f67feb5c8a450c689c4,0,,0.00000000,nulldata,,,
0b643702138a880b6747814a40145b67947bff64da078f67feb5c8a450c689c4,1,RMypErwddb1hx9YAGR8xL41cxvCZ8E9eWP,994.13472000,pubkeyhash,,,
0b829f8bd6d53c21acde384346b3dad04d166c170767b5ee8b9adb5bcea93584,0,,0.00000000,nulldata,,,
0b829f8bd6d53c21acde384346b3dad04d166c170767b5ee8b9adb5bcea93584,1,RBg5PyK29ZhuQhPrK8BuH6PumVnA3r7Tbv,991.27551000,pubkeyhash,,,
0ba2057756b6299cfe3cf5299b7a125bc92e286b3861ae002328f46b5f399598,0,,0.00000000,nulldata,,,
0ba2057756b6299cfe3cf5299b7a125bc92e286b3861ae002328f46b5f399598,1,RTSmDi3BD1RP38FrEnPXcXqzXGep67wSim,992.15595000,pubkeyhash,,,
0ba36a75f0f106f5e4389d8b7f827ea05378aa62d3b188f2e3e44ad5ba936e69,0,,0.00000000,nulldata,,,
0ba36a75f0f106f5e4389d8b7f827ea05378aa62d3b188f2e3e44ad5ba936e69,1,RDpitkBFURSX7q6KYE6yE9tEGS8d2zeAJo,993.92772000,pubkeyhash,,,
0bc5e2994ed908c5e13eb74375385060d8fdaacfb9c9c8f99eff9d606f4a0c5c,0,,0.00000000,nulldata,,,
0bc5e2994ed908c5e13eb74375385060d8fdaacfb9c9c8f99eff9d606f4a0c5c,1,RUxypL7qmvHa6KyRDYAPd8GRxw9wNFEErx,993.81456000,pubkeyhash,,,
0bd7462b05d34441e09496be0b6304b3401fd51eb9dcd6ea3caf41cf298fe3c0,0,,0.00000000,nulldata,,,
0bd7462b05d34441e09496be0b6304b3401fd51eb9dcd6ea3caf41cf298fe3c0,1,RU4ykFUWGHwgRuYC3U3AJUfWGuHaCsH8RH,990.16323000,pubkeyhash,,,
0bdfd096fbf5f34a78138b7f350f5a92ee4e9dba07af2c212d97a9d64fc63619,0,RFFkTBhahhqHJVTjG9qwot6ZSxE89v9NSn,98.48865700,pubkeyhash,,,
0bf4d48b4ff90fca6241584c1518aefb5132f2b86ee670d675a923a8ed5615af,0,,0.00000000,nulldata,,,
0bf4d48b4ff90fca6241584c1518aefb5132f2b86ee670d675a923a8ed5615af,1,RQPXLddxaepQWb6Q4wmToQefj5DPYQDwUt,991.73919000,pubkeyhash,,,
0bfdc0877718ee95339cb27b33b6dcea207c2c2d1775bec21e18abb45071c154,0,,0.00000000,nulldata,,,
0bfdc0877718ee95339cb27b33b6dcea207c2c2d1775bec21e18abb45071c154,1,RTH3b7HvJg61PGwfjbsz618T3rWr96NsBY,988.93259000,pubkeyhash,,,
0c3e0a29b459128f369c401744bfc150adebb4451561f919f40bff0b315593a0,0,,0.00000000,nulldata,,,
0c3e0a29b459128f369c401744bfc150adebb4451561f919f40bff0b315593a0,1,RW6Btuq9hucvSN3TY4EF5fyWNEXq9Z1gBt,989.36591000,pubkeyhash,,,
0c642960b6b089cf3aeb878e23a964ec3a56a84de8718fe4312618fa46d88879,0,RL7gaAkANMyfMzztdQwsXvup5gFrXzXVyb,299.77309393,pubkeyhash,,,
0c86908e0cb180635a2cbb58c239a99f2134496b597c72656fed25858f602fe1,0,,0.00000000,nulldata,,,
0c86908e0cb180635a2cbb58c239a99f2134496b597c72656fed25858f602fe1,1,RB3GkweVHtsmPsL4vjotRkWhkmwXRgfjiN,994.26444000,pubkeyhash,,,
0c86fcfcfd9ca71c00ce0608a261a9c9884518bdce02d4d2496301dcea0b6493,0,,0.00000000,nulldata,,,
0c86fcfcfd9ca71c00ce0608a261a9c9884518bdce02d4d2496301dcea0b6493,1,RLvGwxZF5DzM22mYtySxgdoqHTjLADHCjU,994.10712000,pubkeyhash,,,
0cc9250182bee5a5b2e4f6a125d095ba78eca4fca01b4cb326509c51cd7e9229,0,,0.00000000,nulldata,,,
0cc9250182bee5a5b2e4f6a125d095ba78eca4fca01b4cb326509c51cd7e9229,1,RWwGrzQ9VtBvPWEQoYz2WgC9hkcvC4NGgF,989.93967000,pubkeyhash,,,
0ccbb4eeea02cfa9adcab6f975bd63fcedeeacdf73ee61989c9cccf41cbd9014,0,RX1r2eyM1UW7y2xHcrTejDfyCUk1yBmz4i,306.31949802,pubkeyhash,,,
0ccbb4eeea02cfa9adcab6f975bd63fcedeeacdf73ee61989c9cccf41cbd9014,1,RUShDn4eB9bPX9SzaQL2sfrX9b8CQbx5Sg,34.02517494,pubkeyhash,,,
0cfc718432bb5f101dc8f23c54ece80f3d730ba57f5b815d6b3df42a2b312c0d,0,,0.00000000,nulldata,,,
0cfc718432bb5f101dc8f23c54ece80f3d730ba57f5b815d6b3df42a2b312c0d,1,RHNhEvJm8D8jXnNcUVvn9TW7cTxyauLxAz,990.19635000,pubkeyhash,,,
0d09d847037912f6aea6581e20548ddd6fbfe30e18c37592010e30b6d4c59568,0,,0.00000000,nulldata,,,
0d09d847037912f6aea6581e20548ddd6fbfe30e18c37592010e30b6d4c59568,1,RCqtoQS4CrkPp9huNEN7XdoxY8X3RkVSBe,990.98847000,pubkeyhash,,,
0d0cbace902d81a49142add0453da2e3a060c6affd2e0015dcd563eb64633357,0,,0.00000000,nulldata,,,
0d0cbace902d81a49142add0453da2e3a060c6affd2e0015dcd563eb64633357,1,RSP7heyy4z7kozFBmsjRj6GsEggQipKTw7,993.39504000,pubkeyhash,,,
0d0ccd9ff605dfea8bf0b76b9d8202465e1e24ca92ac2a965e9214614c7eea9b,0,,0.00000000,nulldata,,,
0d0ccd9ff605dfea8bf0b76b9d8202465e1e24ca92ac2a965e9214614c7eea9b,1,RCmhHhPp6mpBEPzvUxxWiTPkMyqsDf8gK3,995.16568000,pubkeyhash,,,
0d1fb79b0be08db433bde8d25e7d8a08bf2343f42c7d792b2ad4d61e65ffc04a,0,,0.00000000,nulldata,,,
0d1fb79b0be08db433bde8d25e7d8a08bf2343f42c7d792b2ad4d61e65ffc04a,1,RXWGvVWH5xSvnQtCpGNb3df8B9Et6m2LQc,993.69588000,pubkeyhash,,,
0d39afc5a2b65aa12e17ada7cbd7136158771490162a9a5f439574bfeb79e2aa,0,,0.00000000,nulldata,,,
0d39afc5a2b65aa12e17ada7cbd7136158771490162a9a5f439574bfeb79e2aa,1,RGUACcK14uxpqLkoLM2aGSrf5ykK4mLrh7,991.51563000,pubkeyhash,,,
0d4798197cf75d09a35cec95f2a6bb64ea0be451558ed0e0ec01169941429b8a,0,,0.00000000,nulldata,,,
0d4798197cf75d09a35cec95f2a6bb64ea0be451558ed0e0ec01169941429b8a,1,RGm6YCbtGoMWk3JzM73M8yYxthWA7d2yjf,993.22407000,pubkeyhash,,,
0d548a0972458772ce5b3e552aa8b5628889ad4a248baa1c7f1e8a80315ca5a1,0,RX1r2eyM1UW7y2xHcrTejDfyCUk1yBmz4i,306.22943310,pubkeyhash,,,
0d548a0972458772ce5b3e552aa8b5628889ad4a248baa1c7f1e8a80315ca5a1,1,RDsnyF3mDpwHh9UAECcuAdkGRvhE8oDPCe,34.01499065,pubkeyhash,,,
0d5e78df6a8d66bece0c9f5476aa92411cf2012b1a10d384a61e719a68472c0c,0,,0.00000000,nulldata,,,
0d5e78df6a8d66bece0c9f5476aa92411cf2012b1a10d384a61e719a68472c0c,1,RDHXU8sykAAjtLMW2N7VqrNuaTFxpvwEqM,990.19359000,pubkeyhash,,,
0d88578800039479edcce23ccb0bc346401d8969217038da86e23270d4743001,0,,0.00000000,nulldata,,,
0d88578800039479edcce23ccb0bc346401d8969217038da86e23270d4743001,1,RUxnDbrhV9CdZ8JefQWUyUgt9W2H6Cb8q3,991.80267000,pubkeyhash,,,
0d8900db17b6eac4bc2fb854645e5e730332e930fc310b18ba0ce8002b9efd78,0,,0.00000000,nulldata,,,
0d8900db17b6eac4bc2fb854645e5e730332e930fc310b18ba0ce8002b9efd78,1,RKoAMJQT31Ae2pKuM8ZzAFPdocWrirWR4h,993.04191000,pubkeyhash,,,
0d9c9c4a315d028b09594710d00a49a1a29a1847076062ed096aed3e04484341,0,,0.00000000,nulldata,,,
0d9c9c4a315d028b09594710d00a49a1a29a1847076062ed096aed3e04484341,1,RMhXHSuBgDqhhiyXf3tQSMpt9VUoDZ93aw,994.41868000,pubkeyhash,,,
0db6652c1183bf5f6a5ea4ec559322665f70b14fb67d064d1fcc07a166436f2f,0,,0.00000000,nulldata,,,
0db6652c1183bf5f6a5ea4ec559322665f70b14fb67d064d1fcc07a166436f2f,1,RMJXsUhTgHqCq9pxw74rXCQpcqMRqp1kN7,994.94000000,pubkeyhash,,,
0dc2786856c5b46286825485508918f51fa14898faf5b85dff9c9311f1db615e,0,RDBAnFgGTjeyebJZu9GNA3kJewQmjrAjvy,34.03195883,pubkeyhash,,,
0dc2786856c5b46286825485508918f51fa14898faf5b85dff9c9311f1db615e,1,RX1r2eyM1UW7y2xHcrTejDfyCUk1yBmz4i,306.38056044,pubkeyhash,,,
0dc47d96cd76044b698f93a03e988fa743398e9ffa80353054df69900b47b888,0,,0.00000000,nulldata,,,
0dc47d96cd76044b698f93a03e988fa743398e9ffa80353054df69900b47b888,1,RRKKyy1ZgYs7jG2XSH4CQmK17vKTBi8emr,993.54960000,pubkeyhash,,,
0dcbcf421e3737e9079fb6e449772884988b9f9e4937d8cc0c0e24ad56394f2d,0,,0.00000000,nulldata,,,
0dcbcf421e3737e9079fb6e449772884988b9f9e4937d8cc0c0e24ad56394f2d,1,RGMCyxdU9N8q1q7jTYgpQdhLddk2FFQRuM,990.53307000,pubkeyhash,,,
0debe77473445b769e1bf07dc72eee57df0ccf841ced0bc70cfa734d0564b469,0,,0.00000000,nulldata,,,
0debe77473445b769e1bf07dc72eee57df0ccf841ced0bc70cfa734d0564b469,1,RTkzQQe8K6cHDRCVuKjtq3kFv7PAZyuo6j,989.85411000,pubkeyhash,,,
0e37db23a609c1e156c4640c95b716b4632400da784d9febdf0ed1b61dfae5d4,0,,0.00000000,nulldata,,,
0e37db23a609c1e156c4640c95b716b4632400da784d9febdf0ed1b61dfae5d4,1,RDtnAD4cSdZc2qcfWyjHM6S8vUy5NEv61P,990.49995000,pubkeyhash,,,
0e47543fea475793aaf31a1f1f71663e3b4cc8c64f6c335b9364373b5b9fa391,0,,0.00000000,nulldata,,,
0e47543fea475793aaf31a1f1f71663e3b4cc8c64f6c335b9364373b5b9fa391,1,RMv8YBFcm32jKben75Qg1Jny9DWZSZRPNq,992.67483000,pubkeyhash,,,
0e4bdf5b514daf9d6afa878c0bafd2f5e8f8ae82f6b138704181cfcd38290b00,0,RALnvmb8Y3c7bPzQxaPeAZKMfkwoacKNLV,33.99471404,pubkeyhash,,,
0e4bdf5b514daf9d6afa878c0bafd2f5e8f8ae82f6b138704181cfcd38290b00,1,RX1r2eyM1UW7y2xHcrTejDfyCUk1yBmz4i,306.04464680,pubkeyhash,,,
0e63abcb52e31b1523a553c5e61dc0b288d9e218c95e8c6d0f3d880cef99f46d,0,,0.00000000,nulldata,,,
0e63abcb52e31b1523a553c5e61dc0b288d9e218c95e8c6d0f3d880cef99f46d,1,RQGrCHD5rt1SZzn1dRit4fuQgJHUhseJhV,993.98016000,pubkeyhash,,,
0e702c4b7b47deffb0e01ef1ec42e41fb0059ac56cf96e93b094b5a6467ae952,0,,0.00000000,nulldata,,,
0e702c4b7b47deffb0e01ef1ec42e41fb0059ac56cf96e93b094b5a6467ae952,1,RSpgpzGgK3NqozpTxnNTWnk3hmFkbejMiN,991.90479000,pubkeyhash,,,
0e908f242caef01aaf72f879fa7ae8aaa5b9fa8611c19f67d3308104c53e6ce0,0,,0.00000000,nulldata,,,
0e908f242caef01aaf72f879fa7ae8aaa5b9fa8611c19f67d3308104c53e6ce0,1,RG6WaZKLfduZJcfhbaeqDQJLF4c7xT3u1d,993.59376000,pubkeyhash,,,
0e9e69e7089c11ea532f9d1bc615d945c42bb3cb9a51d9449a624797cfbd6132,0,RUseoYNWeoDhwGA6SNkHQ4XdH78yTup6F5,1124998.00000000,pubkeyhash,,,
0e9e69e7089c11ea532f9d1bc615d945c42bb3cb9a51d9449a624797cfbd6132,1,rNE4txZm3VjNpKUFd23nHyuuCKNmdzem9k,341.04971757,scripthash,,,
0ebe204c12da07d3610485abed9638028fd8e266ddd12ffb677ac6c5e97a2e13,0,RMKd7jAm9y682pLc6QiHSUFTxZReSRKZfe,2.86208027,pubkeyhash,,,
0ec256d1418d949c9bded9ffb4d2a2bd3fa98354e08d7d950d87d05ad207ce4a,0,,0.00000000,nulldata,,,
0ec256d1418d949c9bded9ffb4d2a2bd3fa98354e08d7d950d87d05ad207ce4a,1,RVGAf1YZ2i8cVamhZfBvatRh7sFzidgK3z,990.77871000,pubkeyhash,,,
0ecd805d03ebf851c6a9a42040e4c01ebf1622b5d25c3e7f5a8380b4393b447b,0,,0.00000000,nulldata,,,
0ecd805d03ebf851c6a9a42040e4c01ebf1622b5d25c3e7f5a8380b4393b447b,1,RR83fNuniz4XdcUWz2u6dGFzkm5sLj3HbA,993.65448000,pubkeyhash,,,
0f17259ee3114bd80c9cc4af2a7536cb54e3d5437b05c2357b904e00511703ae,0,,0.00000000,nulldata,,,
0f17259ee3114bd80c9cc4af2a7536cb54e3d5437b05c2357b904e00511703ae,1,RB7LuCVZ9dxfsLfMfQLWB4FNctgL1g9mQD,993.37035000,pubkeyhash,,,
0f41b4a0e6ca649a8a63908a38a9951700de3ffb2969f45932bd8048484da518,0,,0.00000000,nulldata,,,
0f41b4a0e6ca649a8a63908a38a9951700de3ffb2969f45932bd8048484da518,1,RPA7GjWvKdEeMEBqRgP1wpCV4h7HcMFHB3,989.67747000,pubkeyhash,,,
0f648a975c04a0808681d423b5a46195eff06e914355cfa58828aa14cafc6c2a,0,,0.00000000,nulldata,,,
0f648a975c04a0808681d423b5a46195eff06e914355cfa58828aa14cafc6c2a,1,RSXJaLxEt6B2b8QprP3kDoRYLBM3hJb95u,989.06507000,pubkeyhash,,,
0f8750d6d44e043466bf8ebb57b098bd51564a9f7afcf52af3222c8bc507eb97,0,,0.00000000,nulldata,,,
0f8750d6d44e043466bf8ebb57b098bd51564a9f7afcf52af3222c8bc507eb97,1,RWVkDf17YoM22yFtbpJ7LuqGUfVoqPTSyF,990.68211000,pubkeyhash,,,
0f8a66f4bcb2f749038dbdb2a9e25bfa029dd45278378afe7d849d4ce6ef2a41,0,,0.00000000,nulldata,,,
0f8a66f4bcb2f749038dbdb2a9e25bfa029dd45278378afe7d849d4ce6ef2a41,1,RDLhiU4znnUEuHmLcDZUtmeoZMpugedcdA,991.91031000,pubkeyhash,,,
0fa80d003d1735c89833e66582de3a6f0896a68d941f24860e101f8f1d85bd17,0,RD5HzTbGNEDEWoGRwT2KW3Q1TWo5Lmkkqu,272.20983656,pubkeyhash,,,
0fa80d003d1735c89833e66582de3a6f0896a68d941f24860e101f8f1d85bd17,1,RHvY8nbzytTk2RJQhDspkP9hfPsAJFXCE7,26.40685336,pubkeyhash,,,
0fafefde562a45800e13d88b4c8fd063eca608c6768d208bd5890a0835babc8f,0,,0.00000000,nulldata,,,
0fafefde562a45800e13d88b4c8fd063eca608c6768d208bd5890a0835babc8f,1,RC6m9SKRxUZ9t3FjCyv1Whz52VPq6b4nSm,990.70419000,pubkeyhash,,,
0fb63096ae765d2e52d3b4e1edbdd6ecc318c3b4c88dae313346c4dfe791d553,0,,0.00000000,nulldata,,,
0fb63096ae765d2e52d3b4e1edbdd6ecc318c3b4c88dae313346c4dfe791d553,1,RG31tsiTSAL3qMAhi8NzYqH52dKDzB2KK8,992.62791000,pubkeyhash,,,
0fbd2ca191db5af7aa858cd8231d1565050c0071d0457c3953069fb69988d083,0,,0.00000000,nulldata,,,
0fbd2ca191db5af7aa858cd8231d1565050c0071d0457c3953069fb69988d083,1,RSYEzCW7tcSmi9b4PUnaCzQ5VnhtH2tz3N,994.42696000,pubkeyhash,,,
1038a3ec2827c7ca563bf6e46d072141567105c31a4ceac65a3890c53a78354f,0,,0.00000000,nulldata,,,
1038a3ec2827c7ca563bf6e46d072141567105c31a4ceac65a3890c53a78354f,1,RRV8tP7FYC1dCdFGLeDr3UyhVYFJuWrtEV,992.55339000,pubkeyhash,,,
10459980de0523e29a0815ef8e978b7288fc37a2ea2ca3eead063e8b5da7e7b5,0,,0.00000000,nulldata,,,
10459980de0523e29a0815ef8e978b7288fc37a2ea2ca3eead063e8b5da7e7b5,1,RTeztngmasyJYUuEZ7govudf4yEaxZ7QaK,989.29139000,pubkeyhash,,,
1046643821ac9ee8b50c14c7ffec80f45291dd7a8a885c8d2d667fa94621a684,0,,0.00000000,nulldata,,,
1046643821ac9ee8b50c14c7ffec80f45291dd7a8a885c8d2d667fa94621a684,1,RQDiW7c8m2ni2SDGvLjf83Z6Yc9RwZYxWx,989.88723000,pubkeyhash,,,
105d168ecb83474ca7ebd74277096dc91501acc8ad718a128a001ba36ebbbcfb,0,,0.00000000,nulldata,,,
105d168ecb83474ca7ebd74277096dc91501acc8ad718a128a001ba36ebbbcfb,1,RRPDXvgdp8T9Rs1VXtQLe4unfVgX8LvbLv,994.27272000,pubkeyhash,,,
1096f836dee440a2ad1cf5fb5f69f7433641e8b61e3a93cddc5ec9529136dba4,0,,0.00000000,nulldata,,,
1096f836dee440a2ad1cf5fb5f69f7433641e8b61e3a93cddc5ec9529136dba4,1,RRYdSiQhZTzfPp9RVwdzALDvbH2H18Vqhm,992.25531000,pubkeyhash,,,
10c29ab0588cedb1c7b6254c80d6270df51fd0012e8057f9f736f3e62da39058,0,,0.00000000,nulldata,,,
10c29ab0588cedb1c7b6254c80d6270df51fd0012e8057f9f736f3e62da39058,1,RDdpn9EX7MeUamj37aLbu9ivmNQAvcvDwP,989.84031000,pubkeyhash,,,
10e34151508a5b510f0c5d8c2eaf051f2cd133a7e3f440dbd9a7cb7d2153e180,0,,0.00000000,nulldata,,,
10e34151508a5b510f0c5d8c2eaf051f2cd133a7e3f440dbd9a7cb7d2153e180,1,RTxvuUoUBczcUoxPjoeebPBM5nCBjsDDin,989.83479000,pubkeyhash,,,
11057c7eb42f455a79c471f3a0833ca1fa9a418c09d8e595b8caff2f18f3e8c5,0,,0.00000000,nulldata,,,
11057c7eb42f455a79c471f3a0833ca1fa9a418c09d8e595b8caff2f18f3e8c5,1,RJAg1FvLZf1nHMSThCQB21Z9AQ4F8RiLPj,993.92496000,pubkeyhash,,,
110ae8cf2d501e470875f14550ce7773e05cc763264ebd5b1c964a16da4476f6,0,,0.00000000,nulldata,,,
110ae8cf2d501e470875f14550ce7773e05cc763264ebd5b1c964a16da4476f6,1,RFehrVZNj3XEFNbHDwiWdZvz6mVxCWzDvw,989.60327000,pubkeyhash,,,
110e3d9c10a0ecf350657965e4c374f534baa3582f6c0f431058fda9dbf5ffb2,0,RX1r2eyM1UW7y2xHcrTejDfyCUk1yBmz4i,306.03447564,pubkeyhash,,,
110e3d9c10a0ecf350657965e4c374f534baa3582f6c0f431058fda9dbf5ffb2,1,RMdNzP7sRzCtxqDQrdVbgCwVmpnH91XrG8,33.99358406,pubkeyhash,,,
112180a81979c02655550a412f9212cbb9fcac472207bcae915359092b64f0c8,0,,0.00000000,nulldata,,,
112180a81979c02655550a412f9212cbb9fcac472207bcae915359092b64f0c8,1,RLP9nzCjejyGGi9QZ4kb2fMnruqLbDXnpJ,992.32983000,pubkeyhash,,,
1133a6ba7e3ac92fbfdba1ed9c27b182d8a8d743a2432d119bcc85e14c74d649,0,,0.00000000,nulldata,,,
1133a6ba7e3ac92fbfdba1ed9c27b182d8a8d743a2432d119bcc85e14c74d649,1,RV7Tm27uJipn18dysnLsmruQck3BYghHpk,991.96827000,pubkeyhash,,,
113a89630319e6a1dbb84b32f9bdf9e882fafb95147342a5b1640a001ccd1435,0,,0.00000000,nulldata,,,
113a89630319e6a1dbb84b32f9bdf9e882fafb95147342a5b1640a001ccd1435,1,RBoimzrNyJ6gfn4mfU5aR3H9WskeURRfW6,992.55615000,pubkeyhash,,,
114995aa7e3239a769a6e5e269160fa0a4bfac3fca70dc0128c71971442839d9,0,,0.00000000,nulldata,,,
114995aa7e3239a769a6e5e269160fa0a4bfac3fca70dc0128c71971442839d9,1,RUdPPWNWPria3S2g6WbEKAD4WpB9hhsJeu,990.86703000,pubkeyhash,,,
1149fe61b79328c40506b2a0a1324bd2a9ce42bf9b6a51ffd937f34524a79afd,0,,0.00000000,nulldata,,,
1149fe61b79328c40506b2a0a1324bd2a9ce42bf9b6a51ffd937f34524a79afd,1,RHQo2EezDEVo9GAbjQNmnZdDzmK19qX2qM,990.05007000,pubkeyhash,,,
116a4faa3b818823a9fbe2a1186131ea6ead27214228bfac30ef9cd9971f1595,0,,0.00000000,nulldata,,,
116a4faa3b818823a9fbe2a1186131ea6ead27214228bfac30ef9cd9971f1595,1,RDXP6TMwJvZM7FwDK4AKJXT77jCEAuK8QN,992.42919000,pubkeyhash,,,
116b32e084884fe39ed4827c64351ea79c13f8021a60f1d1fe43c7d83f1d3a14,0,,0.00000000,nulldata,,,
116b32e084884fe39ed4827c64351ea79c13f8021a60f1d1fe43c7d83f1d3a14,1,RDsLV8sVMzy2pG5uzJ1JLhCug4gvZgWKUm,989.59223000,pubkeyhash,,,
1171f47be5d8d545ccf106359c9268a23f2b709861401c099f31676824adc4b8,0,,0.00000000,nulldata,,,
1171f47be5d8d545ccf106359c9268a23f2b709861401c099f31676824adc4b8,1,RU82cJ7HVBGbGYtT5DEWf8hSurxtnCwzFL,993.17439000,pubkeyhash,,,
11732ec8b66e73d4aa7ab3e2ce781335f91727a231a3ea54fa2b8b0eeb1426d3,0,,0.00000000,nulldata,,,
11732ec8b66e73d4aa7ab3e2ce781335f91727a231a3ea54fa2b8b0eeb1426d3,1,REyQUkge3Nsg7o9ctdHgcsnvFoX3ptp6UQ,991.25619000,pubkeyhash,,,
117e6914a08eeb2bd300e3e8796d28a3b0d0f30f5f0b3b841e09d4c3252fa8c9,0,,0.00000000,nulldata,,,
117e6914a08eeb2bd300e3e8796d28a3b0d0f30f5f0b3b841e09d4c3252fa8c9,1,RAMKoZrCen8e3RPsAYD6vCrrBxasiumfUy,992.90391000,pubkeyhash,,,
11b5d1bc1aff50ff885a793c9d67f156e283c1b2c8c4e060e5b3b4046d1ec520,0,,0.00000000,nulldata,,,
11b5d1bc1aff50ff885a793c9d67f156e283c1b2c8c4e060e5b3b4046d1ec520,1,RKknwiB1kA5rQCEKNvvrrooPnQQfa6aSJv,994.77440000,pubkeyhash,,,
11d8ee511f3f9fb826658968f2097e68b1568817af7d4550028648cc9a62b960,0,RX1r2eyM1UW7y2xHcrTejDfyCUk1yBmz4i,306.59440195,pubkeyhash,,,
11d8ee511f3f9fb826658968f2097e68b1568817af7d4550028648cc9a62b960,1,RCxvAzyU8XpGPr26mhoDvY3Fic5W78YKFW,34.05571505,pubkeyhash,,,
1209c8c6cfb13cc326fefa9c384e122683f739acc4d47fb05e78aba074c47f79,0,,0.00000000,nulldata,,,
1209c8c6cfb13cc326fefa9c384e122683f739acc4d47fb05e78aba074c47f79,1,R9PFpFKSHjBdmu3patRa1HsfBDEr3CzGHM,993.08055000,pubkeyhash,,,
1225164e7da8707a630b2e94f3731de938eeccc7b51d4fda041c1250cb5ca01c,0,,0.00000000,nulldata,,,
1225164e7da8707a630b2e94f3731de938eeccc7b51d4fda041c1250cb5ca01c,1,RUaazWhTbPvUjADfQYrrqtqhCmR3cSkMRN,989.01539000,pubkeyhash,,,
123724d4d9578a1ec50afa8056d1d43afa9946bbc3cef1b67f04b5c86226a92d,0,,0.00000000,nulldata,,,
123724d4d9578a1ec50afa8056d1d43afa9946bbc3cef1b67f04b5c86226a92d,1,RR2frXGwCv9QXbXfM9EZ7BbSZTqQwFdfuy,990.84219000,pubkeyhash,,,
1253d4fc0d1cbc383730e382e0cc9e8c46778f16c83f2139268cc520f5b2806a,0,RX1r2eyM1UW7y2xHcrTejDfyCUk1yBmz4i,306.21795368,pubkeyhash,,,
1253d4fc0d1cbc383730e382e0cc9e8c46778f16c83f2139268cc520f5b2806a,1,RGauwrACBZb1ysLKYqHdi4bWtjYVz78d49,34.01330295,pubkeyhash,,,
126577aa8bb137437e353d9d4f2db5519466b065022913abb1dd57742dfaf1b9,0,RUzAMwr6ZWRPsGXhwxZfqWhEssYd7NBoNn,155.01082534,pubkeyhash,,,
126577aa8bb137437e353d9d4f2db5519466b065022913abb1dd57742dfaf1b9,1,RHvY8nbzytTk2RJQhDspkP9hfPsAJFXCE7,36.01706632,pubkeyhash,,,
126eb6ce46cf5c96568768410f14c589a4bf6863f37481fd5e31c3692774e7c8,0,,0.00000000,nulldata,,,
126eb6ce46cf5c96568768410f14c589a4bf6863f37481fd5e31c3692774e7c8,1,RAWQedomqLDZrCC1X94EUi4hwhe3A93TqL,989.38247000,pubkeyhash,,,
127499a20d7d4224a060f5636f7dcccdf10dff865477665e6449329703400317,0,,0.00000000,nulldata,,,
127499a20d7d4224a060f5636f7dcccdf10dff865477665e6449329703400317,1,RWm2oa8b5MwTwHHx63mGK1i2CEE9JDgdqU,991.05195000,pubkeyhash,,,
1275081d39d7733281e1e897a62057c30e3d501eae27614c751bd727ac6d0d3e,0,,0.00000000,nulldata,,,
1275081d39d7733281e1e897a62057c30e3d501eae27614c751bd727ac6d0d3e,1,RDAGcDtEy5DGqc7Nq5HZ9QQkbGaYi7YXf8,990.14115000,pubkeyhash,,,
1283218a1edce7e3a0a751ae8569f61d3d40739df91eb193c909b26f0bf20bef,0,,0.00000000,nulldata,,,
1283218a1edce7e3a0a751ae8569f61d3d40739df91eb193c909b26f0bf20bef,1,RVGUnTjgFeuizd46NjhBoiMVjLLKy4GWo1,991.68951000,pubkeyhash,,,
129353654283c325699566ac6752e4e6903420b62a941c445e61dbf46f55eddf,0,,0.00000000,nulldata,,,
129353654283c325699566ac6752e4e6903420b62a941c445e61dbf46f55eddf,1,RHrR8tZefud2Ehf9Mt764eW9LNeck5v26W,993.40332000,pubkeyhash,,,
12caaf23e884e19b81a9fc8cee14852457449a375c4cc0369a5713ea25b44b8f,0,,0.00000000,nulldata,,,
12caaf23e884e19b81a9fc8cee14852457449a375c4cc0369a5713ea25b44b8f,1,RLpYghEFZaPxDcBLXSWcNXyc8PiojtVcWB,995.40304000,pubkeyhash,,,
12eb129fb592aced07fa8de2f5c646df00531c20d7df8ac118ce62b5bb73169a,0,RQxkxgkVEQpEBnw9VofH6iLDqhBgmFEF8B,1240006.90000000,pubkeyhash,,,
12eb129fb592aced07fa8de2f5c646df00531c20d7df8ac118ce62b5bb73169a,1,RC98jtdUEvRKg5WC2p17uKHX2zz7EHseyr,1240001.09439000,pubkeyhash,,,
1325807a9575d359a454dda12fe160de8e32d3d93bd249126b34e0ad69208820,0,,0.00000000,nulldata,,,
1325807a9575d359a454dda12fe160de8e32d3d93bd249126b34e0ad69208820,1,RL5JsYFYe9fiKid9uFiFJJN2cR8Tibrtth,990.90291000,pubkeyhash,,,
1330399344f35d0578c43349bb19ffb44e61ecd5119474cee4d3435edc7dcf8a,0,,0.00000000,nulldata,,,
1330399344f35d0578c43349bb19ffb44e61ecd5119474cee4d3435edc7dcf8a,1,RBYveihBM8iPe7DHu7W8oSZU1fr9AP7R93,995.33128000,pubkeyhash,,,
1330db4f6b9093f88174ff3a0bc36c4692d3cb251dbb885a44af202f5c6cdec4,0,,0.00000000,nulldata,,,
1330db4f6b9093f88174ff3a0bc36c4692d3cb251dbb885a44af202f5c6cdec4,1,RAjjFcPEECFNiRofSX62HPrGNcLzaCAnTT,989.82375000,pubkeyhash,,,
1371d3d9151ee81344eebbbe1dc185e248d3e766093570cdbcde6a0522245aa4,0,,0.00000000,nulldata,,,
1371d3d9151ee81344eebbbe1dc185e248d3e766093570cdbcde6a0522245aa4,1,RDhFimp9CJ3CyaiikYDHUuWqSu2Ct1juZV,993.91668000,pubkeyhash,,,
137239b06e800f6e63f1b81de2a8cb97b041ebed0d83755fbb932040312ec207,0,,0.00000000,nulldata,,,
137239b06e800f6e63f1b81de2a8cb97b041ebed0d83755fbb932040312ec207,1,RSRu8KyP9eQW85Nh5oaozUu562bwnfXCmG,994.10988000,pubkeyhash,,,
137960b7180908a79bbd28fac06ed2173b1e95a01b60f2ce06a718b28c93683c,0,,0.00000000,nulldata,,,
137960b7180908a79bbd28fac06ed2173b1e95a01b60f2ce06a718b28c93683c,1,RF48jxa5midzby8JfGW3m1m9cwTLJRcZqS,989.98107000,pubkeyhash,,,
1384cf545f37cceb50258e98e38dd87873c89ad40b9bf0e8cfe082e33864bb81,0,,0.00000000,nulldata,,,
1384cf545f37cceb50258e98e38dd87873c89ad40b9bf0e8cfe082e33864bb81,1,RDTtjhuxMo1BgZJdp45S4hftDqAwPe53Ry,991.71987000,pubkeyhash,,,
13c12bff59d12a6ef31e267a4609376845e7252f6ae89771e2a14b9d571258fa,0,,0.00000000,nulldata,,,
13c12bff59d12a6ef31e267a4609376845e7252f6ae89771e2a14b9d571258fa,1,RPBogZHNgDzDS1rEvU1jYdnMAhDSchoxbm,992.32155000,pubkeyhash,,,
13c7daaf41fcfa28289a1b094f7cce0944d1b6a9cc70cbefbb1918b8e90a9c2b,0,,0.00000000,nulldata,,,
13c7daaf41fcfa28289a1b094f7cce0944d1b6a9cc70cbefbb1918b8e90a9c2b,1,RTtuAtSgQhRaxthKmF3Lhhj5DGD5Mxijud,990.36471000,pubkeyhash,,,
13d5405cfb501119f8b55f3523aa65f7c9e08349ead3f21e50cb1479b165fe1d,0,,0.00000000,nulldata,,,
13d5405cfb501119f8b55f3523aa65f7c9e08349ead3f21e50cb1479b165fe1d,1,RVbKjjzzEJbugPNA9DsgfsRmaZ8V6jroUC,993.15507000,pubkeyhash,,,
13dc229fe2a14c8dab94f3925ac7dff843c6772b383a285523f60569e0737279,0,,0.00000000,nulldata,,,
13dc229fe2a14c8dab94f3925ac7dff843c6772b383a285523f60569e0737279,1,RBVdWCDehgy4Cpj84psTX9CGCoetMw88UX,989.63363000,pubkeyhash,,,
14050e525c6ab387110673234d6293e2f26828118b9713a650d4122dac4336e7,0,,0.00000000,nulldata,,,
14050e525c6ab387110673234d6293e2f26828118b9713a650d4122dac4336e7,1,RB9tPDogr6SdcoDVCiaUUMQ4e7m1haPVsv,995.22364000,pubkeyhash,,,
14239b9932f012f9cd5fd382c1eb3350cb98596d7d283470ab0eb6522653ca3a,0,,0.00000000,nulldata,,,
14239b9932f012f9cd5fd382c1eb3350cb98596d7d283470ab0eb6522653ca3a,1,RCewv5CFiC55v1aD3MYBy397kBB4myPo2o,994.55360000,pubkeyhash,,,
1424cedb28a604709f09cbc7f41c674a77081a3c2a84d65437316f9b858177d8,0,,0.00000000,nulldata,,,
1424cedb28a604709f09cbc7f41c674a77081a3c2a84d65437316f9b858177d8,1,RDgM9VQi45PNUNEzFgzKByfnVcDxFJzvys,990.17703000,pubkeyhash,,,
1439a5b7b93a325bbe821078d62f71638825f918d02ac2a5675b430050dd8670,0,,0.00000000,nulldata,,,
1439a5b7b93a325bbe821078d62f71638825f918d02ac2a5675b430050dd8670,1,RWxMJYrTXXUU1MeqsbuheDUK9XykzuTa2r,992.74107000,pubkeyhash,,,
145fcb3328bfa78a2713f5e574a479748b70952ab4cc33f41fc41713e16cdfbc,0,RAntzHZP9dhvUrbTBoLWYMdkDmBjjEHL6p,434.94058816,pubkeyhash,,,
145fcb3328bfa78a2713f5e574a479748b70952ab4cc33f41fc41713e16cdfbc,1,RVdRNm4tifPBRWv1QF26HDUdwuDmV5gmnV,49.18004707,pubkeyhash,,,
145fcb3328bfa78a2713f5e574a479748b70952ab4cc33f41fc41713e16cdfbc,2,RHvY8nbzytTk2RJQhDspkP9hfPsAJFXCE7,26.15020775,pubkeyhash,,,
14678950298fb840bacb8e2e4966ab3b69906f8a340362f457fb0285258ae4cc,0,,0.00000000,nulldata,,,
14678950298fb840bacb8e2e4966ab3b69906f8a340362f457fb0285258ae4cc,1,RFcQ76fo6M8bHfCbFeWpTPgeDJj5hBZ1US,991.46043000,pubkeyhash,,,
1476a3ad027bd91e723ece1da2d7d934260b453ac2bc25cab8ea5c38599a7dc9,0,,0.00000000,nulldata,,,
1476a3ad027bd91e723ece1da2d7d934260b453ac2bc25cab8ea5c38599a7dc9,1,RKTsvHLhXq2wrdG6xnyjBbbLxthcx4miSj,991.78611000,pubkeyhash,,,
14a2ca46b9fa1fd5d284f36fc769099be86b2ab3b6b901cf283632d11083e279,0,,0.00000000,nulldata,,,
14a2ca46b9fa1fd5d284f36fc769099be86b2ab3b6b901cf283632d11083e279,1,RYcWFXLQ6R6konAnLHkGfs18xho2DDFTd5,992.47335000,pubkeyhash,,,
14a46d793484f85ad962afe231351a421204b9645eca135c51e4c6a493d6da83,0,,0.00000000,nulldata,,,
14a46d793484f85ad962afe231351a421204b9645eca135c51e4c6a493d6da83,1,RViAk93XAdq3rEDNQmoyWQE3NXwG4yiGWM,991.57359000,pubkeyhash,,,
14ac3f7478eca1ddcbb0a69d81d09226337add52be8cb6fbcf6ed0d76a4c317e,0,,0.00000000,nulldata,,,
14ac3f7478eca1ddcbb0a69d81d09226337add52be8cb6fbcf6ed0d76a4c317e,1,RUHuPvXBjQ4RSZUsk3tT9RdD3KDdu7mBwy,989.95623000,pubkeyhash,,,
14bbb8fc0dd865a90be430175dd92e63dbaed936cc5eebab3a9f92961dc8e38a,0,,0.00000000,nulldata,,,
14bbb8fc0dd865a90be430175dd92e63dbaed936cc5eebab3a9f92961dc8e38a,1,REgecggXicVBnLTmpUYA39zMtH43QWtvi2,994.00776000,pubkeyhash,,,
150f504da25398c545f604fbdd7fd976d440210d1d046b4dc7e3de45a93b3184,0,,0.00000000,nulldata,,,
150f504da25398c545f604fbdd7fd976d440210d1d046b4dc7e3de45a93b3184,1,RFgC7e596qWXqBTyoJfoDhp9swaprci5ty,993.41988000,pubkeyhash,,,
1516665d6b23b35bfc2ba713b03f4cf115c97badf8db771890a8d5e99b37c27b,0,,0.00000000,nulldata,,,
1516665d6b23b35bfc2ba713b03f4cf115c97badf8db771890a8d5e99b37c27b,1,RYbFFPnAkewXX1qGbG99J7T8kLaZ979tBS,989.96451000,pubkeyhash,,,
1533d3cf4876cdda93271b8c965b209d903d65a974a7e7a32a3dc2da258596e0,0,,0.00000000,nulldata,,,
1533d3cf4876cdda93271b8c965b209d903d65a974a7e7a32a3dc2da258596e0,1,RLFMPPpk1SfveAnBUQpe7858BbRS4irP7E,992.45127000,pubkeyhash,,,
154703265e370fbe637702e760337213a4711491649775b7d5006737a46a922b,0,RBL2osNqz9GLCVwheEvB8iwBArWyPNyeYn,878.86985384,pubkeyhash,,,
154703265e370fbe637702e760337213a4711491649775b7d5006737a46a922b,1,RT7qSY9XgX5FLnTGZzKykhKGApXFvDfANH,18.76348283,pubkeyhash,,,
157e630a899f86509909bd46ea4281a645935d759c40c1b2c8a14102084d0d00,0,,0.00000000,nulldata,,,
157e630a899f86509909bd46ea4281a645935d759c40c1b2c8a14102084d0d00,1,RWZKWuANuEwVTvBfwwN3UVpD7RmfNFw51o,991.63983000,pubkeyhash,,,
15b55da6a13a8bb91a6f27fca6153300bfd070be194b903750c92629c62b226a,0,,0.00000000,nulldata,,,
15b55da6a13a8bb91a6f27fca6153300bfd070be194b903750c92629c62b226a,1,RVZ2DTcjWGDCEyiFhr1dDL2bE11XCfByJN,994.18716000,pubkeyhash,,,
15c5bd97023aaa65da030a9877fd8840e9a940a389bf9f52ede20a7ddf10a28d,0,,0.00000000,nulldata,,,
15c5bd97023aaa65da030a9877fd8840e9a940a389bf9f52ede20a7ddf10a28d,1,RUvnBxnvKX8xP9C5C2UzSekzUhKiggorKi,990.19911000,pubkeyhash,,,
15cf30a9371324268c65b637e28d85cf83452744309198cbe178b280d634adbe,0,,0.00000000,nulldata,,,
15cf30a9371324268c65b637e28d85cf83452744309198cbe178b280d634adbe,1,RKf3A7E82tTqJboJHGsriUyYSxvkFU8QjL,992.48439000,pubkeyhash,,,
15cfe1e3c9a75555ee8f6cc9c1965c0c48580d655eef4c0f1e726502e600fb16,0,,0.00000000,nulldata,,,
15cfe1e3c9a75555ee8f6cc9c1965c0c48580d655eef4c0f1e726502e600fb16,1,RKDG61F3uVhSoxFRQTCEHjJBG74SF1YnHT,989.14235000,pubkeyhash,,,
15eefaa37192a12539c1f81c47cdefaa89b971ced50e876369b24d5547d07c17,0,,0.00000000,nulldata,,,
15eefaa37192a12539c1f81c47cdefaa89b971ced50e876369b24d5547d07c17,1,RGVmQtiRej1nWbqD27g4eR8uQtu1aAVTc5,993.58272000,pubkeyhash,,,
160602b389b40fa38ead9dfad1bb0e24a60f9eaf7ffca740aca73916883528e9,0,,0.00000000,nulldata,,,
160602b389b40fa38ead9dfad1bb0e24a60f9eaf7ffca740aca73916883528e9,1,RXDzKHfbsiVyb4yqZHtJih2pCZrVbskDkv,990.12183000,pubkeyhash,,,
1608f1a88ae363aac0697a8e0fea4027a773d223469267beeb21aeded6ed7941,0,RX1r2eyM1UW7y2xHcrTejDfyCUk1yBmz4i,306.09538763,pubkeyhash,,,
1608f1a88ae363aac0697a8e0fea4027a773d223469267beeb21aeded6ed7941,1,RU1CZ37TAztdEvQhaT835ECjfadg9p9GZd,34.00037659,pubkeyhash,,,
1635287f7ae4644d28c8cd69256ae8f428fee8df6707f5a0ce29906ca864f0ca,0,,0.00000000,nulldata,,,
1635287f7ae4644d28c8cd69256ae8f428fee8df6707f5a0ce29906ca864f0ca,1,RTKLFYLws4gJhQ5TsL26e5WqrQnoFnePtw,988.94639000,pubkeyhash,,,
1642df131a8dc4e7d66c76d6a2e3e65c7602db20d73c740f46bd32f7dbbf8364,0,,0.00000000,nulldata,,,
1642df131a8dc4e7d66c76d6a2e3e65c7602db20d73c740f46bd32f7dbbf8364,1,RWDDVZa7ZG9QFDSxULsQHhVVco8vAKLX3c,991.73091000,pubkeyhash,,,
164d32fb1a6fdfc77e924a0b2d81937f56cc672379d7ce6255f4bbd4e90d0e6c,0,,0.00000000,nulldata,,,
164d32fb1a6fdfc77e924a0b2d81937f56cc672379d7ce6255f4bbd4e90d0e6c,1,RCuojaM5poPPC17WVZCuucgmJsvFBLWRne,989.32175000,pubkeyhash,,,
16507a5b8f10a3db7f57bc6944eb1bb2f3b50c982921d960f865cbe2230610a5,0,,0.00000000,nulldata,,,
16507a5b8f10a3db7f57bc6944eb1bb2f3b50c982921d960f865cbe2230610a5,1,RX8AJUka3fAqi3z5nXSv3kLtHiKi6RCnCt,992.39883000,pubkeyhash,,,
1666f42d5f4801ef77e280f0e92dd23523dd1b1ef0fb7348f402f69e2586049e,0,,0.00000000,nulldata,,,
1666f42d5f4801ef77e280f0e92dd23523dd1b1ef0fb7348f402f69e2586049e,1,RYLHHCH9CjrvCkJbGYSdL8uUuQff3qeh1S,994.72472000,pubkeyhash,,,
167345a109a947241b624367910a1ce1b9facbc5d095f05d4fc406126152abae,0,,0.00000000,nulldata,,,
167345a109a947241b624367910a1ce1b9facbc5d095f05d4fc406126152abae,1,RFoJ67E3SeQx5o83dU1SMtAqU3A7kPtVt2,993.97188000,pubkeyhash,,,
167afe1c24a9e8fc963cc08a1777dadd3da80bcab1b4650300086b48e94c1eb7,0,,0.00000000,nulldata,,,
167afe1c24a9e8fc963cc08a1777dadd3da80bcab1b4650300086b48e94c1eb7,1,RGe5Ud33L34meV6Tvn8gXTuhYK2QveYDmr,991.38867000,pubkeyhash,,,
1687e128339a5fae6abee92ca14ce1fb6b37cfd8689d92ecae87ba4f844a6ddc,0,,0.00000000,nulldata,,,
1687e128339a5fae6abee92ca14ce1fb6b37cfd8689d92ecae87ba4f844a6ddc,1,RHoYuASQguMJAnA7WATtufDtsmjx2X13iW,992.26083000,pubkeyhash,,,
16978367deb6615bd7cfa9d019c1679e0ff8331e3f1f33703f75c602d4125054,0,,0.00000000,nulldata,,,
16978367deb6615bd7cfa9d019c1679e0ff8331e3f1f33703f75c602d4125054,1,R9bQpWLaUDbSs6j3K7f5sRFzvoTwRtxGDy,991.06851000,pubkeyhash,,,
16ac97f58fe12abaa80a4b72de94e8c4a209b2f2d929fc76632c91f02c4bfc72,0,,0.00000000,nulldata,,,
16ac97f58fe12abaa80a4b72de94e8c4a209b2f2d929fc76632c91f02c4bfc72,1,RJ4ynXWSQ15hFXpwxrGai1ZBmpEYBf4VBn,989.20583000,pubkeyhash,,,
16cb2855cdf5f4b50404d62090dbc9c1c63a96e1bf6e16bb4f072a69043c9a58,0,,0.00000000,nulldata,,,
16cb2855cdf5f4b50404d62090dbc9c1c63a96e1bf6e16bb4f072a69043c9a58,1,RBWDCVsqzRqJmVqvZTLi41XYFMH8Wd2RUR,990.81459000,pubkeyhash,,,
16e66ac60a97f15d22cb51b0740c478d7a4218cdf97501dd60de71f866e7b3c7,0,,0.00000000,nulldata,,,
16e66ac60a97f15d22cb51b0740c478d7a4218cdf97501dd60de71f866e7b3c7,1,RJMTW55cv5vhv4rbVeedTkLYe6CVaujxq9,994.55636000,pubkeyhash,,,
1701540fd6938d882b0bef75666adb40551a157e3a5b15aac3a3c92987e5ae33,0,,0.00000000,nulldata,,,
1701540fd6938d882b0bef75666adb40551a157e3a5b15aac3a3c92987e5ae33,1,RKLtmwRWUrs5BpviM2MWSFbUCP2hy3xQm4,988.92983000,pubkeyhash,,,
1705a8002e71440d4ae10fe09c9e6ed283c2e798bf36d34a9fe71abd9c206fc1,0,,0.00000000,nulldata,,,
1705a8002e71440d4ae10fe09c9e6ed283c2e798bf36d34a9fe71abd9c206fc1,1,RMCgfb3G9eS7zNj6tEfjf95YpVyxR9e1HJ,990.22671000,pubkeyhash,,,
1720c093e03cebd86139eb236af7593cce02e65eca73374bf9b864fd5b1529cc,0,,0.00000000,nulldata,,,
1720c093e03cebd86139eb236af7593cce02e65eca73374bf9b864fd5b1529cc,1,RJU3anFCKf2xVE7EXGdcxmPx7qCay38cKJ,992.84319000,pubkeyhash,,,
172fb6c3156b5e5ea3c436bb6075eec751d1c12546f17fb2ae18e66cfd7902de,0,,0.00000000,nulldata,,,
172fb6c3156b5e5ea3c436bb6075eec751d1c12546f17fb2ae18e66cfd7902de,1,RVe1Z6w1ZCUeLMCyDozQvJUMW7vgP3CzMo,989.39627000,pubkeyhash,,,
1766d098b1b9ef510d07be1ce1235bf57ff1693b8158a648ad58c46e03ac8bb6,0,,0.00000000,nulldata,,,
1766d098b1b9ef510d07be1ce1235bf57ff1693b8158a648ad58c46e03ac8bb6,1,RWtPCksuPVKFmKDeawUfqKoks9U2XsihnW,994.76888000,pubkeyhash,,,
176ca568687ac4bc02b0bfde1ec580d84d03fd0a19ede319145b466ba1e8a944,0,,0.00000000,nulldata,,,
176ca568687ac4bc02b0bfde1ec580d84d03fd0a19ede319145b466ba1e8a944,1,RY5GE1w5WPEEVmggzymrwetNeVsKMGRA1F,993.56340000,pubkeyhash,,,
179509e16803c8939a5a07106102a904f06ffb8b9c5dea8d69b8d98d647fdb56,0,,0.00000000,nulldata,,,
179509e16803c8939a5a07106102a904f06ffb8b9c5dea8d69b8d98d647fdb56,1,RD4cm8QHPw5UACih1c3jiDnCVfuAuanfnq,991.35003000,pubkeyhash,,,
17a22922a42c8999352eb3c5fbd087d4c6757f1b0e9d414f42d9132b47be9533,0,,0.00000000,nulldata,,,
17a22922a42c8999352eb3c5fbd087d4c6757f1b0e9d414f42d9132b47be9533,1,RTq1facBYkbQMtX5aBLEpMYUUQWuG72oEn,989.42663000,pubkeyhash,,,
17a6e92cd48bb9106dfa7a108b29a0a32796ae5dbe92e288f46aa749b760b3a1,0,RX1r2eyM1UW7y2xHcrTejDfyCUk1yBmz4i,306.57062989,pubkeyhash,,,
17a6e92cd48bb9106dfa7a108b29a0a32796ae5dbe92e288f46aa749b760b3a1,1,RUJYncRrWXfs7YWEuYuo5cvL7a57Xcr3Gm,34.05307443,pubkeyhash,,,
17c87c15a173740263a8b62e42caf80760e0e502a6b8ae24d512606d29b97974,0,,0.00000000,nulldata,,,
17c87c15a173740263a8b62e42caf80760e0e502a6b8ae24d512606d29b97974,1,RXstQoUJxRLLeK4FApmXn1FXjM7VCzadAX,992.03451000,pubkeyhash,,,
17ca9b6048138c370de95d34bd0d30a974de6f16ab57a8ba82ecd327327a2c26,0,,0.00000000,nulldata,,,
17ca9b6048138c370de95d34bd0d30a974de6f16ab57a8ba82ecd327327a2c26,1,RF4ZyS5zQpFcnEsppkKJZHEqWVpos4xoHB,994.02432000,pubkeyhash,,,
17cab17534edd0222ac87d318e86587fc84548e5e618e68be84a4c7ca85d8a69,0,RGoKJBsU4kF1H4a1eivLnimJizPPyjfE2R,107.92628389,pubkeyhash,,,
17cab17534edd0222ac87d318e86587fc84548e5e618e68be84a4c7ca85d8a69,1,RHvY8nbzytTk2RJQhDspkP9hfPsAJFXCE7,26.90313182,pubkeyhash,,,
17e8f27be1f6921909ee621470bfe4fe6221fe3c190e6398497a40e5228056d1,0,RX1r2eyM1UW7y2xHcrTejDfyCUk1yBmz4i,306.50951532,pubkeyhash,,,
17e8f27be1f6921909ee621470bfe4fe6221fe3c190e6398497a40e5228056d1,1,RBuL2xkm6sGdzrzw3eq3Ro7qS1wTLgDjJV,34.04628479,pubkeyhash,,,
183c200a425ab63417a5ce5ecefde87b8c1d4d418c0372b59358099546aae5a6,0,,0.00000000,nulldata,,,
183c200a425ab63417a5ce5ecefde87b8c1d4d418c0372b59358099546aae5a6,1,RMHSdrCJxhHbfxGiBQPbjDqZ2U9sXnKJf3,991.77783000,pubkeyhash,,,
186118783c092e146fe563bbbeaa648783736ecb0eb16758e5bb17890c6bec1e,0,,0.00000000,nulldata,,,
186118783c092e146fe563bbbeaa648783736ecb0eb16758e5bb17890c6bec1e,1,RAaVAjVPNYTwY2qh8Vkh7LKrRe4i6U9eWM,989.29967000,pubkeyhash,,,
1867cf790d4c0b47bb33db98c7d1b5f291501d8a2843a7e1bb14dfd95549dd05,0,,0.00000000,nulldata,,,
1867cf790d4c0b47bb33db98c7d1b5f291501d8a2843a7e1bb14dfd95549dd05,1,RHyY8ifAKeCR8Ew7YCSzxtAYoJWV6UVeT1,992.17803000,pubkeyhash,,,
1882c7a743402fd4818f4efc8655048992db71763329d6e64183b35bd1cf6db9,0,,0.00000000,nulldata,,,
1882c7a743402fd4818f4efc8655048992db71763329d6e64183b35bd1cf6db9,1,RBusg2t3VUNbM83zjA3QiZfrJfCJ5xu6Uc,991.70331000,pubkeyhash,,,
1885b561f3f8a269336ee386bc198354561a0ac06d93e967fa2d0335a98737b6,0,,0.00000000,nulldata,,,
1885b561f3f8a269336ee386bc198354561a0ac06d93e967fa2d0335a98737b6,1,RVtiy3SAoSJftJcJYes7ymxXLfzvFjEYMi,991.43835000,pubkeyhash,,,
1889dd523e74a6a1c0ef5fcc1eb6f1e123276eaaeddf8fbff6d888d925314ad6,0,,0.00000000,nulldata,,,
1889dd523e74a6a1c0ef5fcc1eb6f1e123276eaaeddf8fbff6d888d925314ad6,1,RDo6YHdHUF4CNCSdWzG88nixu1tgReiE83,992.82663000,pubkeyhash,,,
18994fe75b4df308f86af01dd4985c5751972906f70b39a7eae4d072d7aa0ddf,0,,0.00000000,nulldata,,,
18994fe75b4df308f86af01dd4985c5751972906f70b39a7eae4d072d7aa0ddf,1,RJCvqhg9zmqZiarjvnAALnUUBdZJZSxXgy,995.23468000,pubkeyhash,,,
189d9045edf0b261a887f1172721472bfc690fb5a8aa08d67c1c4b4cef935e98,0,RR5kT57epYoQX93JUHPoAvo1vgKCs3jMrt,0.00893898,pubkeyhash,,,
189d9045edf0b261a887f1172721472bfc690fb5a8aa08d67c1c4b4cef935e98,1,RX1r2eyM1UW7y2xHcrTejDfyCUk1yBmz4i,306.07873075,pubkeyhash,,,
19029a09b7037af39f85209461778dac945d75bdc74c3c43080158ef99d11c39,0,RX1r2eyM1UW7y2xHcrTejDfyCUk1yBmz4i,306.19035139,pubkeyhash,,,
19029a09b7037af39f85209461778dac945d75bdc74c3c43080158ef99d11c39,1,RMrQLxhpGW3JAaCuMC1D15JmKnuroh9eLk,0.00720781,pubkeyhash,,,
192674a434519e8dbdceb864610aea3d501f2b9bc008b745c850471176c1d5a5,0,,0.00000000,nulldata,,,
192674a434519e8dbdceb864610aea3d501f2b9bc008b745c850471176c1d5a5,1,RWZoq4qBwvwwWuYkm7WmRC6XFp6XFyyVgu,990.88635000,pubkeyhash,,,
192fe2aa84388c47f6ca4c22e2974cc501f2547bf8dda72b1e718bfab52f5eb2,0,,0.00000000,nulldata,,,
192fe2aa84388c47f6ca4c22e2974cc501f2547bf8dda72b1e718bfab52f5eb2,1,RTDHTV32uwfrt3AivT52K6vAEwegmKetGv,992.57823000,pubkeyhash,,,
19361d83fa98ea418f27302886db8d6f4183604b87bd09bac49e942ef5a924bf,0,,0.00000000,nulldata,,,
19361d83fa98ea418f27302886db8d6f4183604b87bd09bac49e942ef5a924bf,1,RRp7hTJpvnZubZakhJMyA3c2x8S5K9vdNG,991.61223000,pubkeyhash,,,
193a1406846c344a969204883712ac6e5e8b73100ede0b1f130526789f093a5c,0,,0.00000000,nulldata,,,
193a1406846c344a969204883712ac6e5e8b73100ede0b1f130526789f093a5c,1,RQ7mdW1QTMnL2wzJkArNNgpPa7GZPmxoSF,991.03539000,pubkeyhash,,,
1958a43fde61aef1d47c66815ef4df5fc6c5a06d70275e9014cf79efd743457c,0,RHw9PM4paPyFfJLaEZUJimi3znh3Ly9Jcv,219.06510791,pubkeyhash,,,
1958a43fde61aef1d47c66815ef4df5fc6c5a06d70275e9014cf79efd743457c,1,RBvyMacehrHRZGYmN9eFLgg2jABYN5jX7T,200.03426596,pubkeyhash,,,
1958a43fde61aef1d47c66815ef4df5fc6c5a06d70275e9014cf79efd743457c,2,RTid8XQJnCQeqbg8GXLyfpgvbQazEzV188,75.29196279,pubkeyhash,,,
1958a43fde61aef1d47c66815ef4df5fc6c5a06d70275e9014cf79efd743457c,3,RKvF18oHToQBMKfAe6o5hHHtDo2iVeznMe,16703.40418832,pubkeyhash,,,
195b72036c373406001e75f68840d988dcb59b2b9eed84e9f7bf3249e598773a,0,,0.00000000,nulldata,,,
195b72036c373406001e75f68840d988dcb59b2b9eed84e9f7bf3249e598773a,1,RAvLqjg84HLb3uKLbv4pyynLHxwTor8woa,992.29671000,pubkeyhash,,,
19815694d5bbfcd46509b47657ae07d184eea1a4145d3999920c4b3683c63c6c,0,,0.00000000,nulldata,,,
19815694d5bbfcd46509b47657ae07d184eea1a4145d3999920c4b3683c63c6c,1,RBzGrac1cPggjj4bP1ciUFH8A3j74kQPMz,993.45852000,pubkeyhash,,,
19a413effe7ca784d8259ec788d25dadd1b66d8dc89c8fcc26b7f28a0bf282a3,0,,0.00000000,nulldata,,,
19a413effe7ca784d8259ec788d25dadd1b66d8dc89c8fcc26b7f28a0bf282a3,1,RYCUuDcLHDXAzdUehm259ToSsRAYQTbp6N,989.07887000,pubkeyhash,,,
19abd9d0c6557145d55747e4d754573aed86feed950d7244345b6551ef69ea05,0,,0.00000000,nulldata,,,
19abd9d0c6557145d55747e4d754573aed86feed950d7244345b6551ef69ea05,1,RAbnLmfFYezoVCSc6ChrcNwQhYf8NJXGb4,992.58375000,pubkeyhash,,,
19dd7f09d440f7161b87139a52c4c88aa2a31ee0222f8b9d0577c6db46c79078,0,,0.00000000,nulldata,,,
19dd7f09d440f7161b87139a52c4c88aa2a31ee0222f8b9d0577c6db46c79078,1,RGsJw1RfXmiCoxCAhCYm9QAmBVevttVCcb,990.84771000,pubkeyhash,,,
1a1ce7beb2a2aa14e8081117ac4636a39b98784b8c9351ea07cadc1820585a4a,0,,0.00000000,nulldata,,,
1a1ce7beb2a2aa14e8081117ac4636a39b98784b8c9351ea07cadc1820585a4a,1,RF28Eid5jwimPWM6C6EpcCQhM8q2XLJedU,992.11731000,pubkeyhash,,,
1a2d7c055eb3f2524311dab827ad7894b7d91a9938832f02f3326b93f61a2d2d,0,,0.00000000,nulldata,,,
1a2d7c055eb3f2524311dab827ad7894b7d91a9938832f02f3326b93f61a2d2d,1,RLXdDqyqJ9ZoUvnjQPp3LqJiEJvkDR53ZX,990.01695000,pubkeyhash,,,
1a3517d3826165f449aedcc3f3ca1d6456b9f658f6e0e40a1cd5ae1f0390b2e4,0,,0.00000000,nulldata,,,
1a3517d3826165f449aedcc3f3ca1d6456b9f658f6e0e40a1cd5ae1f0390b2e4,1,RKJ7jGzM5VjZLqrAyUe4tFMENpM8g47DFX,989.74095000,pubkeyhash,,,
1ab90ccfe240477cbee2c960e8196b6d0597b5d6adc85c07c153c6eb0370ac8d,0,rBnoEsX8HSTADS2Lmt8K3uJNsqx1fRsBLw,0.90333067,scripthash,,,
1ab90ccfe240477cbee2c960e8196b6d0597b5d6adc85c07c153c6eb0370ac8d,1,,0.00000000,nulldata,,,
1ab90ccfe240477cbee2c960e8196b6d0597b5d6adc85c07c153c6eb0370ac8d,2,RTcYPgx3RrAbgxMAuE16xSvVwpq3oDmybM,261.38509265,pubkeyhash,,,
1abd25ed17ad2d4a5f00966765239921669cb424e83bd034a8fab43a9736398a,0,r8oy7RjrFPWMM4VBJqNM9sCD2bGm4KWL7j,74115.28722885,scripthash,,,
1abf7f1045888be20b83175b0b1978d9bd7ea1ff7efffbcfd05fc1866c755ef0,0,,0.00000000,nulldata,,,
1abf7f1045888be20b83175b0b1978d9bd7ea1ff7efffbcfd05fc1866c755ef0,1,RQkDcWnwQdJ8ZozqRKFFrruAakN4gzJmVf,991.01607000,pubkeyhash,,,
1b0989ca12a7554d11642e506856d12585024b9b6b17e860ce8427d0cbac05e7,0,,0.00000000,nulldata,,,
1b0989ca12a7554d11642e506856d12585024b9b6b17e860ce8427d0cbac05e7,1,RDa7kPJrq3Wuo893vQNKDufxUbzNRTrtrZ,995.05008000,pubkeyhash,,,
1b2472095976ffae4f7a53fedba55a16dbd3cf94ba92d04ab0a54d253d0144a3,0,,0.00000000,nulldata,,,
1b2472095976ffae4f7a53fedba55a16dbd3cf94ba92d04ab0a54d253d0144a3,1,RVTc4VwVJGoAZvfMPsnfvVUxPkPgJzYS4M,993.13023000,pubkeyhash,,,
1b268cd0e496af436840d6df214487fb2d816a133214350406b4973dc147d605,0,RG1fXFokP9USiwLJR5bv9PeuKn4f5pNPq9,10.00000000,pubkeyhash,,,
1b268cd0e496af436840d6df214487fb2d816a133214350406b4973dc147d605,1,RU5au7fZJ7HRAhiv39aCaNUeVZsRRT7PZS,4013.68253450,pubkeyhash,,,
1b5743835bab5b09398183856a1dcdb8c5eefa0cf51d53dd563038c8f4330f3f,0,,0.00000000,nulldata,,,
1b5743835bab5b09398183856a1dcdb8c5eefa0cf51d53dd563038c8f4330f3f,1,RBPYXffFpLActbK4ppxF1hnjWkZedGBVka,993.00327000,pubkeyhash,,,
1b96c613350fe663204fec180c525d9e567b766f4217cb53041aae3bf2e372a8,0,,0.00000000,nulldata,,,
1b96c613350fe663204fec180c525d9e567b766f4217cb53041aae3bf2e372a8,1,RMhJYHApiPTZKePmguZGT5bs1WpYosKpVv,990.39783000,pubkeyhash,,,
1bc2b4037e270b1a1bf6e96a156dd8ec1991aedfc8400553722d8956d35e2f8c,0,,0.00000000,nulldata,,,
1bc2b4037e270b1a1bf6e96a156dd8ec1991aedfc8400553722d8956d35e2f8c,1,RGRHVNyCpLfp1t2C7Q1PXfA1tGykaXSwnY,990.95811000,pubkeyhash,,,
1bfc3683d04ca9e2384c1a863374b415fa04661f0e849f8f88dd1760c54ee56a,0,,0.00000000,nulldata,,,
1bfc3683d04ca9e2384c1a863374b415fa04661f0e849f8f88dd1760c54ee56a,1,RT6BQ456qwEjVbbcJR8NcMG2GkXJkyonfS,989.25551000,pubkeyhash,,,
1c1162df5577baaa39f15fc3763551f8dbaef1bd3f01cbfc908d84934f03372a,0,,0.00000000,nulldata,,,
1c1162df5577baaa39f15fc3763551f8dbaef1bd3f01cbfc908d84934f03372a,1,RCFYadG1yNVjecHvMccJpVJG4N1Co7GiFD,991.15131000,pubkeyhash,,,
1c166c6f55bdc965af2af481164d8ef42f35549d3c4404dba6c223913c90cb58,0,RAZxdF73PbRb3SVwPeJTtiA381t7VzMLkt,1220003.00000000,pubkeyhash,,,
1c166c6f55bdc965af2af481164d8ef42f35549d3c4404dba6c223913c90cb58,1,RTacWkAJvtvq9bZ6b1qopgCTkQJG9KS4Kq,1250013.49305707,pubkeyhash,,,
1c478b6f57be97fa71ab3d1a9b7d4f18d30149454bdc563d8389165a88f07480,0,,0.00000000,nulldata,,,
1c478b6f57be97fa71ab3d1a9b7d4f18d30149454bdc563d8389165a88f07480,1,RGgt3vqsmoxtT5QgnPoKu98tFSbhzTwjHj,989.77959000,pubkeyhash,,,
1c532aa4ff3a342ad1abf72a9f027fe49485e3ba430782a49a843d33c25ddfb4,0,,0.00000000,nulldata,,,
1c532aa4ff3a342ad1abf72a9f027fe49485e3ba430782a49a843d33c25ddfb4,1,RXK9SRD4SfuvSdxNh37ceTEm8TTwbwtbn4,989.97279000,pubkeyhash,,,
1c54ff53b1d38a34711589306fc1d15462780b54bb2bdc618ff12f7e6622a998,0,,0.00000000,nulldata,,,
1c54ff53b1d38a34711589306fc1d15462780b54bb2bdc618ff12f7e6622a998,1,RR9w13AuWSN1BLLHXtiu14NvA67F1TzfH2,993.41436000,pubkeyhash,,,
1c5dfb7e05e0e47ef883a9d897791d93f9976fd9e9df5d8e40c6e2066a6aba7d,0,,0.00000000,nulldata,,,
1c5dfb7e05e0e47ef883a9d897791d93f9976fd9e9df5d8e40c6e2066a6aba7d,1,RU2DvsdKMUWsCgVHssnG15Gf33qgwZtDDM,993.02259000,pubkeyhash,,,
1c7e3ff02b2afd5c31f28440f0676b9c662df7c1155db1bd02ba80bb7900ddb8,0,,0.00000000,nulldata,,,
1c7e3ff02b2afd5c31f28440f0676b9c662df7c1155db1bd02ba80bb7900ddb8,1,REQFjVCEHrbDtL3aDmHCbnXaPgpG7uLCTT,993.91392000,pubkeyhash,,,
1c954511472438df62944212001e66554c35508caa77c88f3dbafae5b37593e7,0,,0.00000000,nulldata,,,
1c954511472438df62944212001e66554c35508caa77c88f3dbafae5b37593e7,1,RUdKAAxbtkpp1PwSUAWfKeHcYE5A4SU2ex,990.13839000,pubkeyhash,,,
1c98d6d6efce3ccd8cd3a6c56e2b98e2f9f61a271fdc3c9ab8e8cc380f291f55,0,,0.00000000,nulldata,,,
1c98d6d6efce3ccd8cd3a6c56e2b98e2f9f61a271fdc3c9ab8e8cc380f291f55,1,RKaWrVX6UKGM9UqaaXGTXdqNWxjsyaxRXA,994.98968000,pubkeyhash,,,
1ca0cb070152605fe31ac4f0f742f2bc9daabd1f08ca658cfafc0aa9b8a6914f,0,,0.00000000,nulldata,,,
1ca0cb070152605fe31ac4f0f742f2bc9daabd1f08ca658cfafc0aa9b8a6914f,1,RJ6uGiA3UWpmRmZCF9AXTJAShhPXb7HMgv,995.37268000,pubkeyhash,,,
1cdd5ceb6720304a30e4c157d6c4f295d74245a655118b513e6c8d084c704b1e,0,RX1r2eyM1UW7y2xHcrTejDfyCUk1yBmz4i,306.38734597,pubkeyhash,,,
1cdd5ceb6720304a30e4c157d6c4f295d74245a655118b513e6c8d084c704b1e,1,RBQrxJgiGU6cefRFNi4VgNZYtznahWWzNv,34.03271272,pubkeyhash,,,
1cf0c0a7166ddb4ab7b309fd7950ce49f9c028917aead06499388a26941157be,0,RX1r2eyM1UW7y2xHcrTejDfyCUk1yBmz4i,306.02091451,pubkeyhash,,,
1cf0c0a7166ddb4ab7b309fd7950ce49f9c028917aead06499388a26941157be,1,RTarR6G1Dmy9TXoBR2oKgPRYbEiXYMGrxv,33.99207738,pubkeyhash,,,
1cf3d52ef1adbee292996f3328304f12ccdbfa170f33f67e8cfc4808d5e3a66b,0,,0.00000000,nulldata,,,
1cf3d52ef1adbee292996f3328304f12ccdbfa170f33f67e8cfc4808d5e3a66b,1,R9Sc7Y1Y9iwNfcNXdoGynz5D3psmnWFQSH,993.31239000,pubkeyhash,,,
1d1123c2147ebab5017809b101b67b22e885e6c90756f49bb9c5f2b53ad17df2,0,,0.00000000,nulldata,,,
1d1123c2147ebab5017809b101b67b22e885e6c90756f49bb9c5f2b53ad17df2,1,RDQXRCKTS1q9PRyHyQAFRavEvkH8mqpvkS,990.90843000,pubkeyhash,,,
1d193c572587a0176e813672891a77e3906a5ce527a923f24655edf3ef648c4a,0,RC14HDEDR7ub35gQ1jwSvrJWaUPPo4fjQN,0.01002836,pubkeyhash,,,
1d193c572587a0176e813672891a77e3906a5ce527a923f24655edf3ef648c4a,1,RSEpQPXsiXjvdtyX5EmbxXFLbGP8hX8q8V,5000.00000000,pubkeyhash,,,
1d2d1af29f96fa234aa770716e6c078f0acd86468b9e2d4c9daf2371cfc2b3d7,0,,0.00000000,nulldata,,,
1d2d1af29f96fa234aa770716e6c078f0acd86468b9e2d4c9daf2371cfc2b3d7,1,REGahaFfsM5mPsiAfNYo35ZZCaNHJG1YbL,994.84340000,pubkeyhash,,,
1d318c5a19835c321c6aeda60e6bfdf13a65cfedf8df115f47a7d6561878412e,0,,0.00000000,nulldata,,,
1d318c5a19835c321c6aeda60e6bfdf13a65cfedf8df115f47a7d6561878412e,1,RSMmiNgVP3B6QJ2w7SWZV1YWq8dPzzbtpM,990.31227000,pubkeyhash,,,
1d3a2955ad3a85d3b084038cbf2ea5d3da6a1bf2adfc26b050aade75a9a428a0,0,,0.00000000,nulldata,,,
1d3a2955ad3a85d3b084038cbf2ea5d3da6a1bf2adfc26b050aade75a9a428a0,1,RKkpFk4jX1yNyn3s9UAySagx9h5HY3Q2Cd,992.09799000,pubkeyhash,,,
1d4298c3f167ff3a9f6a72c8055d7799ae93a6906d0ae5c7f5f9d40445a900bd,0,,0.00000000,nulldata,,,
1d4298c3f167ff3a9f6a72c8055d7799ae93a6906d0ae5c7f5f9d40445a900bd,1,RCe5WQSvp8BNn3rhYouHuNmhJ62R8BHvNE,992.40159000,pubkeyhash,,,
1d4e3587a40a32ce810ab8a9a0ae662fef2e0043d492b0278716842f8db9b8d6,0,,0.00000000,nulldata,,,
1d4e3587a40a32ce810ab8a9a0ae662fef2e0043d492b0278716842f8db9b8d6,1,RCZvBthqMou9Qj5sNQ59mpaZHVz8ESAr3C,989.98659000,pubkeyhash,,,
1d9c5002034650d5ef77bc7220821eb9b553fae56cecf048b03a8bc8d8d3b01c,0,,0.00000000,nulldata,,,
1d9c5002034650d5ef77bc7220821eb9b553fae56cecf048b03a8bc8d8d3b01c,1,RSxe1tSLeyBQfWy6e8Faz4sz2ZmWPHDZ8u,988.90499000,pubkeyhash,,,
1da7203c33729dd5be91724ed3969d3c7dd3975da9bce90f975c13e14b8c24c9,0,,0.00000000,nulldata,,,
1da7203c33729dd5be91724ed3969d3c7dd3975da9bce90f975c13e14b8c24c9,1,RR4925jaCfrFuDRXfcACfaEvqLzu4Y7BF8,992.15043000,pubkeyhash,,,
1dde351f53ba300ab94af9c4516e7d75beaa03f0d32339cb4a19913e671f0516,0,,0.00000000,nulldata,,,
1dde351f53ba300ab94af9c4516e7d75beaa03f0d32339cb4a19913e671f0516,1,RWkgV66weZXetBs6ErYSZGVJxbJD1voSCt,993.28203000,pubkeyhash,,,
1dfccc4070ccea87205389dc7342ceb4b54e14101731cb59cc1d5c23e45c3411,0,,0.00000000,nulldata,,,
1dfccc4070ccea87205389dc7342ceb4b54e14101731cb59cc1d5c23e45c3411,1,RDASy4hUEM4Z9j3xtm7VrVHfuxa3TTi84S,993.96912000,pubkeyhash,,,
1dffa652192b0413cf6846e7c9015833a3f48021e50fbf6da2da75b77a0ecc7e,0,,0.00000000,nulldata,,,
1dffa652192b0413cf6846e7c9015833a3f48021e50fbf6da2da75b77a0ecc7e,1,RQ1PWygoW5WKiQ9kEJZTQF7D8MFCV94S7E,992.44299000,pubkeyhash,,,
1e19b3b5b4fbdee7193e6cb80ed1004ff18b4dc5b8154c7e18885b75df7a7070,0,,0.00000000,nulldata,,,
1e19b3b5b4fbdee7193e6cb80ed1004ff18b4dc5b8154c7e18885b75df7a7070,1,RV78pWtpkvRgaZxR662Jcms9RatSCFjCeh,988.95191000,pubkeyhash,,,
1e3522d2301d6f3bd50ae48d5fd71693928d3de47aad13c8ad1dbdf200611311,0,,0.00000000,nulldata,,,
1e3522d2301d6f3bd50ae48d5fd71693928d3de47aad13c8ad1dbdf200611311,1,RJUSP4593TwdYxzZfoPtKLF4t4pBDGEt35,994.44596000,pubkeyhash,,,
1e389f859b77d6121c75cae77e42c872d63ef5ec9e108f1ec0be0299d88f7cf6,0,,0.00000000,nulldata,,,
1e389f859b77d6121c75cae77e42c872d63ef5ec9e108f1ec0be0299d88f7cf6,1,RMbsXJDwF2mW1tc35cxyLLcEVyjMGsuSba,994.31964000,pubkeyhash,,,
1e3a52a766afeeb8e67ad59449053190a60e112d697b3a20da33cd19b20a8ba7,0,,0.00000000,nulldata,,,
1e3a52a766afeeb8e67ad59449053190a60e112d697b3a20da33cd19b20a8ba7,1,RWnbAVoUjvwkccjGiEkwgWQdvd3FRNkTgT,992.73555000,pubkeyhash,,,
1e5a985347018b29ba51cc40e28c555afea0f1cf765dc2980bc484dbed04bd7a,0,,0.00000000,nulldata,,,
1e5a985347018b29ba51cc40e28c555afea0f1cf765dc2980bc484dbed04bd7a,1,RCDDTdQzF1p6BhwtEJeurGNKWghzB112ga,995.08320000,pubkeyhash,,,
1e85456d50b2dd53f3454450403eb720a49452020e057ab8d99d15d82402ae60,0,,0.00000000,nulldata,,,
1e85456d50b2dd53f3454450403eb720a49452020e057ab8d99d15d82402ae60,1,RQuyQofbnC4sFfF3K9YUbijH9jnhoe45X6,995.29540000,pubkeyhash,,,
1e9bf4624bef8601686c7224bf0b0e480d5ff7ac6ea380717dec3b167641905e,0,,0.00000000,nulldata,,,
1e9bf4624bef8601686c7224bf0b0e480d5ff7ac6ea380717dec3b167641905e,1,RCjDS8MYJoGDVmwFKo7gDYpnjHofeMkGTp,990.86979000,pubkeyhash,,,
1ea6e5a342dda35b2371545fb76120687ea1adaf407dc3afaed00bce3e43d932,0,,0.00000000,nulldata,,,
1ea6e5a342dda35b2371545fb76120687ea1adaf407dc3afaed00bce3e43d932,1,RHqvtiHKPTPrCNQbQdgaiDk5cpVbsvvcxX,992.91771000,pubkeyhash,,,
1ea9daaeb17e799d3281420a2ec3c129cedca24b2ee753cece4c9a3e84b8222c,0,RA92zXQFhiU3BzVtzTanygEUZm3XRzvDhY,1.01000000,pubkeyhash,,,
1ea9daaeb17e799d3281420a2ec3c129cedca24b2ee753cece4c9a3e84b8222c,1,RUb5BnbzzRCuordjRyueqCXYf2JDhD9f2R,0.43748531,pubkeyhash,,,
1edcb1a655fa044793fa1a64b65bd414341b9f5732c02ebd559ac7ddb7c29bbd,0,RRjTEay3xkP2K9zyaLbfb9tSzn6mY59v4A,0.01755018,pubkeyhash,,,
1edcb1a655fa044793fa1a64b65bd414341b9f5732c02ebd559ac7ddb7c29bbd,1,RSEpQPXsiXjvdtyX5EmbxXFLbGP8hX8q8V,2000.00000000,pubkeyhash,,,
1eefa7355d7232d4b2797f0941ae94be53761f0da117932aa1a25601277dbe77,0,,0.00000000,nulldata,,,
1eefa7355d7232d4b2797f0941ae94be53761f0da117932aa1a25601277dbe77,1,RJXYBJi1tmuc3bFN52hxKoBd1pMyhE1BJc,993.21579000,pubkeyhash,,,
1f0ca108997c2023a649c950d88fc60f6fe59177c9466f7c19a60bff1f11ec9b,0,,0.00000000,nulldata,,,
1f0ca108997c2023a649c950d88fc60f6fe59177c9466f7c19a60bff1f11ec9b,1,RFFdmf3EK3oZVXb2UUcMmq3BD4FjUS8K3s,990.13287000,pubkeyhash,,,
1f2d529bfc38d5510487c4ae38265bbaf0e48087de1c30b7c188600c7cc9484c,0,,0.00000000,nulldata,,,
1f2d529bfc38d5510487c4ae38265bbaf0e48087de1c30b7c188600c7cc9484c,1,RFK6K89Xck33vLLu1Ht9gCkCVqxwqC8GH2,992.23047000,pubkeyhash,,,
1f3af9ed3d94a03f03b06dac04a0b7373c72274b89ccdff64361edab61275e6b,0,,0.00000000,nulldata,,,
1f3af9ed3d94a03f03b06dac04a0b7373c72274b89ccdff64361edab61275e6b,1,RLiz76iMovKEwg1h8rUbyRoVmVrAXL1VwM,992.67759000,pubkeyhash,,,
1f40b00f693ffc45ec5c12b76c3f3e35dfb83ebe9b9a150e43982b8ee96b07c2,0,,0.00000000,nulldata,,,
1f40b00f693ffc45ec5c12b76c3f3e35dfb83ebe9b9a150e43982b8ee96b07c2,1,RWHppVs7kWP83Zw83kveaArHAtq9ZeQsJH,991.31967000,pubkeyhash,,,
1f4dde1de16a785188135a13c785f544eb42d3745d4652916b94d5964d06ed86,0,,0.00000000,nulldata,,,
1f4dde1de16a785188135a13c785f544eb42d3745d4652916b94d5964d06ed86,1,RWVJs7Ea26mHdUqJ1eQdvSohev7QVsQuGu,994.97864000,pubkeyhash,,,
1f551419376fe2f4a0b5ec7511de326fe12117eddaa6d426db9b0563934295d6,0,,0.00000000,nulldata,,,
1f551419376fe2f4a0b5ec7511de326fe12117eddaa6d426db9b0563934295d6,1,RXNEZ5vcVHnXuAbCn4ieSwwuE7CW1BDSRF,992.70795000,pubkeyhash,,,
1f576b846d81567b5dbdec8f5035d128afa8cd231e4dcdba086d18c0dec08fa3,0,,0.00000000,nulldata,,,
1f576b846d81567b5dbdec8f5035d128afa8cd231e4dcdba086d18c0dec08fa3,1,RKcVQcMaRuzzEEfr5FQiYp7SijrHu6PDMh,992.64171000,pubkeyhash,,,
1f73fd884622826e60a2a0300e0315b887b3c372cc06c6852abc63b6fe3267d0,0,,0.00000000,nulldata,,,
1f73fd884622826e60a2a0300e0315b887b3c372cc06c6852abc63b6fe3267d0,1,R9MmJ1HeWpPwhma8FHmStodAUNTF7azTcb,992.73831000,pubkeyhash,,,
1faea3da11d6635e0a5ba0fadc6516f5975a6183ada4f6e06f6783fd35c504dd,0,,0.00000000,nulldata,,,
1faea3da11d6635e0a5ba0fadc6516f5975a6183ada4f6e06f6783fd35c504dd,1,RLQXWsPhiEVYkGK63tmmjWgD7nac8Zc8JD,993.88356000,pubkeyhash,,,
1fb404aaa6d5b018d668551518860f499078ed6045360df5a910492daca5520f,0,,0.00000000,nulldata,,,
1fb404aaa6d5b018d668551518860f499078ed6045360df5a910492daca5520f,1,RTEwbdkyjgXP8P6HMfpL5ojLrqaiHWZKS1,990.92775000,pubkeyhash,,,
1fc07b4770096468fb6388503cd0c9b404e215abf5e08332e9f2441f1e82cbda,0,,0.00000000,nulldata,,,
1fc07b4770096468fb6388503cd0c9b404e215abf5e08332e9f2441f1e82cbda,1,RLPiNxrifKvZ3jUpJbTEWgNmuiYL3QYQbf,990.72351000,pubkeyhash,,,
1fe44e0a469a6a62a2f8cf762c1ec165d20b49d588583df8a7c53e431d515f0e,0,,0.00000000,nulldata,,,
1fe44e0a469a6a62a2f8cf762c1ec165d20b49d588583df8a7c53e431d515f0e,1,RDhA88LNi7BZzgAmfcHxoFPRQMAVfS4Y5s,994.29756000,pubkeyhash,,,
203c22b97529aca72a0e39b56dfa08b4a39798c5c1540a6f76a44ae2ddd06906,0,,0.00000000,nulldata,,,
203c22b97529aca72a0e39b56dfa08b4a39798c5c1540a6f76a44ae2ddd06906,1,RUA7jKPMuoGAwTJaMRkwFS7eg9fkL9oB1C,992.50647000,pubkeyhash,,,
203dbcf2acf13d92d5611dcf0373285b065fe8a3ce0540cb6ac8aa8fa4266283,0,,0.00000000,nulldata,,,
203dbcf2acf13d92d5611dcf0373285b065fe8a3ce0540cb6ac8aa8fa4266283,1,RV53nrse8pL9Rx6A8PDbu4EohoCkzJTmgk,994.61432000,pubkeyhash,,,
2055c88788b4c9137518bc4302d9f430c813f4897503c37c13f27934c5413e53,0,,0.00000000,nulldata,,,
2055c88788b4c9137518bc4302d9f430c813f4897503c37c13f27934c5413e53,1,R9Mz9ovrTWCfNTZW8QT47RVTkzdSrDs7Xf,995.07216000,pubkeyhash,,,
206045f57bd64e48e138ac2ee8236e9b4e1588a4c3048e2d37fa58e4c7cd2fb4,0,,0.00000000,nulldata,,,
206045f57bd64e48e138ac2ee8236e9b4e1588a4c3048e2d37fa58e4c7cd2fb4,1,RHnZjUR2jrHWKbnZAkvZxyN3Dw5KibBKVV,991.56807000,pubkeyhash,,,
206af5e6238cd7f55d49605b851dbb2592eba604913310680c0e3716ab030974,0,,0.00000000,nulldata,,,
206af5e6238cd7f55d49605b851dbb2592eba604913310680c0e3716ab030974,1,RC935qK2ANBwen2Yt4JZhsHZaNpAWezBAo,989.28311000,pubkeyhash,,,
206c9bd92a7c05d319b02e796823fcf2839beb897361035699ff32cec4314399,0,,0.00000000,nulldata,,,
206c9bd92a7c05d319b02e796823fcf2839beb897361035699ff32cec4314399,1,RSw6cx861LAi8xiRcheeWZers2TKEqvRts,989.84583000,pubkeyhash,,,
20748630cfdfe7fa7e4040b86088cd0a2bd0fd4d1c348f895c4f8418635403db,0,,0.00000000,nulldata,,,
20748630cfdfe7fa7e4040b86088cd0a2bd0fd4d1c348f895c4f8418635403db,1,RVEwmXYwKR8xJ6ycXgBUxkTMKBntCtPXYE,995.32300000,pubkeyhash,,,
20b0fd7cebc5c9808c1dd10122f6f1eb806f7240f9f8db3ce304814247d67391,0,,0.00000000,nulldata,,,
20b0fd7cebc5c9808c1dd10122f6f1eb806f7240f9f8db3ce304814247d67391,1,RDzEhpFsm1VAHpkvRfuCZuDz5zCELBbW6a,991.92687000,pubkeyhash,,,
20ce5ff15e80ac9d99713655fd234a70728ed441b0a980603d224be67738a73b,0,,0.00000000,nulldata,,,
20ce5ff15e80ac9d99713655fd234a70728ed441b0a980603d224be67738a73b,1,RYZUWDmwqbLVwUc7P3YTtNMA7ErgTd9t5Q,993.24615000,pubkeyhash,,,
20d4237388252bacc66cb887c9a3e328afe2c6d0658c90cc3f0daca6c4c3daeb,0,,0.00000000,nulldata,,,
20d4237388252bacc66cb887c9a3e328afe2c6d0658c90cc3f0daca6c4c3daeb,1,RPWnQHWXUkcSA5WSVDUwfXoEoaHWgcSTxE,991.49631000,pubkeyhash,,,
20fb20b024803222ac2f427d2b529f7f626f0251954dfbe5b147b97db0fe27b0,0,,0.00000000,nulldata,,,
20fb20b024803222ac2f427d2b529f7f626f0251954dfbe5b147b97db0fe27b0,1,RF4aTcLKrKGF1X26cQEUqKt9j1yoNSNGze,991.67295000,pubkeyhash,,,
210a7fbf7ba2726d1ac7dcb1289cb21d75651058dfd78d789379a6166d6ed87b,0,RChVVQCQNGP83DEovdD6vVjtXJJefwgZWZ,0.00676909,pubkeyhash,,,
210a7fbf7ba2726d1ac7dcb1289cb21d75651058dfd78d789379a6166d6ed87b,1,RX1r2eyM1UW7y2xHcrTejDfyCUk1yBmz4i,306.08486545,pubkeyhash,,,
210c152bcc78705954b24656d182b6fa6e978bb6a79ea7ddf55611ca17dc06d0,0,RX1r2eyM1UW7y2xHcrTejDfyCUk1yBmz4i,306.40431040,pubkeyhash,,,
210c152bcc78705954b24656d182b6fa6e978bb6a79ea7ddf55611ca17dc06d0,1,RPes3gYkTVwV7H6N2qdRqGRiydy1CfVBpG,34.03459746,pubkeyhash,,,
212550250c8ed773f4a64c5cc0840ba6f894b52fa3858eee6b7b51c5dc4f9030,0,,0.00000000,nulldata,,,
212550250c8ed773f4a64c5cc0840ba6f894b52fa3858eee6b7b51c5dc4f9030,1,R9PpJbtEyvNqYAcPo8b2Fuwk2haLJsUnCm,990.64071000,pubkeyhash,,,
2134465421ecfbd4afa79059a4e112a71b1255c328541f05f6af9a976d558d93,0,,0.00000000,nulldata,,,
2134465421ecfbd4afa79059a4e112a71b1255c328541f05f6af9a976d558d93,1,RDdcitf9HYeirY3gMKx882w4zMUDbfdGKe,994.95104000,pubkeyhash,,,
21421a2ad3d7ea049af624888ef142b98aa6caf55f60e2add12d28268b024efc,0,RKXdUvxccoX26zu9TgrQzCEgb6UJevj6VM,0.00645425,pubkeyhash,,,
21421a2ad3d7ea049af624888ef142b98aa6caf55f60e2add12d28268b024efc,1,RX1r2eyM1UW7y2xHcrTejDfyCUk1yBmz4i,306.18356959,pubkeyhash,,,
21690a13da446b694956b3fb63bb5376f4ea4d2d6578eb2b65695693c3827a40,0,RMhXxgwwmV3Py7tdmLSFjFt8nrBD3HHMLF,0.00731059,pubkeyhash,,,
21690a13da446b694956b3fb63bb5376f4ea4d2d6578eb2b65695693c3827a40,1,RX1r2eyM1UW7y2xHcrTejDfyCUk1yBmz4i,306.61138438,pubkeyhash,,,
219771c03b93b098fb763000c4f32bd954f48ee2d2fc37b93b1a12fde5d9b94a,0,,0.00000000,nulldata,,,
219771c03b93b098fb763000c4f32bd954f48ee2d2fc37b93b1a12fde5d9b94a,1,RSNU6aGcmYhVQtdqHCMApnUoVajoNReVjS,990.77043000,pubkeyhash,,,
21b91cce7c4845c8c1cea6097821d15343b5169239fd8b41e5f2d6a0e961edc4,0,,0.00000000,nulldata,,,
21b91cce7c4845c8c1cea6097821d15343b5169239fd8b41e5f2d6a0e961edc4,1,RUhA2QHLFdpPGKEPE3bSkVmH9vC3kEzwqp,990.35643000,pubkeyhash,,,
21c3dfd17ea609ab0a895e3cb14a7e983b5d0410b6700bb4b33871670c1068d4,0,,0.00000000,nulldata,,,
21c3dfd17ea609ab0a895e3cb14a7e983b5d0410b6700bb4b33871670c1068d4,1,RVebN93XjSYsGoWYoTMfK4PQPvVdqtZxJr,993.77316000,pubkeyhash,,,
21e7c6f6615bc5120f500f01cc57c4eac9b62d361730323f312599e406531a87,0,,0.00000000,nulldata,,,
21e7c6f6615bc5120f500f01cc57c4eac9b62d361730323f312599e406531a87,1,RUapwDoig3GHhKQujajKq3nCRfWP8tdbT3,989.86515000,pubkeyhash,,,
21ea23c1031b211fba11c70827df2c8d295ce2956679b1fe8a077db5dbdd4cb4,0,,0.00000000,nulldata,,,
21ea23c1031b211fba11c70827df2c8d295ce2956679b1fe8a077db5dbdd4cb4,1,RTBH4yvrEbiCSrm5sGLqvGDddTgyMpTT7s,990.96639000,pubkeyhash,,,
21ecddd9960c894b7057e5aba9fecf6f3c210e5ab880f5e0e4c6937c9f7447a1,0,,0.00000000,nulldata,,,
21ecddd9960c894b7057e5aba9fecf6f3c210e5ab880f5e0e4c6937c9f7447a1,1,RGk3vRYjFXGLPwaomKDRxh79YUQ54ygXxE,993.55512000,pubkeyhash,,,
220770dad0ba881ec345722e9482c273a91695c2a78c4e739951c04aaa323b77,0,,0.00000000,nulldata,,,
220770dad0ba881ec345722e9482c273a91695c2a78c4e739951c04aaa323b77,1,RDY9hVx1TygTvMHhdiqY6LBcK6McESDpp3,990.82011000,pubkeyhash,,,
220d4eea8c647e119ad28911deca3fb2c0ea174f9de8d307676e54ba0ea35825,0,,0.00000000,nulldata,,,
220d4eea8c647e119ad28911deca3fb2c0ea174f9de8d307676e54ba0ea35825,1,RSq13VjPKM6WzpBTEMDmjyPm7wCmwcELbX,989.96175000,pubkeyhash,,,
222d052bb0f55e3eba3259b63adf36c7867f2d1b6919bc76167701f1a70b1633,0,,0.00000000,nulldata,,,
222d052bb0f55e3eba3259b63adf36c7867f2d1b6919bc76167701f1a70b1633,1,RVh3u68CFGQv3kdjLaYHHQuJuPj1zBXCua,989.86239000,pubkeyhash,,,
2238b0832fa50dee34bb2b0583406905bccb020457483d255a9f6a6eb7ae59fe,0,,0.00000000,nulldata,,,
2238b0832fa50dee34bb2b0583406905bccb020457483d255a9f6a6eb7ae59fe,1,RKRtQy3YWiFNAyZCtscNMUi2hEb96zyUYn,990.95535000,pubkeyhash,,,
224b04f555ee26e40945f6fa4b2ce961f6e71d9b4f9013e2a4c9699df5a11206,0,,0.00000000,nulldata,,,
224b04f555ee26e40945f6fa4b2ce961f6e71d9b4f9013e2a4c9699df5a11206,1,RG89jReQ3SvUMadVDax144mkLXJpcsrQjr,994.65296000,pubkeyhash,,,
2272c7bd99b217e8cce74f470ef17ecf0db96c8c73395ec129d0323b2be88642,0,,0.00000000,nulldata,,,
2272c7bd99b217e8cce74f470ef17ecf0db96c8c73395ec129d0323b2be88642,1,RHZRiLqrdJ5vtwoX36pCK8fbWH3kghmezD,991.93239000,pubkeyhash,,,
22a11fb326694e07fed4daadc6681cfb9edf57ee27f22f23bcbe0a8e1f10a6ed,0,,0.00000000,nulldata,,,
22a11fb326694e07fed4daadc6681cfb9edf57ee27f22f23bcbe0a8e1f10a6ed,1,RBc1itjcBYd3kZzmmQFdMRgkh2EVqV92VR,993.99672000,pubkeyhash,,,
22a63acf58739a4441fb51ac2c1e1eb3af7f1c2364f7f1e4489f219c0ed0c500,0,,0.00000000,nulldata,,,
22a63acf58739a4441fb51ac2c1e1eb3af7f1c2364f7f1e4489f219c0ed0c500,1,RRnSnRAQRqxzXUVvZPc4rc7pm9tcfiBkT6,991.25343000,pubkeyhash,,,
22dcfba2ef070c1b329f47c0906383dbef7f602d5db97d3b67275dc19d3ee4ed,0,,0.00000000,nulldata,,,
22dcfba2ef070c1b329f47c0906383dbef7f602d5db97d3b67275dc19d3ee4ed,1,RLmYMV21sKTFo2Du9YovGwYPifQAjbEMLp,989.77683000,pubkeyhash,,,
2300451ac3c853cbc3bfdd86effd39a685d6f69c51537885c227c038b58c67f3,0,,0.00000000,nulldata,,,
2300451ac3c853cbc3bfdd86effd39a685d6f69c51537885c227c038b58c67f3,1,RQiGVd11j6RQfbYn1fbesCdk34uiCndmf6,989.13407000,pubkeyhash,,,
2301686f9edb8aea0c3f1476300b77e9bf235817680ed8578c228834302a25d9,0,,0.00000000,nulldata,,,
2301686f9edb8aea0c3f1476300b77e9bf235817680ed8578c228834302a25d9,1,RDFi3Q6R2kigQ21DQu1YKauB8vwmXkcCCE,994.38864000,pubkeyhash,,,
23376665bd8f4e19eb7631a17a3355e46313d4ea8a89be6006ef3d55b1e9a7de,0,,0.00000000,nulldata,,,
23376665bd8f4e19eb7631a17a3355e46313d4ea8a89be6006ef3d55b1e9a7de,1,RXwiYSPWPRZoHXtCLPiV94mo1xx8EHZyCD,994.17888000,pubkeyhash,,,
23382d5491f0a2591bdbbf64273051fda8d96e1ad47f4c177d7540eeb4d75281,0,,0.00000000,nulldata,,,
23382d5491f0a2591bdbbf64273051fda8d96e1ad47f4c177d7540eeb4d75281,1,RTiDXdeEtonTGiaS2By2w8cgVXWYh45Jg1,990.65727000,pubkeyhash,,,
234be9156155ec151b1eba94eb5469fbffe8bb59e6f73ea2dfccb9cb86e7678d,0,,0.00000000,nulldata,,,
234be9156155ec151b1eba94eb5469fbffe8bb59e6f73ea2dfccb9cb86e7678d,1,RApzHJhVBviBnwEqg1DCmY8HAHuVmHfoMr,992.34087000,pubkeyhash,,,
234c85f9fd06e1f19889d9c3c64afb5b123b73ab6ea1cf36a4c93f480f8e4c01,0,RLopuPUAd5FaQTS9QBH6yTrfsqs7meMTag,34.02479804,pubkeyhash,,,
234c85f9fd06e1f19889d9c3c64afb5b123b73ab6ea1cf36a4c93f480f8e4c01,1,RX1r2eyM1UW7y2xHcrTejDfyCUk1yBmz4i,306.31610602,pubkeyhash,,,
234d31a4b1c7254224125fcc4a902cc3951c255e061ee89e2f91e44800217093,0,,0.00000000,nulldata,,,
234d31a4b1c7254224125fcc4a902cc3951c255e061ee89e2f91e44800217093,1,RMnQDovXEAZndVP16mY16Qw6VZjv2Xidmx,995.14944000,pubkeyhash,,,
23c31ddc97a2c829912de47b93e1cebeb08b532dc54027b32d4d400d2b88846f,0,,0.00000000,nulldata,,,
23c31ddc97a2c829912de47b93e1cebeb08b532dc54027b32d4d400d2b88846f,1,RLbndvwNa4NmCYtKN5SwhwUsbyUx6HaZLp,993.84492000,pubkeyhash,,,
23c9178c4ad1a579f50158c8486b5c01b268c0afab9b6d2cba138911f662d852,0,,0.00000000,nulldata,,,
23c9178c4ad1a579f50158c8486b5c01b268c0afab9b6d2cba138911f662d852,1,RJQxoTUfAor7pJRE8YwQFzoBkVS2N245Q8,989.33003000,pubkeyhash,,,
2407790d70f849851fa5b8a4f5741fca995ff0f17e95dd4dba6cbcdd82edd8ab,0,,0.00000000,nulldata,,,
2407790d70f849851fa5b8a4f5741fca995ff0f17e95dd4dba6cbcdd82edd8ab,1,RT7nmWMxQnCMPc6CJfbocsMu5aDCDNYrfp,993.88080000,pubkeyhash,,,
2414d982dd3c5130bca44fab7210089463bbf307d03bb949afb89128e83efbfa,0,,0.00000000,nulldata,,,
2414d982dd3c5130bca44fab7210089463bbf307d03bb949afb89128e83efbfa,1,R9skWvLjd8YYMAWLX45ybE2hn4NjNRE8o5,993.22959000,pubkeyhash,,,
246bdfa3ed37250b4db17ce4a182c3e329593df3ecbfbd6d86e77564e68e4d95,0,,0.00000000,nulldata,,,
246bdfa3ed37250b4db17ce4a182c3e329593df3ecbfbd6d86e77564e68e4d95,1,RJRWLmQbc6b1HDycYzYr4482QTXniGifN2,990.55791000,pubkeyhash,,,
247eca8bd0e81fb7906ef33950cf2062d9e9c18d6efdf660a91f5d5bb6f7f012,0,RQCzfQMjMdXPgPLVCCAx3uQqj9qWhsGzKu,34.02668237,pubkeyhash,,,
247eca8bd0e81fb7906ef33950cf2062d9e9c18d6efdf660a91f5d5bb6f7f012,1,RX1r2eyM1UW7y2xHcrTejDfyCUk1yBmz4i,306.33306641,pubkeyhash,,,
2489c80b825f778f643785c318066ce6763630de54ad643bec71f9d77c7bcaed,0,,0.00000000,nulldata,,,
2489c80b825f778f643785c318066ce6763630de54ad643bec71f9d77c7bcaed,1,RWs2Hsd3qM6cPEvSSPQsLtLCYb8nZcCyeU,991.84131000,pubkeyhash,,,
24cc6c48bfc1098667b9b33b6b38fea4937da752d7c8ae7607452e64e000d760,0,,0.00000000,nulldata,,,
24cc6c48bfc1098667b9b33b6b38fea4937da752d7c8ae7607452e64e000d760,1,RCpLgpzkLDeoeEQH6izc7Jwjw5vfK5AWbp,993.34275000,pubkeyhash,,,
24e4b713584781d7339bb89c3d814ef76cd74a36ca1d8281d6af3084e622ed9b,0,,0.00000000,nulldata,,,
24e4b713584781d7339bb89c3d814ef76cd74a36ca1d8281d6af3084e622ed9b,1,RGBEYKdtKpd83ZapERYRJtEtKy31ZKcyNK,988.91879000,pubkeyhash,,,
24e7c69d4a499023d3ceb4d5b7a2ec37ced73cc704b7370fb29209bd643e884d,0,,0.00000000,nulldata,,,
24e7c69d4a499023d3ceb4d5b7a2ec37ced73cc704b7370fb29209bd643e884d,1,RBVkqM7QFt59SRKdT1EqYJYRutHjBp8hrL,989.54255000,pubkeyhash,,,
250970bf4d5bc9cc9f3d6a7365ac0a41d45d09e224d323862cbd92e4b8767dba,0,,0.00000000,nulldata,,,
250970bf4d5bc9cc9f3d6a7365ac0a41d45d09e224d323862cbd92e4b8767dba,1,RLK4ozB4yQXnwd9y64tiawQCeUAsUchzy6,994.45976000,pubkeyhash,,,
2511a5a2c1fd7b844aebb74ec46779b0434ad8b5c8fadf92f5d54c6288a4caa1,0,,0.00000000,nulldata,,,
2511a5a2c1fd7b844aebb74ec46779b0434ad8b5c8fadf92f5d54c6288a4caa1,1,RNar9SG2JhtTd61UWpjAjgwuQ6Zg4mwrLT,993.18543000,pubkeyhash,,,
2526d31c2120eb4d95220f001dfb3d64c7ea553c806830a0d86cd7fe3f7157e9,0,,0.00000000,nulldata,,,
2526d31c2120eb4d95220f001dfb3d64c7ea553c806830a0d86cd7fe3f7157e9,1,RHxAy3CKy9DrAQQM1ugqBeRBmqkkBd28Xm,995.36992000,pubkeyhash,,,
254c26860ee6e525e983390225dd7d0a17fc1ccf0f13b37cd2783377a4647eb4,0,,0.00000000,nulldata,,,
254c26860ee6e525e983390225dd7d0a17fc1ccf0f13b37cd2783377a4647eb4,1,RHBQ9c1nbjRkpFriVt96SkqHzSxRvbAwju,991.16235000,pubkeyhash,,,
2562064085f814e6eb2701fc0b8108d9a394e43451a47460ca5d1f3e8deebcf4,0,,0.00000000,nulldata,,,
2562064085f814e6eb2701fc0b8108d9a394e43451a47460ca5d1f3e8deebcf4,1,RNoRfwNbCSePW16Dgc4pN5WgrYd4H1ikRD,992.05935000,pubkeyhash,,,
257b652911e37506c4935ba79b62e6200b0cc744350680ee2a4a5cae2df2c7ed,0,,0.00000000,nulldata,,,
257b652911e37506c4935ba79b62e6200b0cc744350680ee2a4a5cae2df2c7ed,1,RDe1s4Q72bByQQDh39owXRti5DVeQq7m4Q,990.32607000,pubkeyhash,,,
257c8ef645aa9d4035ab9ec4df204cbd7a605fcc5622355a176885c5e4573858,0,,0.00000000,nulldata,,,
257c8ef645aa9d4035ab9ec4df204cbd7a605fcc5622355a176885c5e4573858,1,RT7mBnHGJ2HVYTMkK9cx1ntkUjLPp4EPiN,989.15063000,pubkeyhash,,,
25906664032fc120940b9787313a56ff0fb9d89c88eb75f620eabcb015bf5063,0,,0.00000000,nulldata,,,
25906664032fc120940b9787313a56ff0fb9d89c88eb75f620eabcb015bf5063,1,RKJ3LBQosoJCaERdCPt4afhot62zy8sX7W,993.38967000,pubkeyhash,,,
25b9cd77e81bdfbe1e42d6d0207286327567fd523858c3d6017e199bad8b14dd,0,,0.00000000,nulldata,,,
25b9cd77e81bdfbe1e42d6d0207286327567fd523858c3d6017e199bad8b14dd,1,RDARSE7bUEeo3dpZNW527iGgok1f4pCTXy,990.38679000,pubkeyhash,,,
25bc7908984430a7585da0f2f8f9c02fed49af3c1319100dae0ac6f9184878d0,0,,0.00000000,nulldata,,,
25bc7908984430a7585da0f2f8f9c02fed49af3c1319100dae0ac6f9184878d0,1,RUnWy5CLrqx8Ryaq2vnJ7QkyVvauLuRT7P,989.24723000,pubkeyhash,,,
25c1f15cf1e1fb92c7a3aff9bcd6716c096250db2f8c07c715a2b795a9aa2a2a,0,,0.00000000,nulldata,,,
25c1f15cf1e1fb92c7a3aff9bcd6716c096250db2f8c07c715a2b795a9aa2a2a,1,RKJHAwuS8LjS2XxsMT4wxMiLAJAe2puxjP,990.63243000,pubkeyhash,,,
25c556bb27c643442591e66604b7d31e8f1785b16db7e795d8c69f1eecd8b29f,0,,0.00000000,nulldata,,,
25c556bb27c643442591e66604b7d31e8f1785b16db7e795d8c69f1eecd8b29f,1,RGpwW9z8DzAqSD5Y7d4UMUg55dd3ZX6aWm,993.48888000,pubkeyhash,,,
2605993d2d4656f267ece1529b560f39eaf0542e90a92c1c80cf45509d24cd77,0,,0.00000000,nulldata,,,
2605993d2d4656f267ece1529b560f39eaf0542e90a92c1c80cf45509d24cd77,1,RMVHm36zrknt8F173eQADqiJDzex16Q8SJ,989.79891000,pubkeyhash,,,
2618917c3a2615b66d1077359c6ff8710faf6ad9604e751312b631f97546b8af,0,,0.00000000,nulldata,,,
2618917c3a2615b66d1077359c6ff8710faf6ad9604e751312b631f97546b8af,1,RHwb9xKbxCkTb587CMv9DKf7XPqwZwRfkh,992.73003000,pubkeyhash,,,
263024b1a543f8efcfcb865804250007f110415a375b8e8ece851c267aee4b38,0,,0.00000000,nulldata,,,
263024b1a543f8efcfcb865804250007f110415a375b8e8ece851c267aee4b38,1,RDBFhrpx7RqwPzq5Voqv1pni3ffizsB6b2,992.23599000,pubkeyhash,,,
26468658f72d4ff1aa2a05824694cc60976fe90cb6c5ccdbaec14932d818350e,0,,0.00000000,nulldata,,,
26468658f72d4ff1aa2a05824694cc60976fe90cb6c5ccdbaec14932d818350e,1,RGbATSnsmRw5sybSrN3x1aDciRwuSvqTdr,989.19203000,pubkeyhash,,,
2647161e5a89422ec49d811c3e013237b641720d9a3b635feb6e0edba24f0541,0,,0.00000000,nulldata,,,
2647161e5a89422ec49d811c3e013237b641720d9a3b635feb6e0edba24f0541,1,RVV757ouQfGALrRC4UZi5Jdr7hTD8MCNkF,994.93172000,pubkeyhash,,,
267a53e3eecf64014f6f821021cf75f93f293c83b184bebeef58475cdce64774,0,,0.00000000,nulldata,,,
267a53e3eecf64014f6f821021cf75f93f293c83b184bebeef58475cdce64774,1,RKSZi6LCDgjMWMX8ZjYjeW24XArS94X3JW,990.03903000,pubkeyhash,,,
26b15af94608b78678868bd1497558a041f0e737b319b83a83446a01f1b0d7ca,0,,0.00000000,nulldata,,,
26b15af94608b78678868bd1497558a041f0e737b319b83a83446a01f1b0d7ca,1,RCoEXcrPpN2RcWF7kYrQDBgWxNFea5Y2qq,993.74280000,pubkeyhash,,,
26b23acfcefb066b226a7274124e568e946ed385350d26eb6fbba2a04a931065,0,,0.00000000,nulldata,,,
26b23acfcefb066b226a7274124e568e946ed385350d26eb6fbba2a04a931065,1,RUauGUhqopzsYZJtR2d4sy6gJ48toRshuv,992.67207000,pubkeyhash,,,
26d0c1ea364f4c1f90ab573403be745502df22ffe3fbdc808a5079ddb3dfe47c,0,,0.00000000,nulldata,,,
26d0c1ea364f4c1f90ab573403be745502df22ffe3fbdc808a5079ddb3dfe47c,1,RNyt5xoLa45vVaXgsa56kBb3A2nC78nY3W,995.14392000,pubkeyhash,,,
26e0507aa349683cfa0afa5955d62c210eed8e0e62df7a55ca3bea2e8aebdec4,0,RNnGqG97nqRSugwJw8s1dUVWv6tkWX492B,25.30265593,pubkeyhash,,,
26e0507aa349683cfa0afa5955d62c210eed8e0e62df7a55ca3bea2e8aebdec4,1,RSUrgPyq2H45UEURkKq11Qjii5Jm5FFifk,0.19625356,pubkeyhash,,,
26e0507aa349683cfa0afa5955d62c210eed8e0e62df7a55ca3bea2e8aebdec4,2,RMm2FNfTjZogzews3h7mFxTUp9kiXUiXy6,41.56967548,pubkeyhash,,,
26e0a3619d55a0902bb56f7ec4c72490814bb180696f233a34409b9e39ea70b0,0,,0.00000000,nulldata,,,
26e0a3619d55a0902bb56f7ec4c72490814bb180696f233a34409b9e39ea70b0,1,RD2JGc8kzkicpMr46C8VUdTV1WBRhrrfkm,990.73179000,pubkeyhash,,,
26ed884789d9eebee1f843f1d6c24aedcc72914c368ca42e6150e23b61433725,0,,0.00000000,nulldata,,,
26ed884789d9eebee1f843f1d6c24aedcc72914c368ca42e6150e23b61433725,1,RWL4mWSwk4AmknvRDtmgxmF9p7hqKArLpt,993.95256000,pubkeyhash,,,
26f3119f5047c716e99d18057cf4c31a3425d61db9b5570ed9d6c37a5a3e04aa,0,,0.00000000,nulldata,,,
26f3119f5047c716e99d18057cf4c31a3425d61db9b5570ed9d6c37a5a3e04aa,1,RCCxH8uy3wympRTPQBWtCe6Anp66MhNkGr,994.11540000,pubkeyhash,,,
271ae8d28d2c32b54eab139fbe6119c953f009f6677f5de53b8b7f2f42c7221e,0,,0.00000000,nulldata,,,
271ae8d28d2c32b54eab139fbe6119c953f009f6677f5de53b8b7f2f42c7221e,1,RRyCgStQJmaMt6NnQL1W6HVpt2yyrwYJbe,992.40711000,pubkeyhash,,,
275d92e5fe2b263571dfd78d815627c2108bd746eaf4f26cf3d693aca42a3de0,0,,0.00000000,nulldata,,,
275d92e5fe2b263571dfd78d815627c2108bd746eaf4f26cf3d693aca42a3de0,1,RQQ6j8JYLfb5jTSqitpR4DhF1cA9SSSw8v,993.08331000,pubkeyhash,,,
27737830d058f25fc5f5f17e3cb2815e429afee13639009e75328f718d1bdb34,0,RX1r2eyM1UW7y2xHcrTejDfyCUk1yBmz4i,306.44163487,pubkeyhash,,,
27737830d058f25fc5f5f17e3cb2815e429afee13639009e75328f718d1bdb34,1,RMsSQyavoM4KVjmbhuanBeqcx1HyywXkzF,34.03874426,pubkeyhash,,,
27a4cbf25c913dbb72d810bcd274926f0dbea5066fd8581d003d559fa433a976,0,,0.00000000,nulldata,,,
27a4cbf25c913dbb72d810bcd274926f0dbea5066fd8581d003d559fa433a976,1,REdMXJXbFt7xQdZ6FkP3rhGj8DP6DHfo88,995.02556000,pubkeyhash,,,
27b1bea0b411fb6b3629001ed1b77c5195b96a3d86ff17bdbb27eb5f2d72d059,0,,0.00000000,nulldata,,,
27b1bea0b411fb6b3629001ed1b77c5195b96a3d86ff17bdbb27eb5f2d72d059,1,RPTzgrpPPHnNSpMNRPbQgZDx9Mg2tRqFjw,989.92311000,pubkeyhash,,,
27b9717ec924a5571324e374f4fac967be4cbfdbe1c99e6c4f8564d8b23daa08,0,RA9XijJq1UY576oUYSpcYLAL4dtqZysHFw,34.00640295,pubkeyhash,,,
27b9717ec924a5571324e374f4fac967be4cbfdbe1c99e6c4f8564d8b23daa08,1,RX1r2eyM1UW7y2xHcrTejDfyCUk1yBmz4i,306.14965309,pubkeyhash,,,
286e7062572abeb16f651a45b9dafc3d3bf3b036eaa8dd000422c356affbff0d,0,,0.00000000,nulldata,,,
286e7062572abeb16f651a45b9dafc3d3bf3b036eaa8dd000422c356affbff0d,1,RNWZrhvDx7F6dGCTuD7B96QkB5fJxNMWkt,991.58739000,pubkeyhash,,,
286fa158788096ab379d355f3ff8c383306b9ab8979ece54629e7bfdbf0b4d04,0,,0.00000000,nulldata,,,
286fa158788096ab379d355f3ff8c383306b9ab8979ece54629e7bfdbf0b4d04,1,RRRM8dENVTvgdV646tTKLGHxFL4eBPMYyh,989.94795000,pubkeyhash,,,
287b432e569149afcb94953a913382c9a171257c4d46fa13ae7509ffd9ba881a,0,,0.00000000,nulldata,,,
287b432e569149afcb94953a913382c9a171257c4d46fa13ae7509ffd9ba881a,1,RS7Ab4a1gWDraAi2nBA8NheJD7oN67LUYu,989.43215000,pubkeyhash,,,
28963ca3f9e1dc77054737c314ec2bfc990bce3019a9859a29f78bfe2b9f521d,0,,0.00000000,nulldata,,,
28963ca3f9e1dc77054737c314ec2bfc990bce3019a9859a29f78bfe2b9f521d,1,RTxn6ee9q1He12xHs7X3Ns9ChJbGqxUc5F,991.87443000,pubkeyhash,,,
289b6ea98ca722d0c930697503fc188faa172f67683bdb511c5d684ed67d4a75,0,,0.00000000,nulldata,,,
289b6ea98ca722d0c930697503fc188faa172f67683bdb511c5d684ed67d4a75,1,RAzSmaofUopHagebBnkzfXxMJr8oJ45QQc,992.16147000,pubkeyhash,,,
289f396cb1b032440f15e01dd455d24e051905c795581c6698082da5bcdc6409,0,,0.00000000,nulldata,,,
289f396cb1b032440f15e01dd455d24e051905c795581c6698082da5bcdc6409,1,RLQoPUWbTknL3hUHM5MpFpGkK3CQ51VGGQ,990.41439000,pubkeyhash,,,
28b3202fe52537d90e4478f73d1168f796e17aa47396efc03f450557522c96ac,0,,0.00000000,nulldata,,,
28b3202fe52537d90e4478f73d1168f796e17aa47396efc03f450557522c96ac,1,RWbuLvuVfJwSvYu3KVhz6d96PKoKG8unQC,990.35367000,pubkeyhash,,,
28de6a7b9d3d6c935541939f1a751eb5569c136a87c242d85cc28094f26bff4b,0,,0.00000000,nulldata,,,
28de6a7b9d3d6c935541939f1a751eb5569c136a87c242d85cc28094f26bff4b,1,RGJVZArEUhotfkydHFwStmoKdWou6adWRT,989.67195000,pubkeyhash,,,
292b13dce4884ed78e7af3ad4e55bce6f7bf245d3ea26199f2f1c897e3c9109e,0,,0.00000000,nulldata,,,
292b13dce4884ed78e7af3ad4e55bce6f7bf245d3ea26199f2f1c897e3c9109e,1,RC3juS743rBqwULReTTLPwdmTh1Sba4QRN,992.19459000,pubkeyhash,,,
292bbd676637a2ef071df1282e49de8816cce8c301f54928df2b231a27ec3067,0,,0.00000000,nulldata,,,
292bbd676637a2ef071df1282e49de8816cce8c301f54928df2b231a27ec3067,1,RNZ72TXb8CvWwdfR4gUCCgz17QirTR5b7Y,994.20648000,pubkeyhash,,,
293d5fba7c8c97dff85e6e61d3998afaaf3c9758f3164e02bb44f09f9114712e,0,,0.00000000,nulldata,,,
293d5fba7c8c97dff85e6e61d3998afaaf3c9758f3164e02bb44f09f9114712e,1,RBdbR4fhszXfsTw6fgp3zneNnVKVQ15rr3,993.90012000,pubkeyhash,,,
298684216b01d1f802db5121bdfd5dda3f3b26804ddfa2a8beb88c6068d73bb2,0,,0.00000000,nulldata,,,
298684216b01d1f802db5121bdfd5dda3f3b26804ddfa2a8beb88c6068d73bb2,1,R9YkBkhd9sBCee4yD6TTDGe8dMzUzSy46h,994.09884000,pubkeyhash,,,
299600a250605a350d96489e9924e750f9a78cc96230099205d91f4490deaae1,0,RCmpnWV1VbGmFx82S7RCKEqVBJwNCs8Xn2,34.05156566,pubkeyhash,,,
299600a250605a350d96489e9924e750f9a78cc96230099205d91f4490deaae1,1,RX1r2eyM1UW7y2xHcrTejDfyCUk1yBmz4i,306.55704790,pubkeyhash,,,
299bc98e4f6ec406f92aa17069aeff3915f63ac6c151b47b9adba861b04c0377,0,,0.00000000,nulldata,,,
299bc98e4f6ec406f92aa17069aeff3915f63ac6c151b47b9adba861b04c0377,1,RNtbJD8MRfZVXpqZdcpUM8jeqmQTbqjSc8,991.13475000,pubkeyhash,,,
29b8ea401715b8100b6d07a906f2f6a4d063dd0d2d1dafb471ab6e257fc20f8f,0,RTawp15doJEMFahJrdLe4aoKGMh3J7s5ZM,20.33166980,pubkeyhash,,,
29d8d3b2aabdb5ab42a778dc8db23015b6ba18b09f0543b6b408c0bdec8d3d69,0,,0.00000000,nulldata,,,
29d8d3b2aabdb5ab42a778dc8db23015b6ba18b09f0543b6b408c0bdec8d3d69,1,RBtYWoMsRzK6Zpaz5rVtGR5H4jUtyYHKeG,992.18355000,pubkeyhash,,,
29ddc4f48364be27ee54625a257d585a7532944692dfb0799102b4e69f6c96dd,0,RBasdyNy9xc8XRMujQdKDqT6YFsz1YePhY,27.85122515,pubkeyhash,,,
29ddc4f48364be27ee54625a257d585a7532944692dfb0799102b4e69f6c96dd,1,RA2WfNqETPmUgjGNFARkBqT45wNRsvDsgi,510.27346387,pubkeyhash,,,
29ddc4f48364be27ee54625a257d585a7532944692dfb0799102b4e69f6c96dd,2,RHvY8nbzytTk2RJQhDspkP9hfPsAJFXCE7,25.90623016,pubkeyhash,,,
29e6fd4e79762001f14add30ac76d5738073155f4d67dbfd37858b6be5f19199,0,,0.00000000,nulldata,,,
29e6fd4e79762001f14add30ac76d5738073155f4d67dbfd37858b6be5f19199,1,R9geEz427obQGrhUgCfUzGb1TfXWNMJPuo,989.34107000,pubkeyhash,,,
2a112994e74acefd2390b2bf0761835250893fb8c796cc1f85f829e9b61b5603,0,RX1r2eyM1UW7y2xHcrTejDfyCUk1yBmz4i,306.37377502,pubkeyhash,,,
2a112994e74acefd2390b2bf0761835250893fb8c796cc1f85f829e9b61b5603,1,R9UjhZj2qSUj3NjNuocNhLzqrCQv9NgssU,34.03120503,pubkeyhash,,,
2a1ef914fc53cf9952d4937891e792c3eb7e0ac40c51d3a8b5a120ff72839f87,0,,0.00000000,nulldata,,,
2a1ef914fc53cf9952d4937891e792c3eb7e0ac40c51d3a8b5a120ff72839f87,1,RFN77V3MdtrSrg6A6n9fzog8KKiSEZxs13,989.02919000,pubkeyhash,,,
2a2130f3384dce82dac36fd6251619b4f27fe9c32bf35adbded0da1a0281de7c,0,,0.00000000,nulldata,,,
2a2130f3384dce82dac36fd6251619b4f27fe9c32bf35adbded0da1a0281de7c,1,RW8QbB1YWxwabJucQE77CuTEzozo87uK5E,992.26635000,pubkeyhash,,,
2a25624e0e5398930e20d1cdfc0a3cb0523c4b0c1b0ec86508961f6bdb9a3f69,0,,0.00000000,nulldata,,,
2a25624e0e5398930e20d1cdfc0a3cb0523c4b0c1b0ec86508961f6bdb9a3f69,1,RS8cPX35WtguCM4LZthq4LwiPmm5tXhLp5,990.08595000,pubkeyhash,,,
2a2afeb1c693b0c64e45ad631982d61b6a2bd370d48c424636a2cfca4677e1f1,0,,0.00000000,nulldata,,,
2a2afeb1c693b0c64e45ad631982d61b6a2bd370d48c424636a2cfca4677e1f1,1,RAwmYMmGajqFz8irga1MDNDCddEzeeCBgh,992.62239000,pubkeyhash,,,
2a3ac39b78b5af6544a8ebe15309d78b5fe7ef4cc404645f2bb0d4441eb16fb9,0,,0.00000000,nulldata,,,
2a3ac39b78b5af6544a8ebe15309d78b5fe7ef4cc404645f2bb0d4441eb16fb9,1,RY89RyLJH7Bm5TJyFE1257KGmHgziMxqva,995.02004000,pubkeyhash,,,
2a45645c1438a585f65734a07a62b62ffd0c0535545bbc786065baa9e1d54b1e,0,,0.00000000,nulldata,,,
2a45645c1438a585f65734a07a62b62ffd0c0535545bbc786065baa9e1d54b1e,1,RHKj9wivZZGwZ6PZkyAkMeUauyvRXLGAth,994.88204000,pubkeyhash,,,
2a54ddd8848d6173f2547d2ada8b900a7c121d18f5c487b573116059ba09f967,0,,0.00000000,nulldata,,,
2a54ddd8848d6173f2547d2ada8b900a7c121d18f5c487b573116059ba09f967,1,RRuer5WM8UnBhWCjuiPms7SGrBgdUAjkw5,995.02280000,pubkeyhash,,,
2a5a0cf56f835148b5b0d726e8b1911488a81c3ed15fd08a3381033763a491b7,0,,0.00000000,nulldata,,,
2a5a0cf56f835148b5b0d726e8b1911488a81c3ed15fd08a3381033763a491b7,1,RLi2dGuh6BvBCHfatAQaUpq6GYxxbq7FAW,992.00415000,pubkeyhash,,,
2a62cf5157c13dcf2ce1852d3c451b6098a9388fff51593024c6f0397fe54d1c,0,RKvF18oHToQBMKfAe6o5hHHtDo2iVeznMe,5500.08040000,pubkeyhash,,,
2a62cf5157c13dcf2ce1852d3c451b6098a9388fff51593024c6f0397fe54d1c,1,RQLJqxjLPzB6Rb2hKb7bHbACFNhpq11zhv,6505.37305305,pubkeyhash,,,
2a7655c4a6d91b507fd52375a6c0ba511056340d3cdde60963f96e1d5b580a79,0,,0.00000000,nulldata,,,
2a7655c4a6d91b507fd52375a6c0ba511056340d3cdde60963f96e1d5b580a79,1,RBv78EFtyNkJF6qsz53ugemsQpvoqqrnVH,995.24848000,pubkeyhash,,,
2a8a31a8c24361100b51c7507cca5d6163076fab96ee72acd9b4f6e91b820417,0,,0.00000000,nulldata,,,
2a8a31a8c24361100b51c7507cca5d6163076fab96ee72acd9b4f6e91b820417,1,RLn7eSxhJST3638J4gsycK4BVzfyvnFX5f,990.11631000,pubkeyhash,,,
2a8bce62e088379b785aca0a96ea2448053ac2844ea09099a00352b5420efc8d,0,,0.00000000,nulldata,,,
2a8bce62e088379b785aca0a96ea2448053ac2844ea09099a00352b5420efc8d,1,RNxY42dr6AgyeQjfYE6FuadDVvHKc3Fg1m,994.90136000,pubkeyhash,,,
2aab352ad89ad6335d504246e80da1c4682ace220fffeb5c7502e2a2bd7ab264,0,,0.00000000,nulldata,,,
2aab352ad89ad6335d504246e80da1c4682ace220fffeb5c7502e2a2bd7ab264,1,RFvR34FL1YKJ7QvGboqUN236rW1ZcVyosY,991.20099000,pubkeyhash,,,
2abe73397ed11273ce2c5a104e64e94aa9ac8ad962e03d0d55d9833ae22a528b,0,,0.00000000,nulldata,,,
2abe73397ed11273ce2c5a104e64e94aa9ac8ad962e03d0d55d9833ae22a528b,1,RB4bcpYvdKJCooJxuxq3HLk3inrAdPNM98,994.57016000,pubkeyhash,,,
2ad75115ec582435471d7e0f32088cc09b439884c9c84ef61fe6b229875b78ed,0,,0.00000000,nulldata,,,
2ad75115ec582435471d7e0f32088cc09b439884c9c84ef61fe6b229875b78ed,1,RLBGW3953bxbea7Fmtmi1wPbq25FUwf1SH,991.17063000,pubkeyhash,,,
2aea4608c33f9cb45293763191d65bc29e83da4ed98217d5fba0113c584a2537,0,,0.00000000,nulldata,,,
2aea4608c33f9cb45293763191d65bc29e83da4ed98217d5fba0113c584a2537,1,RW1hkvMwJJ6TSAF6FogUj9LogW6MSyw3aH,992.57271000,pubkeyhash,,,
2aee1c8d2b908b062892705cf57e767698ede4eeb47dfbb10d4cad10065478c4,0,RFA6nV12S1Yz3QrLpd7dUpadAdTVJTMcTm,34.01907650,pubkeyhash,,,
2aee1c8d2b908b062892705cf57e767698ede4eeb47dfbb10d4cad10065478c4,1,RX1r2eyM1UW7y2xHcrTejDfyCUk1yBmz4i,306.27564778,pubkeyhash,,,
2b1ef19a78e26463fc75a20af34e66f88aa4cac63e99124a40d4ade70c38859c,0,RHci2YoRsd6TAWGj7Cb5Fx9TCcDKKHZdhn,0.89837067,pubkeyhash,,,
2b6c761516e8af237d850b6e0a68e5d98e2900b84b80b1fc18ebb77abc719d5c,0,,0.00000000,nulldata,,,
2b6c761516e8af237d850b6e0a68e5d98e2900b84b80b1fc18ebb77abc719d5c,1,RNXjQcaXf55ZCJ15NSfupA32N8R1gpRyZm,993.07779000,pubkeyhash,,,
2b7225c679a91f09cb916fe9808518d4304ef531ef1646611360e34ad22b4566,0,RUaPANYbPhRKX82RV3Fgcj24oxQ53fiN2m,0.00621790,pubkeyhash,,,
2b7225c679a91f09cb916fe9808518d4304ef531ef1646611360e34ad22b4566,1,RX1r2eyM1UW7y2xHcrTejDfyCUk1yBmz4i,306.24626492,pubkeyhash,,,
2b749c5501d9617d78db5bb268b81659b699f5311e48e3b8c94e00ba815df402,0,,0.00000000,nulldata,,,
2b749c5501d9617d78db5bb268b81659b699f5311e48e3b8c94e00ba815df402,1,RGRwZhp42QyWAEePFfbAaZhJvwztdHHew6,991.15683000,pubkeyhash,,,
2b77475f500079a3792759f7d8494eb294757ae97087b3591df9d4f9f8a9e84e,0,,0.00000000,nulldata,,,
2b77475f500079a3792759f7d8494eb294757ae97087b3591df9d4f9f8a9e84e,1,RMRXofXrBGFKt4kxDe9kaAfDTwcuay5Y9Y,989.18927000,pubkeyhash,,,
2b7f5683ef06cca27073ec7639111932e9b8e3e49379f379991220a4c06ed692,0,,0.00000000,nulldata,,,
2b7f5683ef06cca27073ec7639111932e9b8e3e49379f379991220a4c06ed692,1,RSS6X84GUUtD1hbuGNSGwYemv4jeeXs8tu,991.48803000,pubkeyhash,,,
2ba265e33e2fd87847811ccfe425658fc2975459ed1371ce555b31f1bdbb7086,0,RX1r2eyM1UW7y2xHcrTejDfyCUk1yBmz4i,306.58760948,pubkeyhash,,,
2ba265e33e2fd87847811ccfe425658fc2975459ed1371ce555b31f1bdbb7086,1,RDz1RBqmTnfME5nkirwFdZtZ5QDQqshKJN,34.05496051,pubkeyhash,,,
2bc27cbc84da55a5563f0e7fc0bba2ebdb12d4dd98908cdb14309a20983aa7b2,0,,0.00000000,nulldata,,,
2bc27cbc84da55a5563f0e7fc0bba2ebdb12d4dd98908cdb14309a20983aa7b2,1,RAbv8Fd1BND6sFj4p49vya6sKYibeGjfR7,991.83579000,pubkeyhash,,,
2be3f7a5a211d0a35f060ebe0163c23af3cc284a504d07a72eca4ddf770d4d02,0,,0.00000000,nulldata,,,
2be3f7a5a211d0a35f060ebe0163c23af3cc284a504d07a72eca4ddf770d4d02,1,RQX88KJDqAehBzcaYRMteUwRFnMHEhw3Zm,989.20031000,pubkeyhash,,,
2bf85cd78233fd1cd8ff97c7787c090e154b3be01bbbc0932fa3bb7ee29bf401,0,,0.00000000,nulldata,,,
2bf85cd78233fd1cd8ff97c7787c090e154b3be01bbbc0932fa3bb7ee29bf401,1,RWWvSzbfvezCy22o8ZWj6nmxRAvcQkhp2c,994.99520000,pubkeyhash,,,
2bfb0f937d3c13c28c43232bf32862be12baea316f8d32854b835945bfbe7bac,0,,0.00000000,nulldata,,,
2bfb0f937d3c13c28c43232bf32862be12baea316f8d32854b835945bfbe7bac,1,RR5Xk7XvwYBzuDZQWmpmisjkoH6761DWkg,993.42540000,pubkeyhash,,,
2c0fa5c766e75d1f81f54edcd6140c9d6c4bed24ca84585ca28028ec8d9b63c1,0,,0.00000000,nulldata,,,
2c0fa5c766e75d1f81f54edcd6140c9d6c4bed24ca84585ca28028ec8d9b63c1,1,R9g4tEdsFuyzQoQHH7tUHo8sepgWjg8GxN,991.76403000,pubkeyhash,,,
2c1ece6765758d2582f9846e30f456ec0d07d4c0fd9b20ac68f050239810e433,0,,0.00000000,nulldata,,,
2c1ece6765758d2582f9846e30f456ec0d07d4c0fd9b20ac68f050239810e433,1,RMUXwDY4JfrWRvEsPytuQNRthD4QdjEZc2,994.42144000,pubkeyhash,,,
2c282b51ec06404b3745dc40ea6bcac2f9b7617e6a1739e9fcf760c4028f169f,0,,0.00000000,nulldata,,,
2c282b51ec06404b3745dc40ea6bcac2f9b7617e6a1739e9fcf760c4028f169f,1,RPbCQU3nVKpp1zySHsc93KQGWREt8hTAHH,992.01519000,pubkeyhash,,,
2c2b9fdf0e1df98bde833568e432f3985a962d49c624d32c6160caf49126bf18,0,,0.00000000,nulldata,,,
2c2b9fdf0e1df98bde833568e432f3985a962d49c624d32c6160caf49126bf18,1,RP5R2BXdDDT96HGS14ZsdajiTWxokJ2tVt,992.56443000,pubkeyhash,,,
2c4a9b1857eb90d8703764eeba00138e2b7ff7c6bfccd7f986fc90272296d461,0,,0.00000000,nulldata,,,
2c4a9b1857eb90d8703764eeba00138e2b7ff7c6bfccd7f986fc90272296d461,1,RQKxm4BeSbqV4Ev91y9UB8YfXmJN7vTSih,992.44575000,pubkeyhash,,,
2c5e7ae1e3af07118a38b6b750956efe6764b80364225cd78cc31f0ab4a5c43e,0,RX1r2eyM1UW7y2xHcrTejDfyCUk1yBmz4i,306.44502823,pubkeyhash,,,
2c5e7ae1e3af07118a38b6b750956efe6764b80364225cd78cc31f0ab4a5c43e,1,RUMvSWpuYTAVtLcG2cfSFdKFcy3fN7u6hE,34.03912123,pubkeyhash,,,
2c5f454e5bab425ab085ccfa449a589accf4242a9f1e0e2924108630e5976a4f,0,,0.00000000,nulldata,,,
2c5f454e5bab425ab085ccfa449a589accf4242a9f1e0e2924108630e5976a4f,1,RBvzwj45X7jm46m5fTVWJqoxaicxqiJmDD,989.31071000,pubkeyhash,,,
2c6290075398bbe2c0e367cc5aad8ac42fa4b173d2c5e2252d222814edd939a4,0,,0.00000000,nulldata,,,
2c6290075398bbe2c0e367cc5aad8ac42fa4b173d2c5e2252d222814edd939a4,1,RFaiAegcBvw2cHUnLrj3HLctHpamthjqr8,990.09699000,pubkeyhash,,,
2ca75658fdd5f02a344bca5fb5a19fe870c4e5ea5c2c160e00f7f7aaef488a10,0,RX1r2eyM1UW7y2xHcrTejDfyCUk1yBmz4i,306.53667502,pubkeyhash,,,
2ca75658fdd5f02a344bca5fb5a19fe870c4e5ea5c2c160e00f7f7aaef488a10,1,RJbmLGdKRMVuMvVVThYP8tSsegAzKvGnEx,34.04930228,pubkeyhash,,,
2caa72d9a0778ae452cbee8786e27ad20c1229e2d92299872387e94042bd583e,0,,0.00000000,nulldata,,,
2caa72d9a0778ae452cbee8786e27ad20c1229e2d92299872387e94042bd583e,1,RSmeTKE3jEQR6hMCuyMwsFBHhLdFyVv24v,989.38523000,pubkeyhash,,,
2cb4f716041e4e0d33e45ab178c77bc6910c6253e241f8f2c02fee2fb12e69a0,0,,0.00000000,nulldata,,,
2cb4f716041e4e0d33e45ab178c77bc6910c6253e241f8f2c02fee2fb12e69a0,1,RYTXEr7AQGMYFBB6MiHLmW1boUS76DLmmC,991.97103000,pubkeyhash,,,
2cb6ac65645888ccef10e3bbd3fa0a0f9ebeadb1ce919f7e2c18cd6c4b6206fd,0,,0.00000000,nulldata,,,
2cb6ac65645888ccef10e3bbd3fa0a0f9ebeadb1ce919f7e2c18cd6c4b6206fd,1,RDzrGEmVHjMxYn6ge29GkUcZ1d8EDjc1dV,990.08871000,pubkeyhash,,,
2cb9bb8d73a3aea13554f7c5f5ad99ece592756e03cec892426e143da8b7ea77,0,,0.00000000,nulldata,,,
2cb9bb8d73a3aea13554f7c5f5ad99ece592756e03cec892426e143da8b7ea77,1,RVzdSUiUd2qHM7aBaJ1tkLtc9Xkv1X9jiP,991.39143000,pubkeyhash,,,
2cd88184fa525e245f410d1d58e636957f0b7c1d6718fd2b53cc5c72c35319bc,0,,0.00000000,nulldata,,,
2cd88184fa525e245f410d1d58e636957f0b7c1d6718fd2b53cc5c72c35319bc,1,RDYF7heT7ZRy6PaPX4X5UnL19oEx99xAuK,993.99396000,pubkeyhash,,,
2cdcd3528fae08263efad03fa02939056a369386a18e3f00d11587000f14469a,0,,0.00000000,nulldata,,,
2cdcd3528fae08263efad03fa02939056a369386a18e3f00d11587000f14469a,1,R9vkFRdyyL1eKVppD3aSCE3uZTgqpCxyQ6,993.72624000,pubkeyhash,,,
2d2e6f299cfbc0dc9dc51ec19342e0c855fca8f7e0322f72a19d7353f18b4453,0,,0.00000000,nulldata,,,
2d2e6f299cfbc0dc9dc51ec19342e0c855fca8f7e0322f72a19d7353f18b4453,1,RVKPffY5DudZXcR31oSv2XKsMrNaT5hYab,993.53304000,pubkeyhash,,,
2d765a625fef8da6fa77729307317bbd2efa533c9699e399dfb8a50e32207894,0,,0.00000000,nulldata,,,
2d765a625fef8da6fa77729307317bbd2efa533c9699e399dfb8a50e32207894,1,RSyhqPB9XJL4iEQ4EEuDvxubtSJ6UtAiYH,992.02623000,pubkeyhash,,,
2d828f2fc7d577eec0ef636e177ab4214e419574bb39d1c808040f73a67cf10c,0,,0.00000000,nulldata,,,
2d828f2fc7d577eec0ef636e177ab4214e419574bb39d1c808040f73a67cf10c,1,RXsFHrtzuQPpHhQnYbdTyG8Rw5khz1UMN7,994.85996000,pubkeyhash,,,
2d8b1407f534976f0413d4fc590f132a8c888389126a0cd068f1ff83328a0607,0,,0.00000000,nulldata,,,
2d8b1407f534976f0413d4fc590f132a8c888389126a0cd068f1ff83328a0607,1,RWEYL3mDo2oNg9X6WUDLuxRt8oXrZhEuQA,994.81028000,pubkeyhash,,,
2d8d952ae6e7185af60a221113ae55a15b078c3439dd4dc08f99ab100c8099ef,0,,0.00000000,nulldata,,,
2d8d952ae6e7185af60a221113ae55a15b078c3439dd4dc08f99ab100c8099ef,1,RUsWEj9g1hSZz75vboqjxukkh3D9smftLS,993.19647000,pubkeyhash,,,
2d910d7fd86a31aafa015d44eaa4114ab2e432def73847e3fc36fbdcc62193e4,0,,0.00000000,nulldata,,,
2d910d7fd86a31aafa015d44eaa4114ab2e432def73847e3fc36fbdcc62193e4,1,RUoSkiLgDtBTE9ywqCcdt6T19E6nbvNWis,991.03815000,pubkeyhash,,,
2dbfdf64e93379dd66e7ff36073d46319c0180b8b70ee5bdd5908a84944dd0e5,0,,0.00000000,nulldata,,,
2dbfdf64e93379dd66e7ff36073d46319c0180b8b70ee5bdd5908a84944dd0e5,1,RDZmpqp9qpR4Tc438eKEC8HgYp3zxjqwW9,992.45955000,pubkeyhash,,,
2dc2b97553be82e10070623b85236d934ce607f44431db6b31a2d25af6092bb2,0,,0.00000000,nulldata,,,
2dc2b97553be82e10070623b85236d934ce607f44431db6b31a2d25af6092bb2,1,RHtL8SWhWB58RDfXpacJoaWdLbwP4B6h5R,990.54411000,pubkeyhash,,,
2dc503c070c3ad64cc559ee0b150d6d6c0e67aa036b4193e14ad3700f79c69fe,0,,0.00000000,nulldata,,,
2dc503c070c3ad64cc559ee0b150d6d6c0e67aa036b4193e14ad3700f79c69fe,1,RUn3XSqhdUcHCx8ARDZSE95NHFBZVi8Bct,989.48459000,pubkeyhash,,,
2dc7e1cffa3921474d8934e7903ec8ad4e6e71d00353600f66d0f277549ff254,0,,0.00000000,nulldata,,,
2dc7e1cffa3921474d8934e7903ec8ad4e6e71d00353600f66d0f277549ff254,1,RLPaYzH91NQoXbZDNF7kQnv5zPtqoe8qkH,989.71335000,pubkeyhash,,,
2ddf1df37a6ec888f0433aa70cec7c134b0a71fb34df5a5448dbafa83088b07d,0,,0.00000000,nulldata,,,
2ddf1df37a6ec888f0433aa70cec7c134b0a71fb34df5a5448dbafa83088b07d,1,RMzjfxxRUrYtaCDipM2P6q36hxkB7x3eSw,991.75575000,pubkeyhash,,,
2dece13a133be0b9de5b8b2c267839e020d007388308da80be2ae4079b5c3197,0,,0.00000000,nulldata,,,
2dece13a133be0b9de5b8b2c267839e020d007388308da80be2ae4079b5c3197,1,RERuKbsAjFtLGaoACB5vXx72Z5ugi7puJf,994.71368000,pubkeyhash,,,
2e0bdce667b9e9ec14829b8309e6e0c5b5b50ba5acc50acf190c95bf46a8cc75,0,,0.00000000,nulldata,,,
2e0bdce667b9e9ec14829b8309e6e0c5b5b50ba5acc50acf190c95bf46a8cc75,1,RGpWa7Ck5T5u8i1fmTsr92k5BFQBdSXVbU,992.02347000,pubkeyhash,,,
2e27035225d3761c1c1c0801471374daefb9ba125869d100c2f6c2b695e543c9,0,,0.00000000,nulldata,,,
2e27035225d3761c1c1c0801471374daefb9ba125869d100c2f6c2b695e543c9,1,RDu4WPC39sbkS3geWsRB3y5HVp7y8K2PbX,989.42939000,pubkeyhash,,,
2e271a64d57644d67d128deecf7f3933e586408eead5d4c5c2db2a5343cd8928,0,,0.00000000,nulldata,,,
2e271a64d57644d67d128deecf7f3933e586408eead5d4c5c2db2a5343cd8928,1,RK1u7qkqWTGfG4Aj4yDBoDkDpDGVcNPCgN,991.37763000,pubkeyhash,,,
2e334890dcc111a179419d01f22b34b44035e1a3bb4dacd8e17b8d14f35caede,0,,0.00000000,nulldata,,,
2e334890dcc111a179419d01f22b34b44035e1a3bb4dacd8e17b8d14f35caede,1,RQ3Hm4rP9SUYvJgQ3fkVbNE7SYQUWiZ1gb,994.38588000,pubkeyhash,,,
2e56136b1de9895d75be42e196058cde13b54d5edb3f13a83e413afe3b72cc9f,0,,0.00000000,nulldata,,,
2e56136b1de9895d75be42e196058cde13b54d5edb3f13a83e413afe3b72cc9f,1,RKfJfH6dT99Pz9hFLnpGrUMGogoJjngaBd,989.27759000,pubkeyhash,,,
2e5f0fa7530a21a0af9a6bd490253a1aa32425c2f52f35262b5cc812479c7eab,0,,0.00000000,nulldata,,,
2e5f0fa7530a21a0af9a6bd490253a1aa32425c2f52f35262b5cc812479c7eab,1,RHLQUDdCegVmV9K6Z3B11MpFqaYR82rfTJ,988.95743000,pubkeyhash,,,
2e813a9c11ff43d4734734c39c8e62efe7eaba76362b95db441fc03c155483de,0,,0.00000000,nulldata,,,
2e813a9c11ff43d4734734c39c8e62efe7eaba76362b95db441fc03c155483de,1,RJUGVjpJiAMW6QkqHtpA1nSS3vuhQJAyTw,995.11908000,pubkeyhash,,,
2e831d0abc2488e21cdf9cb84ab88b94088baec5ba6821b959a569f35214a9f3,0,,0.00000000,nulldata,,,
2e831d0abc2488e21cdf9cb84ab88b94088baec5ba6821b959a569f35214a9f3,1,RMM48t3xNhGW8HNkBLvjV7ugsJUzAJUUAt,990.87807000,pubkeyhash,,,
2e8689541d933cec9f71b834e1bce4cd70b389e341ff2316af5ae82f66255049,0,RFFkTBhahhqHJVTjG9qwot6ZSxE89v9NSn,440.81785100,pubkeyhash,,,
2e8a6f082fb5d1f3cb5c2e5208dc1fe09814c69b2a5a054c66f84eceff04a119,0,,0.00000000,nulldata,,,
2e8a6f082fb5d1f3cb5c2e5208dc1fe09814c69b2a5a054c66f84eceff04a119,1,REojJqDQU1dKU94Qw3P8DJvAodbdXJN3Bn,991.10991000,pubkeyhash,,,
2eb48fd15c89daba41b950a0b00762594e2dfcfdc35d245213ded688b0ada9ee,0,,0.00000000,nulldata,,,
2eb48fd15c89daba41b950a0b00762594e2dfcfdc35d245213ded688b0ada9ee,1,RHioEjX5NDQuQeyyVnKjN1BXCrG4fpT4Gy,993.28479000,pubkeyhash,,,
2ebcf82be576ea40e6f3ade0c6fb66a0d509585d7feb3c338e1d8296006b759b,0,,0.00000000,nulldata,,,
2ebcf82be576ea40e6f3ade0c6fb66a0d509585d7feb3c338e1d8296006b759b,1,RKfcSpcasEaWpvPpAW5iAVAaesjkhPpESa,994.45424000,pubkeyhash,,,
2ed0294018e7c36fed393b87d19fc65e0d16fb8deb2d98701845ce8fa03e97ba,0,,0.00000000,nulldata,,,
2ed0294018e7c36fed393b87d19fc65e0d16fb8deb2d98701845ce8fa03e97ba,1,RRys5RXQxPhuXARkZ3FSBgPg2FxrHcg3k8,995.19052000,pubkeyhash,,,
2f3ac0fef362952ab4cbe012625e6721033728cf255d18bb4f89cb2056f15e1f,0,RDP6CTu7RsUQ7bjSTEqjHR64dxgyK79U9m,0.00645576,pubkeyhash,,,
2f3ac0fef362952ab4cbe012625e6721033728cf255d18bb4f89cb2056f15e1f,1,RX1r2eyM1UW7y2xHcrTejDfyCUk1yBmz4i,306.29706068,pubkeyhash,,,
2f50a61a94e1d27a5d4c31e85f5986ec7c96ca56bd1c00dd317afdcf9ad9c721,0,,0.00000000,nulldata,,,
2f50a61a94e1d27a5d4c31e85f5986ec7c96ca56bd1c00dd317afdcf9ad9c721,1,RRY1w7qzVFe9aVLmVzWcK5EtMLj1V4Crgf,992.42367000,pubkeyhash,,,
2f631cb508ee03a61ad24744465f471312cd9cfb89a867a615e496776108d735,0,,0.00000000,nulldata,,,
2f631cb508ee03a61ad24744465f471312cd9cfb89a867a615e496776108d735,1,RJe4SF4kfz6UX1iPY3xKM7rEbx3YvQC4UQ,994.02156000,pubkeyhash,,,
2f9db013a9394bbc2d7269022e5dfa45b649fa623547c7f1e8fa5fe80b775308,0,,0.00000000,nulldata,,,
2f9db013a9394bbc2d7269022e5dfa45b649fa623547c7f1e8fa5fe80b775308,1,RWK836ZXuePJyRCLgAYWhRkC1Zb42WAvz1,991.84959000,pubkeyhash,,,
2fa09f00271a36d60c72ccdd1584f0921804366f96c4952fe33dbd4fcef4058a,0,,0.00000000,nulldata,,,
2fa09f00271a36d60c72ccdd1584f0921804366f96c4952fe33dbd4fcef4058a,1,RHkojBEAAKERwrF4Js88JHuVQLYmVar3Ca,993.64896000,pubkeyhash,,,
2fa84e59aee454c6b30c035b506d3711e3a510db83c1ac2ab39e66cb3e876e5c,0,,0.00000000,nulldata,,,
2fa84e59aee454c6b30c035b506d3711e3a510db83c1ac2ab39e66cb3e876e5c,1,RPkjVYkridSg89NxsUY8Ua31bG7pM64QAb,994.50944000,pubkeyhash,,,
2fa9d61e26abb1e413061fe899e27d663cd5257017763353ee8d41f8e1ae8109,0,,0.00000000,nulldata,,,
2fa9d61e26abb1e413061fe899e27d663cd5257017763353ee8d41f8e1ae8109,1,RJcDqPMiidUhXE1iBxVyK5iLh2ffvuaRas,991.33071000,pubkeyhash,,,
2fb51299b06f5bfcfc1fd16ccd548570a2c2341e57792a93f3af00fe10474ee2,0,RMKd7jAm9y682pLc6QiHSUFTxZReSRKZfe,2470016.49648880,pubkeyhash,,,
300e6671ec4adac1ea5b3e2849a4c1b666664d6d62a6e401e6f42ca25480acce,0,,0.00000000,nulldata,,,
300e6671ec4adac1ea5b3e2849a4c1b666664d6d62a6e401e6f42ca25480acce,1,R9NtpDyadJnPbFfbXUTAnsxSJNcxPQgfsQ,991.98207000,pubkeyhash,,,
3025bc13bd4b0982f63fdb9f35ed8fd91dec878e663b0d2e93bc157bf7347762,0,,0.00000000,nulldata,,,
3025bc13bd4b0982f63fdb9f35ed8fd91dec878e663b0d2e93bc157bf7347762,1,RPdg49pc3i5HVpa15SUR1J72LpgGvqgRoB,994.48184000,pubkeyhash,,,
303069c23c36e8eab08b7d38b84b346286e0d33ccf91891a9366f00b6a060ffe,0,,0.00000000,nulldata,,,
303069c23c36e8eab08b7d38b84b346286e0d33ccf91891a9366f00b6a060ffe,1,RYZKSFEQfNxKax7rTwqTUD4G5cLRnwyu9z,990.08319000,pubkeyhash,,,
306aee0bc9495e0ae8afda51d8b28752a34ac282efff528446656da877077991,0,RX1r2eyM1UW7y2xHcrTejDfyCUk1yBmz4i,306.22134498,pubkeyhash,,,
306aee0bc9495e0ae8afda51d8b28752a34ac282efff528446656da877077991,1,RMDyu6Fp6EuZppTSGWcBUD4XS2YFso3enk,34.01554256,pubkeyhash,,,
308c1c2acf046355b88900ee85c824d0ae8ae95589827718f46ef083d874ad82,0,,0.00000000,nulldata,,,
308c1c2acf046355b88900ee85c824d0ae8ae95589827718f46ef083d874ad82,1,RWtGsVkR5YnvQazUK5cJDdfn2hNvuBTo8r,991.24239000,pubkeyhash,,,
308fee217b4df9cc789fdbfc8cdb52ab9304e7647ed807cc3f513b137e6a50a6,0,,0.00000000,nulldata,,,
308fee217b4df9cc789fdbfc8cdb52ab9304e7647ed807cc3f513b137e6a50a6,1,RPWwZ4FcHdqDo9PzhxYEmGsBEHFF8wrDqg,991.75851000,pubkeyhash,,,
309b889ce189f226dc05428fd35fa0aa0dd24fc208a0301457226c9f9906f9dd,0,,0.00000000,nulldata,,,
309b889ce189f226dc05428fd35fa0aa0dd24fc208a0301457226c9f9906f9dd,1,RG1GqtuRG1pbpdimL4xiEcFykpcZNMRNhf,994.34172000,pubkeyhash,,,
30f83532a6ac019d1783aa82ec5b6a66b55581ca616dbf85e0e17ddb71b87d76,0,,0.00000000,nulldata,,,
30f83532a6ac019d1783aa82ec5b6a66b55581ca616dbf85e0e17ddb71b87d76,1,RUKsCEo7pGdKbUFPASoPhCxGGoWQgXsTdT,991.80543000,pubkeyhash,,,
311b47dfefbbaaddb4ae59c36c4ebe7c86309da218ca387d50ecdbe104cd6cc8,0,,0.00000000,nulldata,,,
311b47dfefbbaaddb4ae59c36c4ebe7c86309da218ca387d50ecdbe104cd6cc8,1,RQ3FfUk3dd42dU1NvPB515wJLdomSU8JFG,989.77407000,pubkeyhash,,,
313b1581c937d8c2e5a5afb83cfcf6a1a1d38e8f2a29c67f8bdd903b4ee89070,0,,0.00000000,nulldata,,,
313b1581c937d8c2e5a5afb83cfcf6a1a1d38e8f2a29c67f8bdd903b4ee89070,1,RWsiz1T19M7uiRh585afRq99mS33no1xQ4,990.80631000,pubkeyhash,,,
313fd47e94c33c9aa56fce82f7ff1d22e6f25ffd946d9757472b3e2fa56122d2,0,,0.00000000,nulldata,,,
313fd47e94c33c9aa56fce82f7ff1d22e6f25ffd946d9757472b3e2fa56122d2,1,RMmnSo26SArQTSVS3eRgApd5NFJRiHGHkE,992.46783000,pubkeyhash,,,
3166d6be5340a7472a21858f8c4956f298295c773cbc903fe5e7924c55d0e5cc,0,,0.00000000,nulldata,,,
3166d6be5340a7472a21858f8c4956f298295c773cbc903fe5e7924c55d0e5cc,1,RV4HLBd5cKkEeNpq46CqeQ3BQfxWkzbQ2V,989.18651000,pubkeyhash,,,
316e2414f75f18d3f93c1d79a88b49ef46da8fa50598cb4781da80ade9c5cb64,0,,0.00000000,nulldata,,,
316e2414f75f18d3f93c1d79a88b49ef46da8fa50598cb4781da80ade9c5cb64,1,RLZ6efBAAnDjVSw8baF51K1f33vHccz5SK,989.71887000,pubkeyhash,,,
319d67010898577b34396952a772c8c93e2329cd7610611a663aa2f04c24bd79,0,RX1r2eyM1UW7y2xHcrTejDfyCUk1yBmz4i,306.26989560,pubkeyhash,,,
319d67010898577b34396952a772c8c93e2329cd7610611a663aa2f04c24bd79,1,RXFgxKEUqVryiTRmzUwcKgHA48vgLTX8Mh,0.00697638,pubkeyhash,,,
31aee83d5cd339cb3c93813453009a465dfe500e16775752a20f6b4f50d34e10,0,RAmXy1UnrvRkdkGBYUFMqKMeKR22FzZkt3,7663.25977394,pubkeyhash,,,
31aee83d5cd339cb3c93813453009a465dfe500e16775752a20f6b4f50d34e10,1,RQvyFH14deai4Kjm58xtPrN7XffHMCetot,0.00626733,pubkeyhash,,,
31d2ea2dbb7f6b7ea53638fa2249994b51dc685868c3b110a834a214c39d8ce9,0,,0.00000000,nulldata,,,
31d2ea2dbb7f6b7ea53638fa2249994b51dc685868c3b110a834a214c39d8ce9,1,RS4e6V4JZRh6qW8GTtSwqtEH2X5dYJhjL5,991.93515000,pubkeyhash,,,
31f70d62e9e45ac69443b1e93b877bfc76d78995c0a6b0524b7e1d6d626a9488,0,,0.00000000,nulldata,,,
31f70d62e9e45ac69443b1e93b877bfc76d78995c0a6b0524b7e1d6d626a9488,1,RJMRELPTNQppXSB7muxJYPMwn8gohP4XEm,993.74004000,pubkeyhash,,,
320c740073d7b1dd89f1f092bb70fa1e64fc36fe8d621ea2dc44b1bc09e02ec1,0,,0.00000000,nulldata,,,
320c740073d7b1dd89f1f092bb70fa1e64fc36fe8d621ea2dc44b1bc09e02ec1,1,RKTyvZMRNW3SYLvr2sKpXo3aR64Nkkj2EJ,991.20651000,pubkeyhash,,,
32107274726eb68a9937299ca764fc454dfeb114d04aa1fc1713711bd47a0b54,0,,0.00000000,nulldata,,,
32107274726eb68a9937299ca764fc454dfeb114d04aa1fc1713711bd47a0b54,1,RLLZ9e1kBj6XGQnrTFJfmLL19yHwEMDRq9,993.22131000,pubkeyhash,,,
3218e24383e5fa47b73b12b08df5849ba05fd37a5cd99b7febb61b54669c6e96,0,,0.00000000,nulldata,,,
3218e24383e5fa47b73b12b08df5849ba05fd37a5cd99b7febb61b54669c6e96,1,RTmrsRaaUcd2MMdnWji9yo6oHHRwH3wV77,992.30223000,pubkeyhash,,,
325f2b7283d9722796aee038eec5b034c18033d0aa8a83a9b13bfcfd85e3573e,0,,0.00000000,nulldata,,,
325f2b7283d9722796aee038eec5b034c18033d0aa8a83a9b13bfcfd85e3573e,1,RLcFzTAhreFNoZnztNLVBDoaM569FJi5po,991.02159000,pubkeyhash,,,
3263633753ca8bc43347f0ebe09a44182b5f8695b66ae0e3163b2576bb9e49b3,0,,0.00000000,nulldata,,,
3263633753ca8bc43347f0ebe09a44182b5f8695b66ae0e3163b2576bb9e49b3,1,RPYTXewuVRfZDAHW6ycwUvhnM9UuDjy4Fw,991.46595000,pubkeyhash,,,
32a16ffe241ba1817a673394a68676265a2167d860ede11d08e1ede8391adc27,0,RMKd7jAm9y682pLc6QiHSUFTxZReSRKZfe,248.67453623,pubkeyhash,,,
32cc7b3aff74a8fc0309e7a84a6c2fbbcb6de8cd2e8859a0d33e2e7c2aa1e1d2,0,,0.00000000,nulldata,,,
32cc7b3aff74a8fc0309e7a84a6c2fbbcb6de8cd2e8859a0d33e2e7c2aa1e1d2,1,RVSd577SbXVrixbhd7M2hWGNx7dTL4ji3P,993.52752000,pubkeyhash,,,
32e07d96d7d2ad16d0c63e8d86d98f8286f397240f8700b9d91e5b30943a122d,0,,0.00000000,nulldata,,,
32e07d96d7d2ad16d0c63e8d86d98f8286f397240f8700b9d91e5b30943a122d,1,RBJfGUziyjU1pCiTrBjsPo9rh1f6ud7XiR,990.28743000,pubkeyhash,,,
32e4df5c2c14a6ddec431851bd6674badf08fdf62ba421e82036f613fd7d5f2e,0,,0.00000000,nulldata,,,
32e4df5c2c14a6ddec431851bd6674badf08fdf62ba421e82036f613fd7d5f2e,1,RVqQaG3kpEEuX7qTyEpucjXXKhRVAtLX8r,989.97003000,pubkeyhash,,,
32e6038577943f39122aa7efef7c5bf60035b3ceb266f32a7ed3c21f08212727,0,,0.00000000,nulldata,,,
32e6038577943f39122aa7efef7c5bf60035b3ceb266f32a7ed3c21f08212727,1,RMBC7F3orukD2SE1GWRJEiBNetCjHKbh5A,995.23744000,pubkeyhash,,,
32eff063eed60d9ef4609bcd3652a4f8e950b41ee5ec459f3e173166c20530ce,0,,0.00000000,nulldata,,,
32eff063eed60d9ef4609bcd3652a4f8e950b41ee5ec459f3e173166c20530ce,1,RFddkhSotQEYwjDeUGKeSUAG154vLXkNid,992.25807000,pubkeyhash,,,
32f1cf643edf4965c06e5acf33c3a4800aa779380dd7209c7d3c4e1710e21f1f,0,,0.00000000,nulldata,,,
32f1cf643edf4965c06e5acf33c3a4800aa779380dd7209c7d3c4e1710e21f1f,1,RVrVkZtbAAD6YosyJRSpvK7Nr8mkPkTF6S,990.78699000,pubkeyhash,,,
32f2362eb6109b4acba8ae5e3fb36d76f15cf0dbf1f883725f07fe5e93a9e77f,0,RKm3RnE3wyZGHLCraabPdo2Uowi6kbZdgL,34.00941865,pubkeyhash,,,
32f2362eb6109b4acba8ae5e3fb36d76f15cf0dbf1f883725f07fe5e93a9e77f,1,RX1r2eyM1UW7y2xHcrTejDfyCUk1yBmz4i,306.17678570,pubkeyhash,,,
33100464ba35a13bbe9fd20fb6a5dfb92bb1b8df656af63a201fb1aeb339cc3d,0,,0.00000000,nulldata,,,
33100464ba35a13bbe9fd20fb6a5dfb92bb1b8df656af63a201fb1aeb339cc3d,1,RSwmxWNQxQzEGnrezyHbbm3DDjpwjhV4Ax,992.69415000,pubkeyhash,,,
33138225324829d3bba58ca590f1977321109c8aa94a9a087f8bb951154eafee,0,,0.00000000,nulldata,,,
33138225324829d3bba58ca590f1977321109c8aa94a9a087f8bb951154eafee,1,RWWukdG74eiyeKqUee9qP9qfrfGXrVAfxa,991.66467000,pubkeyhash,,,
3325bbce7acd0534f5fef49778d0a2684b0a46b123e851f8e9d35174dc557b17,0,,0.00000000,nulldata,,,
3325bbce7acd0534f5fef49778d0a2684b0a46b123e851f8e9d35174dc557b17,1,RPo3Na1vuMxTUtdRFwJrs8TKeUSqYnirkp,992.88459000,pubkeyhash,,,
333ac1db574a82f9224ecebc3111423cd3d0e451f2c37058e35b6138e8ba3831,0,,0.00000000,nulldata,,,
333ac1db574a82f9224ecebc3111423cd3d0e451f2c37058e35b6138e8ba3831,1,RLAswv95a9yMZDudEs1Gxp7fmewtanKE8V,992.07039000,pubkeyhash,,,
33991f7c24129b43ffb3c60c50997fd00626f54c88d82ea1a0beacb2bf80060e,0,,0.00000000,nulldata,,,
33991f7c24129b43ffb3c60c50997fd00626f54c88d82ea1a0beacb2bf80060e,1,RKdhV3Zhm9SgNCvC5pskRmzqdAe7YPfBkn,994.87100000,pubkeyhash,,,
33a046e1c9a85e79e507deede58e8e1cacee3cb490beee4a7924b58779cff300,0,RHvY8nbzytTk2RJQhDspkP9hfPsAJFXCE7,30.09024590,pubkeyhash,,,
33a046e1c9a85e79e507deede58e8e1cacee3cb490beee4a7924b58779cff300,1,RSxEFrDZAqAAG9u9qVUkzn74r8VnRrmRKg,647.53098911,pubkeyhash,,,
33ce59ae5383e368ae1399f798a9ab9768dfcd07604fe4bcfd87727242b5a04b,0,,0.00000000,nulldata,,,
33ce59ae5383e368ae1399f798a9ab9768dfcd07604fe4bcfd87727242b5a04b,1,RNa25kVeTLsXzBsYivTQmpzgtL3qFYGzBV,991.18443000,pubkeyhash,,,
341a6d1ec7d68fbeb733794dd8e4661e07616a130622eb686273658f168b2dda,0,,0.00000000,nulldata,,,
341a6d1ec7d68fbeb733794dd8e4661e07616a130622eb686273658f168b2dda,1,RYFcFqmaecsiRn8NHJjLpift3wa7EGuJLM,993.17715000,pubkeyhash,,,
341d74ae947f1337492ad26666ac0288f933d4e63e8ad56ffce5fe5cc596d903,0,,0.00000000,nulldata,,,
341d74ae947f1337492ad26666ac0288f933d4e63e8ad56ffce5fe5cc596d903,1,RS2ktqjQR349EQiXLsPk2X1XTqWA7p1tkd,990.06111000,pubkeyhash,,,
343d0d308289c0a8a0cd85f5db78af3a947b46b497ca46d4084b1c2d3aed6355,0,,0.00000000,nulldata,,,
343d0d308289c0a8a0cd85f5db78af3a947b46b497ca46d4084b1c2d3aed6355,1,R9We529AJSASHEwfoFoDZ873dcUG1LzPZt,991.33623000,pubkeyhash,,,
343dbe117779b2fa1a0a054252b088323bef464b29f17bf349ef497ed99af9dc,0,,0.00000000,nulldata,,,
343dbe117779b2fa1a0a054252b088323bef464b29f17bf349ef497ed99af9dc,1,RFsZcDEZdZDYT7GRHk3BaAP8m6CJYeGzak,991.87995000,pubkeyhash,,,
34477040e87eb1b0c0492cf947357718cd3b0bd474191669803e817cc567d2d5,0,,0.00000000,nulldata,,,
34477040e87eb1b0c0492cf947357718cd3b0bd474191669803e817cc567d2d5,1,RHmaqbtFqPBL7XAk2ywV16f3jXk9EscEj2,991.11819000,pubkeyhash,,,
345966a8806927c445b1634bda1fef1ff88e0f40a5fc4b9119650b8e6c4e95e9,0,RJpmi86hv2mtnCTFdS4LXG4TfX1rpowukG,34.04213729,pubkeyhash,,,
345966a8806927c445b1634bda1fef1ff88e0f40a5fc4b9119650b8e6c4e95e9,1,RX1r2eyM1UW7y2xHcrTejDfyCUk1yBmz4i,306.47217743,pubkeyhash,,,
349c5177e7cc0a8e1bbbbb9342ddccb2abeff6b5d7ce0d94426172d8089aba29,0,,0.00000000,nulldata,,,
349c5177e7cc0a8e1bbbbb9342ddccb2abeff6b5d7ce0d94426172d8089aba29,1,RQLLUefveE7txnLkGgXZLF4G9fwwvK7cHL,991.86063000,pubkeyhash,,,
34c2d26d53bd9343b5d1755e8089a869b1da4327ee62ce32bfc16cc9afe39471,0,,0.00000000,nulldata,,,
34c2d26d53bd9343b5d1755e8089a869b1da4327ee62ce32bfc16cc9afe39471,1,RGPyPsJxeouYpd8dyiWJ2f3XJEFJxs6n63,991.78059000,pubkeyhash,,,
34c981c36f591d003a107a526d2c7ac0de12f519d66953e2bfceffe0ca186342,0,,0.00000000,nulldata,,,
34c981c36f591d003a107a526d2c7ac0de12f519d66953e2bfceffe0ca186342,1,RLgaxSMBJu62eNfBHHYAGAMQugcPRBK1w3,991.99311000,pubkeyhash,,,
35096a6a664db24d83942c084799523fe818c14eddbcf16a38e16e015d14060d,0,,0.00000000,nulldata,,,
35096a6a664db24d83942c084799523fe818c14eddbcf16a38e16e015d14060d,1,RWrWjMAutPw827fMu1QcUMZbgBvP7Q2EoL,993.06123000,pubkeyhash,,,
350a361a647d08ea63f0d9a3aa07339dc357d1f299a510aca1ae5751a87ecf4c,0,,0.00000000,nulldata,,,
350a361a647d08ea63f0d9a3aa07339dc357d1f299a510aca1ae5751a87ecf4c,1,RVnoj6B1Kz2hdwCKXwTJhwLKMuxByw9HsV,991.28931000,pubkeyhash,,,
351018902b15c78263caa33d82071e6eda7168171ff04bc9f8901ebc335c37fd,0,,0.00000000,nulldata,,,
351018902b15c78263caa33d82071e6eda7168171ff04bc9f8901ebc335c37fd,1,RDbPS7xJniHqAGMpjMqHeut9YhqeNXpaAX,990.29019000,pubkeyhash,,,
3516d7bf150ff9c02e7fe91f11721078a96ffc60d8ef0d5c8e78ea927c9aec76,0,,0.00000000,nulldata,,,
3516d7bf150ff9c02e7fe91f11721078a96ffc60d8ef0d5c8e78ea927c9aec76,1,RUXaFakBrAoLFzbzdo6fdvqaaFEyZAvXXN,991.62051000,pubkeyhash,,,
3524f07e726047b1a8bb2eea3f4a3b7ce3df11830af852404fdab004ae695ebc,0,,0.00000000,nulldata,,,
3524f07e726047b1a8bb2eea3f4a3b7ce3df11830af852404fdab004ae695ebc,1,RCuXscPxM41WMnfQotPLGJLh9ab6RCdQch,995.37820000,pubkeyhash,,,
352a3ed3340f5de4fd15c9909372917b9b2a2a2fb2670156385a34ff18573cf1,0,,0.00000000,nulldata,,,
352a3ed3340f5de4fd15c9909372917b9b2a2a2fb2670156385a34ff18573cf1,1,RCpCHe8suWMJDUfceAhC69cJXeicDPA5oH,994.88480000,pubkeyhash,,,
357842818dbe02f463abdc6abf4b337e0429da91d9215d9128131f475bfe5853,0,,0.00000000,nulldata,,,
357842818dbe02f463abdc6abf4b337e0429da91d9215d9128131f475bfe5853,1,RGQT4DWhoFjtuyggBbd5UenWzWbea1CBwX,995.06940000,pubkeyhash,,,
35a1ce2d9a4e25c2a6e050a5242cd8bdbcb622b7e5df31278949d74ec09b7ed8,0,,0.00000000,nulldata,,,
35a1ce2d9a4e25c2a6e050a5242cd8bdbcb622b7e5df31278949d74ec09b7ed8,1,RFFB1QQtnw9PSmgpRJSjNcxJ49xKWbWpmK,990.08043000,pubkeyhash,,,
35ac038dca0f47d6f60b96494dba3a3fabb537b5ef0d4381d698e7837b9318fb,0,,0.00000000,nulldata,,,
35ac038dca0f47d6f60b96494dba3a3fabb537b5ef0d4381d698e7837b9318fb,1,RVMXP1t2qbPJvfwWUi7RkQ88mfHpho9LGC,991.90755000,pubkeyhash,,,
35c5436b4e774eba4c8f723674d99746abc21d0e840a07be76db6e5b4428cd46,0,,0.00000000,nulldata,,,
35c5436b4e774eba4c8f723674d99746abc21d0e840a07be76db6e5b4428cd46,1,RTammA8gdGobnMybA1hDQZjpmDA6oCLnP9,989.99211000,pubkeyhash,,,
35d83567ee57a27920c115ee26146d6f80abfa64ce838dd1a4eb6be158c54340,0,,0.00000000,nulldata,,,
35d83567ee57a27920c115ee26146d6f80abfa64ce838dd1a4eb6be158c54340,1,REF8aV8xDQjC2maouZVGVTP2TWqoVyUp1b,990.55239000,pubkeyhash,,,
35e5325c6f0ba6d18d59f8d93f6bbbf35f3dc8d93cc9659cf992b6dd05b98767,0,,0.00000000,nulldata,,,
35e5325c6f0ba6d18d59f8d93f6bbbf35f3dc8d93cc9659cf992b6dd05b98767,1,R9LUMVaTUCtX1eu7Ri6wE9Z2YTmtpTSsAb,991.32243000,pubkeyhash,,,
35f30e5881e2000a62d9c6c51e8b3086755fddfc465065e421922593be88ef12,0,RMKd7jAm9y682pLc6QiHSUFTxZReSRKZfe,7.73761173,pubkeyhash,,,
35f88a107d1da80b1240caee0da33f3293295f16e95ba332f94dc0e1fd47ed9c,0,,0.00000000,nulldata,,,
35f88a107d1da80b1240caee0da33f3293295f16e95ba332f94dc0e1fd47ed9c,1,RY1LHhDXUjG8jY3DYmxDPdjpcgQsMGsDVX,990.98019000,pubkeyhash,,,
3604ffdab8495763bce1abcdac3eee94a8fa564525db727a2c7e0e35a0a85c90,0,,0.00000000,nulldata,,,
3604ffdab8495763bce1abcdac3eee94a8fa564525db727a2c7e0e35a0a85c90,1,RPBXWW5eNgvf73q6t8HHgvc8j7BMD1bsmp,994.13748000,pubkeyhash,,,
363303ff5918d43abd682a81b12e6b2732e2fe9522d11502b93365284570931f,0,RA4uh9UFuPpTLbpHNXyKEt71M3hwJdGHYK,0.00685628,pubkeyhash,,,
363303ff5918d43abd682a81b12e6b2732e2fe9522d11502b93365284570931f,1,RX1r2eyM1UW7y2xHcrTejDfyCUk1yBmz4i,306.05820903,pubkeyhash,,,
3638addaabd675d70656fb88e6c2b2eb7e4b5f5d25087996e412c08c641a13ad,0,,0.00000000,nulldata,,,
3638addaabd675d70656fb88e6c2b2eb7e4b5f5d25087996e412c08c641a13ad,1,RWGWzj59Qxs8cJqoEBziRPgb8kRFQL3ZGU,992.70519000,pubkeyhash,,,
36513ed8eb8be75ed4dd01cba7b4139ec34678211e4b017dc5136059ad82c6bf,0,,0.00000000,nulldata,,,
36513ed8eb8be75ed4dd01cba7b4139ec34678211e4b017dc5136059ad82c6bf,1,RHZ5d155gvj5p5Pmj8VPGNSJ6vRurJUbwc,990.60207000,pubkeyhash,,,
365da3f6abb91f6e38ae307453834a161aa344f6be20192689423e0f189bef47,0,,0.00000000,nulldata,,,
365da3f6abb91f6e38ae307453834a161aa344f6be20192689423e0f189bef47,1,RYEHf4EpjAAXLVcSSgmwfdeBiaEFTbTHW5,989.45147000,pubkeyhash,,,
365dfdff6329f0395e3109c63f79e912901c69957fdec52c02faa98813ff2757,0,,0.00000000,nulldata,,,
365dfdff6329f0395e3109c63f79e912901c69957fdec52c02faa98813ff2757,1,RF5hfZi3jMhZZ5EuhUXKs5knmkJg57F23c,989.50391000,pubkeyhash,,,
3684212601f059caaaaec1b46a559a091a134b2feada63ade072ed96fdced867,0,,0.00000000,nulldata,,,
3684212601f059caaaaec1b46a559a091a134b2feada63ade072ed96fdced867,1,RJ7StPVqUFhL6NcwW6Q12jisH5cc3nYSKg,990.91395000,pubkeyhash,,,
368e8fbea548bce6a1caf9f9239ddfcb785211773d6db19d1f929326c20faf6f,0,,0.00000000,nulldata,,,
368e8fbea548bce6a1caf9f9239ddfcb785211773d6db19d1f929326c20faf6f,1,RK4RXj4T8DFJTgVe8L2FzApCsMyEkgF8hU,990.18255000,pubkeyhash,,,
36967a1ad70d9e8a2b21ac4ce9a57c3bbe0449a0d2e33624d09aa6982efa7d9e,0,,0.00000000,nulldata,,,
36967a1ad70d9e8a2b21ac4ce9a57c3bbe0449a0d2e33624d09aa6982efa7d9e,1,RT5Wo3hTEgG1t3K9nRyX86jfZ61QeUYeiu,991.64259000,pubkeyhash,,,
36e9b6b9c8dfdbb0c32be1a913fe388d3c947270787741772d5faa3729592e33,0,,0.00000000,nulldata,,,
36e9b6b9c8dfdbb0c32be1a913fe388d3c947270787741772d5faa3729592e33,1,RWTGX5WM6b3KN6MCmv484kRQUxxbrfnZeD,990.94983000,pubkeyhash,,,
36fa49869df9bceba562b8a6850d57ed133dff39b2a3c44904bcd09be1911670,0,,0.00000000,nulldata,,,
36fa49869df9bceba562b8a6850d57ed133dff39b2a3c44904bcd09be1911670,1,RW6F635HXKdtuKhmDjjVSbEPoQ3zM64Xiw,989.26103000,pubkeyhash,,,
36fbe63d9785412a3d9b8fcfedb002a556604655297bc2780caa6cddd2f1038f,0,,0.00000000,nulldata,,,
36fbe63d9785412a3d9b8fcfedb002a556604655297bc2780caa6cddd2f1038f,1,RHQZejUpTNtaUCTuB7jqSa1nCEKBxC6SCa,993.79800000,pubkeyhash,,,
3702eee287ea5c52d0ebd3126f50b4b20054f17882f39299f87861fad4c40241,0,,0.00000000,nulldata,,,
3702eee287ea5c52d0ebd3126f50b4b20054f17882f39299f87861fad4c40241,1,RXMqNWScEn3avRwMYUJXPGZtFgnYxNbTp9,995.10528000,pubkeyhash,,,
3709ea1c445da9430cf92aceda508fad34f3e13aa44dbfd9117bfc3127560335,0,RBEWGjsKocnHGoHXtsvanSBSSTFjbKSvfT,34.01231890,pubkeyhash,,,
3709ea1c445da9430cf92aceda508fad34f3e13aa44dbfd9117bfc3127560335,1,RX1r2eyM1UW7y2xHcrTejDfyCUk1yBmz4i,306.21288586,pubkeyhash,,,
370a9b779e5caaedadb7ad8b7a1e3d25664dd3382a9cb7deaaaf934d01e788ee,0,,0.00000000,nulldata,,,
370a9b779e5caaedadb7ad8b7a1e3d25664dd3382a9cb7deaaaf934d01e788ee,1,RKaLiHxssy2tSmNkMGRDY2EdinJd4gjLS7,994.57844000,pubkeyhash,,,
3718b83b19a377cfe54b4b2ec4ee309f09101a8ced01381418573ffce271067a,0,RX1r2eyM1UW7y2xHcrTejDfyCUk1yBmz4i,306.15982663,pubkeyhash,,,
3718b83b19a377cfe54b4b2ec4ee309f09101a8ced01381418573ffce271067a,1,RD1tiHz8VqUYtsiVQK8npTt2JNgqhKwFod,34.00753598,pubkeyhash,,,
3727eb5670f726af844b1a00d0da3eb2241371ea444b87d9d57137b96abb5f90,0,,0.00000000,nulldata,,,
3727eb5670f726af844b1a00d0da3eb2241371ea444b87d9d57137b96abb5f90,1,RPxoWiTydh1owZUMrAnBBWZSk54rsu57wN,990.37851000,pubkeyhash,,,
373374859cecaf4fd01b01588665e3bb8a6b35969e770f957846139ce56ccf8d,0,,0.00000000,nulldata,,,
373374859cecaf4fd01b01588665e3bb8a6b35969e770f957846139ce56ccf8d,1,R9bqTCbXcNuGPq9tjWgU5UcnQjxNT2FUZe,993.19371000,pubkeyhash,,,
3750f8c070e70ac89144ab452285e3a06ee383658d13b273cd472d0149f74fde,0,,0.00000000,nulldata,,,
3750f8c070e70ac89144ab452285e3a06ee383658d13b273cd472d0149f74fde,1,RMJdejqD2qZ2yfECJYAjQee5sggJPVoBGW,992.68035000,pubkeyhash,,,
375cacd745e7508514a7b79e771022d2d8fbd58360dc16fd376525a7ef067858,0,,0.00000000,nulldata,,,
375cacd745e7508514a7b79e771022d2d8fbd58360dc16fd376525a7ef067858,1,RN6xezm5V3DRMH4fgW8kwSEVUwicazFxtn,990.21015000,pubkeyhash,,,
3761ab0ed84607682671c8dc5ec3c3630f9be6f867ccb8e281182614efdfac30,0,,0.00000000,nulldata,,,
3761ab0ed84607682671c8dc5ec3c3630f9be6f867ccb8e281182614efdfac30,1,RKVyA9hNxEdXFPAD3wpowskczTMoXKX3iT,993.15231000,pubkeyhash,,,
377715d2e944dfc70714f543cad9b09c75ad3ca188ab9abebff5995b9d2d0902,0,,0.00000000,nulldata,,,
377715d2e944dfc70714f543cad9b09c75ad3ca188ab9abebff5995b9d2d0902,1,RUR37A2zqJXVoEcQr9uU3j6mVUagqRtVCi,994.20096000,pubkeyhash,,,
37aefff7e8b3b3c17beee3b44cf4f424b89b7d0471009412d38559bc02b5fd84,0,,0.00000000,nulldata,,,
37aefff7e8b3b3c17beee3b44cf4f424b89b7d0471009412d38559bc02b5fd84,1,RLUqc9CwgTUX1px9m8t3VJ616noLbhCks1,990.90015000,pubkeyhash,,,
37e06af87c591ca830b584eaa5ac31315d55bb414d0d64a06b48a12c6edcff37,0,RX1r2eyM1UW7y2xHcrTejDfyCUk1yBmz4i,306.49593619,pubkeyhash,,,
37e06af87c591ca830b584eaa5ac31315d55bb414d0d64a06b48a12c6edcff37,1,RNQM8QUxhPmxhufaYzmVz7PuoacQVZJsbV,34.04477625,pubkeyhash,,,
37e66557a3c07bd39996775c27af675c0f6e79756799abad413b558d253c6720,0,,0.00000000,nulldata,,,
37e66557a3c07bd39996775c27af675c0f6e79756799abad413b558d253c6720,1,RUiyTxTpAX7BRcb8MLNoGrJEf7W9qzKbrK,995.06112000,pubkeyhash,,,
37f1167c630a2ed7883960835b684769e370dd683ba0bf8f722a4e97b7e98458,0,,0.00000000,nulldata,,,
37f1167c630a2ed7883960835b684769e370dd683ba0bf8f722a4e97b7e98458,1,RU2F4qNkwnLkgn6GktNCi7iKTEVPyFYVrX,992.20839000,pubkeyhash,,,
380fe705e0a7fad631f080940aea8710b3a3741e47a0fecb9e6d352c1da73287,0,,0.00000000,nulldata,,,
380fe705e0a7fad631f080940aea8710b3a3741e47a0fecb9e6d352c1da73287,1,RYbhxqJbty2var1WwyYVsEUf3LDBtwyPze,991.47423000,pubkeyhash,,,
3813413e690dd0340b5b88a5e492b4432442ecef1c35c7886206cccb2863e265,0,,0.00000000,nulldata,,,
3813413e690dd0340b5b88a5e492b4432442ecef1c35c7886206cccb2863e265,1,RKieGMWq2baecRAcF8ddvQqCwk6EWNnZQm,989.61155000,pubkeyhash,,,
382f0d11815ef537d8ebb6821733d2af956a60fe6e58c23d35e4ad934122bc4f,0,,0.00000000,nulldata,,,
382f0d11815ef537d8ebb6821733d2af956a60fe6e58c23d35e4ad934122bc4f,1,RFkvCisUXeFsYvSV6GidALWZpUxeR8yHR7,992.84595000,pubkeyhash,,,
385bb60c46e9b293cb13767a9eba409adf5c26441f4a464202345da03cb20c98,0,,0.00000000,nulldata,,,
385bb60c46e9b293cb13767a9eba409adf5c26441f4a464202345da03cb20c98,1,R9srwD6MrYR62JjiYNPX8V5UKVZZx4BPPV,992.14767000,pubkeyhash,,,
38980911fa8a3d70d190b6b2444e7ea81f3c59e0c78c1cea80ff08089d882c15,0,,0.00000000,nulldata,,,
38980911fa8a3d70d190b6b2444e7ea81f3c59e0c78c1cea80ff08089d882c15,1,RCnTuLNPaajinVTX4pmEMWe82U5rZMZ1yb,992.38779000,pubkeyhash,,,
38b7c8fd01d77ec0c30a30b445cf3a1b922ae0fa4dbd04b14b19fb378181dbcb,0,,0.00000000,nulldata,,,
38b7c8fd01d77ec0c30a30b445cf3a1b922ae0fa4dbd04b14b19fb378181dbcb,1,RBPZoxagd4nuU135tgrXoikQTQFLi727ib,989.66367000,pubkeyhash,,,
38bd5a42354b74f12f2faac370af032d0430d381e79106b7f4ff97b5a730711f,0,,0.00000000,nulldata,,,
38bd5a42354b74f12f2faac370af032d0430d381e79106b7f4ff97b5a730711f,1,RT2Xvri3MhXAVhmWfdYicFyJnAaPGbWcyf,988.98779000,pubkeyhash,,,
38e124b10588082ee74324965115d691da5f5f2a8da1d97e91fa798a79c079fb,0,,0.00000000,nulldata,,,
38e124b10588082ee74324965115d691da5f5f2a8da1d97e91fa798a79c079fb,1,RAH5Sz8gz3QXa7KzYpKqeQph5NbNDGUHBB,991.38315000,pubkeyhash,,,
38e81ebd6514fe2c0d5115130f553a12c6f537b817dc40684871a7577ff10af0,0,,0.00000000,nulldata,,,
38e81ebd6514fe2c0d5115130f553a12c6f537b817dc40684871a7577ff10af0,1,RFvQzbkuErNj9FvKRN5jkNkRZLufCDJ9gJ,994.28652000,pubkeyhash,,,
39392769f39d2d73b4d20209d5da18d6fcd861f63b136f780f3aa2dc2d66ed24,0,,0.00000000,nulldata,,,
39392769f39d2d73b4d20209d5da18d6fcd861f63b136f780f3aa2dc2d66ed24,1,RFv2YDmth2ChDPyarRhg9V8ns4rN8AFbXZ,993.20751000,pubkeyhash,,,
393b9e252f1e7d42f13af8f29e55f09396f0bccb178f23245f32002c098f882a,0,,0.00000000,nulldata,,,
393b9e252f1e7d42f13af8f29e55f09396f0bccb178f23245f32002c098f882a,1,RJDWDJuQHXH5SJ9itFbAwyhvXwSeZdBPrb,993.29031000,pubkeyhash,,,
39511708bccb3ca91627d41b8cf0410c322674f1a8279304e608831a8173e8f3,0,,0.00000000,nulldata,,,
39511708bccb3ca91627d41b8cf0410c322674f1a8279304e608831a8173e8f3,1,REG3UPUEP2F6Wy1WubW2z54MPiqainvFaZ,990.11355000,pubkeyhash,,,
39565fd4a6869f63d24d31c211cd519ce3163ba48b9f9c6b2c02e6f3ff629fac,0,RX1r2eyM1UW7y2xHcrTejDfyCUk1yBmz4i,306.16661077,pubkeyhash,,,
39565fd4a6869f63d24d31c211cd519ce3163ba48b9f9c6b2c02e6f3ff629fac,1,RNMgFrz2FoWqHguxaem8uyF6mMobzfqAAU,34.00828909,pubkeyhash,,,
3969260b762970a2f1c2053c84e3cc12236dd6a6019529dbdc0359d55d84d837,0,,0.00000000,nulldata,,,
3969260b762970a2f1c2053c84e3cc12236dd6a6019529dbdc0359d55d84d837,1,RS5JE3tquksd4ymAd8JjAvpyrbAaqkZaG1,993.35655000,pubkeyhash,,,
398b2c1ec74c71c8bc257c98c4c2157085e091215c7a2520f7285b695ca9fc20,0,,0.00000000,nulldata,,,
398b2c1ec74c71c8bc257c98c4c2157085e091215c7a2520f7285b695ca9fc20,1,RRL8bcyYWMgxuyY2WNKqiask3nPM5wy41C,989.45699000,pubkeyhash,,,
3995461a6e92a526541edaabf9f56ea5ecdd92e2f9239a9ee81326b20248dde9,0,,0.00000000,nulldata,,,
3995461a6e92a526541edaabf9f56ea5ecdd92e2f9239a9ee81326b20248dde9,1,RCjgHXRSN2mgqZ436W7G8hbLNxwAp6Gxzq,994.41040000,pubkeyhash,,,
39b3421117abe659db3657ce16acf7826432720bd4fef183720460c2fd46ea84,0,,0.00000000,nulldata,,,
39b3421117abe659db3657ce16acf7826432720bd4fef183720460c2fd46ea84,1,RLBA4Go67q2xSVMadbass3UBxz9v4G5LQ9,991.13199000,pubkeyhash,,,
39bdc6bd7e96d42c21b14139d3f7e9fc5d61164d06a22667d463899a7e04baa6,0,,0.00000000,nulldata,,,
39bdc6bd7e96d42c21b14139d3f7e9fc5d61164d06a22667d463899a7e04baa6,1,RD72Y6dQbXPfkyrJgmbnd37UFe3zfMeSmJ,994.17612000,pubkeyhash,,,
39fca125ba8775c2b55fed4ca078694463ce3e5754907251db480da1257fb06b,0,,0.00000000,nulldata,,,
39fca125ba8775c2b55fed4ca078694463ce3e5754907251db480da1257fb06b,1,RPgX1oxiWPtqe2HbhGELQVqfPAUxWjmiJy,989.04575000,pubkeyhash,,,
3a1915d366041e0a3f5561715b1038b4cebed8b3a5a6506d7c02343dfcda7bc3,0,,0.00000000,nulldata,,,
3a1915d366041e0a3f5561715b1038b4cebed8b3a5a6506d7c02343dfcda7bc3,1,RJynnTaKVGPLj9s5ZcU9x47UfFcVyQ9EDN,992.77143000,pubkeyhash,,,
3a3d2bb2e5edc06c0596830918383c328274e005ed2c13375c03d68569f95b0d,0,,0.00000000,nulldata,,,
3a3d2bb2e5edc06c0596830918383c328274e005ed2c13375c03d68569f95b0d,1,RCu4F4K3JgNoVXZVhNFbsDjPbguQ5YhFjs,992.98119000,pubkeyhash,,,
3a45790ed6e4fe7fd5ec7214af8416e1851f5ac5ba99ca49a8c876b92792c0a8,0,,0.00000000,nulldata,,,
3a45790ed6e4fe7fd5ec7214af8416e1851f5ac5ba99ca49a8c876b92792c0a8,1,RKpB4DbPDSZjf1dbaxngtrL5WHwSyv57tA,994.52048000,pubkeyhash,,,
3a5827019305bb74b1a4fa0c766da1acee6a4271b74a36f66f9c9f334f1b29b2,0,,0.00000000,nulldata,,,
3a5827019305bb74b1a4fa0c766da1acee6a4271b74a36f66f9c9f334f1b29b2,1,RGSpfahkQ9Z2FgxhKtPAHmtv4dz4QAwenJ,993.16059000,pubkeyhash,,,
3a85de14fa816f963cfe8129442174b26368eefde2dbef52c393f675aa018c53,0,,0.00000000,nulldata,,,
3a85de14fa816f963cfe8129442174b26368eefde2dbef52c393f675aa018c53,1,RFoYmSwoa6zQiWFF9S8XvwTQWNgeFgsrMc,990.97191000,pubkeyhash,,,
3adeeb5c010cb5a4032aa4195825382504d2b25b4c27ee3d22dcdacbdc1cb3aa,0,,0.00000000,nulldata,,,
3adeeb5c010cb5a4032aa4195825382504d2b25b4c27ee3d22dcdacbdc1cb3aa,1,RQ9Zj55zgNZ87CF1Es8sMDNsAzXXrKfm1C,990.27087000,pubkeyhash,,,
3b2762f0bdcb393b806f3ce26aaa969dcba0ce7edd684007b31f61271a5dce69,0,,0.00000000,nulldata,,,
3b2762f0bdcb393b806f3ce26aaa969dcba0ce7edd684007b31f61271a5dce69,1,RSutBbtq75CdhBn8ooJsshPLqjhVeSyieq,990.63519000,pubkeyhash,,,
3b53e0d9f7716b91f5e947b19b0b4c06e9a992166d90ddbd4d5007be05471f20,0,,0.00000000,nulldata,,,
3b53e0d9f7716b91f5e947b19b0b4c06e9a992166d90ddbd4d5007be05471f20,1,RDnTZLqBK5aoDSTvs9HMrSyBi4EmDZ16rS,990.65175000,pubkeyhash,,,
3b650cadd796b0ab0eea43de662698b5b02b624903819a24dd22cc6db5d989a0,0,,0.00000000,nulldata,,,
3b650cadd796b0ab0eea43de662698b5b02b624903819a24dd22cc6db5d989a0,1,RGwxcFTDfia51GZLo46S98xEJGPubMCKWE,990.74007000,pubkeyhash,,,
3b7154d0027418be0f3f368a6c5581a5a97b81dfce7c0183907922d286bd6596,0,,0.00000000,nulldata,,,
3b7154d0027418be0f3f368a6c5581a5a97b81dfce7c0183907922d286bd6596,1,RLh3VKLisGnZst79mfXHWRoUcggGKX83FD,995.29816000,pubkeyhash,,,
3b9fe4ec05c8d0da3377790578aa618f5ed179f7810b09a0209a817ffbc363b4,0,,0.00000000,nulldata,,,
3b9fe4ec05c8d0da3377790578aa618f5ed179f7810b09a0209a817ffbc363b4,1,RL4PPYbH2nDpcikS9uM3SL6CoziEQvcRZD,994.23132000,pubkeyhash,,,
3bb3fb76a9a6b0305ca7b72beec3325b1d453faf43a45ebee47e5ed804f3413b,0,RDc3he4jkjFTY6k5297ZkbGnmPJDiZ1gJW,33.99546737,pubkeyhash,,,
3bb3fb76a9a6b0305ca7b72beec3325b1d453faf43a45ebee47e5ed804f3413b,1,RX1r2eyM1UW7y2xHcrTejDfyCUk1yBmz4i,306.05142785,pubkeyhash,,,
3bc79139d6d1f600ab4e9ae2ecfb94636aad5434ff1168eaa04667f7d711e3b5,0,,0.00000000,nulldata,,,
3bc79139d6d1f600ab4e9ae2ecfb94636aad5434ff1168eaa04667f7d711e3b5,1,RLTaYXz2dAcRi5uua1mn1J8UaR57sBcjc3,990.50271000,pubkeyhash,,,
3be56a5c0558327b8d1f42a01371435ba3b4ccc1e4da0a36f6a94728e333539b,0,,0.00000000,nulldata,,,
3be56a5c0558327b8d1f42a01371435ba3b4ccc1e4da0a36f6a94728e333539b,1,RJSf1tQSWvi1p2JvF7Msu7jq8ktXfpiYqc,993.43368000,pubkeyhash,,,
3bfdc691a21cdad3b06dc50ac69f64d9ee2a7b0e9f44292fe3792810e5d79e1f,0,,0.00000000,nulldata,,,
3bfdc691a21cdad3b06dc50ac69f64d9ee2a7b0e9f44292fe3792810e5d79e1f,1,RAk46r9ye8ENtTQEe2ZxBhPTEzj5ubZv6Z,989.08439000,pubkeyhash,,,
3c038a0103bca8b1404168273937843fe7a06bbd8596338b2cd2da9734cce98b,0,,0.00000000,nulldata,,,
3c038a0103bca8b1404168273937843fe7a06bbd8596338b2cd2da9734cce98b,1,RWo6x9okq5zf1hRsrK2DEWTBneccM9xRzk,989.53427000,pubkeyhash,,,
3c0ef420cc2da95f6e1861d3b051cdf6775448d1d20d35df278b980fbeef0676,0,,0.00000000,nulldata,,,
3c0ef420cc2da95f6e1861d3b051cdf6775448d1d20d35df278b980fbeef0676,1,RGz41BXcVwqKj4EgtwNocH89AgxwbxRftT,989.23895000,pubkeyhash,,,
3c2d4ab92863e62fff1b30f8e27df8424868e5a348a8ab8d6241d66271681984,0,,0.00000000,nulldata,,,
3c2d4ab92863e62fff1b30f8e27df8424868e5a348a8ab8d6241d66271681984,1,RLNVpaqoSjgZMWSfi216ae86169Ako78bs,995.12736000,pubkeyhash,,,
3c478300ed533821ef77cbf80c18f8cf7977df978baa46d00f8f3438eb12a03c,0,,0.00000000,nulldata,,,
3c478300ed533821ef77cbf80c18f8cf7977df978baa46d00f8f3438eb12a03c,1,RM2maHbPrMGhK5XMMe4ZaK173YHDWYYjWY,989.69127000,pubkeyhash,,,
3c61b05965dad58948d5f28874f642e25adb7a4c6b035ebcf12ee459eb7497f5,0,,0.00000000,nulldata,,,
3c61b05965dad58948d5f28874f642e25adb7a4c6b035ebcf12ee459eb7497f5,1,RGE6zR821SxSpfVUSvWbriYM7DryDnWsqY,995.19328000,pubkeyhash,,,
3c6afdb7c587e141f4503de143e53cf271b8be39f66f25c1713873807b3f745f,0,,0.00000000,nulldata,,,
3c6afdb7c587e141f4503de143e53cf271b8be39f66f25c1713873807b3f745f,1,RMFqk1iHkPEcqaKNw6QRXCSwS4EuLmyGJB,993.83940000,pubkeyhash,,,
3c94c22e9122a0117faf6cfcbd79ea58bd7b65b6bead05a65da575086ce61dfa,0,,0.00000000,nulldata,,,
3c94c22e9122a0117faf6cfcbd79ea58bd7b65b6bead05a65da575086ce61dfa,1,RD99nTBiuisAizX3V96jjLrqNDyuex3m49,994.31136000,pubkeyhash,,,
3c97c113c9daaab837f511ad13e49680d6554d065bfb0878a904b40a9f03bc5a,0,,0.00000000,nulldata,,,
3c97c113c9daaab837f511ad13e49680d6554d065bfb0878a904b40a9f03bc5a,1,RX7J4detyNoAjyMw4TPsbx3NmAAVLDcsDE,989.89275000,pubkeyhash,,,
3cb9d25d084fbeaa50c85fc723b8fe8aee094023c149f4c9d235f2fa4c5f19ab,0,,0.00000000,nulldata,,,
3cb9d25d084fbeaa50c85fc723b8fe8aee094023c149f4c9d235f2fa4c5f19ab,1,RQAtSayoxPmzEXRTLATkafZJaphXdV2ywS,993.43920000,pubkeyhash,,,
3ce1478e7d01d2490a067db68e3cb75f6bf89e25ef712ed3d85726cac734fbd1,0,,0.00000000,nulldata,,,
3ce1478e7d01d2490a067db68e3cb75f6bf89e25ef712ed3d85726cac734fbd1,1,RTyXGbU8mpaePrZbxNwJcnFDLjyt9MTUDV,992.15871000,pubkeyhash,,,
3ce1b3fca27397f49c7d0776f5570449ec934362b9d82004aeb307a346d16177,0,RSEpQPXsiXjvdtyX5EmbxXFLbGP8hX8q8V,5000.00000000,pubkeyhash,,,
3ce1b3fca27397f49c7d0776f5570449ec934362b9d82004aeb307a346d16177,1,RYG6pMLQQA7TD89czqxrqSFzya5AnafQkW,0.01149607,pubkeyhash,,,
3ce826adb68c2d3c79f543967c5b9242d7b2ce87178c5a8c326e0e7a7d12c972,0,,0.00000000,nulldata,,,
3ce826adb68c2d3c79f543967c5b9242d7b2ce87178c5a8c326e0e7a7d12c972,1,RDqLtHdcuJNC13j98xYhUtg9RLDDTZBCPC,992.59203000,pubkeyhash,,,
3d0f6d65bed432058471fff2d299cfd169938d573527091b51f6b32d434f2fe9,0,,0.00000000,nulldata,,,
3d0f6d65bed432058471fff2d299cfd169938d573527091b51f6b32d434f2fe9,1,RQE66GtpgbEQQjUkqd51Ju63sR3zNijp4T,989.31899000,pubkeyhash,,,
3d3dcaa1964fe8ada0a1ae3b86080af1965fd8759a44c27420992eb1e3ca24e4,0,,0.00000000,nulldata,,,
3d3dcaa1964fe8ada0a1ae3b86080af1965fd8759a44c27420992eb1e3ca24e4,1,RXUyddXsFaQBB35XeiTcbUeNiyGcoBBq5F,994.14852000,pubkeyhash,,,
3d5bc02ef79a47eda813f1a3a549cae69edc3532de06b32ae14a4e2a32c23609,0,,0.00000000,nulldata,,,
3d5bc02ef79a47eda813f1a3a549cae69edc3532de06b32ae14a4e2a32c23609,1,RSQ6VUJVQFVUYpixd7KeTDW7E4bg5PJmbf,993.63240000,pubkeyhash,,,
3d6ce3ea75f15f68b9cbd4f35684c10ac0d5fe2d6a72dc366c8d8ac984e0791d,0,,0.00000000,nulldata,,,
3d6ce3ea75f15f68b9cbd4f35684c10ac0d5fe2d6a72dc366c8d8ac984e0791d,1,RBfcZwsgivnvRoGopGtzj7rZ7EFj7J9RDq,991.04091000,pubkeyhash,,,
3d8372e465fb25a5da561452ba72cf4b73b97fac440d3e0edaf937e1465dbc61,0,,0.00000000,nulldata,,,
3d8372e465fb25a5da561452ba72cf4b73b97fac440d3e0edaf937e1465dbc61,1,RNJJcMWfhiGTxVTLm2cpK58aSmFsijxM2q,993.76764000,pubkeyhash,,,
3d85efeb71805b97c312f6decaad59fa74fcae06339cc4ebd0b308cf30302c00,0,,0.00000000,nulldata,,,
3d85efeb71805b97c312f6decaad59fa74fcae06339cc4ebd0b308cf30302c00,1,RHwkXi7YAqYd1xAH6BAx4UPW7wi5xHaHA9,991.98759000,pubkeyhash,,,
3d9a96540a361786dd619bf3c50bbba371876a99b87f8b0d462a914d894f9759,0,,0.00000000,nulldata,,,
3d9a96540a361786dd619bf3c50bbba371876a99b87f8b0d462a914d894f9759,1,RJRESgTyQuddYAaqDbMEyzxjn9uj9e8DBP,989.21963000,pubkeyhash,,,
3da09d92bca23565a0e2712624fb42343420b06b15cc547f54d3f9d17f9de787,0,,0.00000000,nulldata,,,
3da09d92bca23565a0e2712624fb42343420b06b15cc547f54d3f9d17f9de787,1,RWwEmDUdbCdMWFwJriJXuE1h8qDxgfnitE,992.27739000,pubkeyhash,,,
3dcebbdac88fe5994b9d61e8bc4ab1c77dbaa2b7acee7650b58b6058d22247e7,0,,0.00000000,nulldata,,,
3dcebbdac88fe5994b9d61e8bc4ab1c77dbaa2b7acee7650b58b6058d22247e7,1,RSNwd398v1P3RsRnprcoGdcaj817Fi9njD,995.22916000,pubkeyhash,,,
3df765331ffee48101db731d4b1f79dd1c9bb8329e4a609f00b14777331d7a33,0,,0.00000000,nulldata,,,
3df765331ffee48101db731d4b1f79dd1c9bb8329e4a609f00b14777331d7a33,1,RYcCMoYXAhJqYL16V7yLq4nGaceD31Wb9c,993.25719000,pubkeyhash,,,
3e1757a1047652ea1dcc48667d51113526cc93993053e12bc117826df0f299e5,0,RCTRdNB2enZSiMb86PFESgRWwcEWQV8hqg,125000.46431797,pubkeyhash,,,
3e448fd7e4523e87b9b40e43f099b0872389d823ade30bbd6aa24d555c8dd8d8,0,,0.00000000,nulldata,,,
3e448fd7e4523e87b9b40e43f099b0872389d823ade30bbd6aa24d555c8dd8d8,1,RYFoWpFqAefE3t14UpooHUepPGFd9cGcBh,992.36571000,pubkeyhash,,,
3e5ab1e209348170ac35e922baf9e5397716c668ff8fc32466de5c017d9b493d,0,RX1r2eyM1UW7y2xHcrTejDfyCUk1yBmz4i,306.25957067,pubkeyhash,,,
3e5ab1e209348170ac35e922baf9e5397716c668ff8fc32466de5c017d9b493d,1,RTnYUbiAP4aCApTEazSXUNU8b1ZiYXqgmL,34.01551994,pubkeyhash,,,
3e9065315820f082c5c4bec66dd8c0e8b559938294abbbef24b268ec0f8138c5,0,RVnPh8UFMjDPjPZkzKgGtWtjWsFMsrf2Bg,20.29181537,pubkeyhash,,,
3e9065315820f082c5c4bec66dd8c0e8b559938294abbbef24b268ec0f8138c5,1,RHiaU2aFaVQXPod1f5aRtKpGN7STZU6dE2,317.42886258,pubkeyhash,,,
3e9065315820f082c5c4bec66dd8c0e8b559938294abbbef24b268ec0f8138c5,2,RHvY8nbzytTk2RJQhDspkP9hfPsAJFXCE7,37.52605844,pubkeyhash,,,
3ea11d335a0249b8fda99a89753b6659270673dd8ef04d48d7dec3832373ca20,0,,0.00000000,nulldata,,,
3ea11d335a0249b8fda99a89753b6659270673dd8ef04d48d7dec3832373ca20,1,RGTwbzHhJeqXVcCe37V6nuHKS3dW8ceoYA,994.03812000,pubkeyhash,,,
3eab7ed3817596cd1466087fc2e6da4cc96af0ebe5328611bcdc38e247305f9d,0,,0.00000000,nulldata,,,
3eab7ed3817596cd1466087fc2e6da4cc96af0ebe5328611bcdc38e247305f9d,1,RWJjzfyxvd4hvjdSCXSui7pnZKBqiYyYgD,992.22219000,pubkeyhash,,,
3eadbcba00a0fed67a12673d6e1882fbe9d034a6f46b034748a93f7fa79532dc,0,,0.00000000,nulldata,,,
3eadbcba00a0fed67a12673d6e1882fbe9d034a6f46b034748a93f7fa79532dc,1,RH9Dgk7gD4cLNFVV2JvqzZ83CWqEkdG7nr,994.32516000,pubkeyhash,,,
3eb1b9e1f1e61d904bfebc4cadded44b3a4674d3195d14b2ae8b4c8b74aa6b41,0,,0.00000000,nulldata,,,
3eb1b9e1f1e61d904bfebc4cadded44b3a4674d3195d14b2ae8b4c8b74aa6b41,1,RWSrs9sY7pEVuUZAEVDRzry4Ltwpgef8bQ,994.40764000,pubkeyhash,,,
3ed28a63f896f694c3d9bb8a4693e03bb7617c2967d934fadbefca2624b83443,0,,0.00000000,nulldata,,,
3ed28a63f896f694c3d9bb8a4693e03bb7617c2967d934fadbefca2624b83443,1,RVodcHp9fj46XVbKp25oyfvRUGx7MC1L1U,988.92707000,pubkeyhash,,,
3f04e8286d0a7f07310469fb2ceecb211dbc59cc14b87dab351c05491fb2346d,0,,0.00000000,nulldata,,,
3f04e8286d0a7f07310469fb2ceecb211dbc59cc14b87dab351c05491fb2346d,1,RUH1o1udJ8t2EwLu4DZJD36YTo4GiZegyJ,992.72451000,pubkeyhash,,,
3f0c4fdf5a43bfa9abdc159cb0b68f0f86d876fd34c7f7967ad3ae1aaa83ceff,0,,0.00000000,nulldata,,,
3f0c4fdf5a43bfa9abdc159cb0b68f0f86d876fd34c7f7967ad3ae1aaa83ceff,1,RM7qyZvqjfY97rvhHKTH4x3bNTiH6zjqg2,990.09147000,pubkeyhash,,,
3f1980468b482d3c394955753e2bccf3824cb66438391ad5a574cb985f3e3703,0,,0.00000000,nulldata,,,
3f1980468b482d3c394955753e2bccf3824cb66438391ad5a574cb985f3e3703,1,RKmVnNkW1AL3xJ8SfxnUFk7Uc33kToh98T,993.71520000,pubkeyhash,,,
3f26c1e003856f9048adbeb8f25042bbd1d1290353127bb9910e06b0bca8f161,0,,0.00000000,nulldata,,,
3f26c1e003856f9048adbeb8f25042bbd1d1290353127bb9910e06b0bca8f161,1,RBzoHby6FX6vzRjdkrxbE9FXvDj84Z4Wch,989.31347000,pubkeyhash,,,
3fbbfee735bfec2256ce2fa283ecfd3cfbc6c3df9a210d9048ded15c5ff05000,0,,0.00000000,nulldata,,,
3fbbfee735bfec2256ce2fa283ecfd3cfbc6c3df9a210d9048ded15c5ff05000,1,RX5b4y5xiN745wfgkjPP86Vb1zxnqQAym6,993.98568000,pubkeyhash,,,
3fca8fcac5d53ae1efcaf56aaace8bd9ea4d529ed7c9cf7b836fd84cbd248f03,0,RJm2SKXBjJsa2y4J8M1tTvyuExKnWDuSgH,34.04289155,pubkeyhash,,,
3fca8fcac5d53ae1efcaf56aaace8bd9ea4d529ed7c9cf7b836fd84cbd248f03,1,RX1r2eyM1UW7y2xHcrTejDfyCUk1yBmz4i,306.47896505,pubkeyhash,,,
3ff0981300afe2ae8858b9416cd7027b512764a5a2f38a5140dbca924add1793,0,,0.00000000,nulldata,,,
3ff0981300afe2ae8858b9416cd7027b512764a5a2f38a5140dbca924add1793,1,RCF22LALBCCXfrE8nHdNe3hcPwWXSbrAWP,995.07768000,pubkeyhash,,,
3ffd574f7e4c4309e0f76ddfbb33fe4603ef95f6ff0193d1e23a9e48b27b4676,0,,0.00000000,nulldata,,,
3ffd574f7e4c4309e0f76ddfbb33fe4603ef95f6ff0193d1e23a9e48b27b4676,1,RGzrVbZuLLHTuYMVUQF7gQCKUb2u75YA4X,989.36867000,pubkeyhash,,,
4016cdff8223d19764dfade1134224142b567fdd5b0e525e8b85b92f9b555e89,0,,0.00000000,nulldata,,,
4016cdff8223d19764dfade1134224142b567fdd5b0e525e8b85b92f9b555e89,1,RWiqcn11237gQFn4pAKPBKvCmi9Ko4J4R2,990.90567000,pubkeyhash,,,
4046004da64bd84e0691b1f67dec43e1083ee42dcc4aa3d3a4a497af4b136a67,0,,0.00000000,nulldata,,,
4046004da64bd84e0691b1f67dec43e1083ee42dcc4aa3d3a4a497af4b136a67,1,RKzHQVEdj7cJU5xLMd3brTCJyAkVrtkyHo,990.46959000,pubkeyhash,,,
4048a1dc4a035413ed071c2409eebfbcad8a653ae591f6e10a1c7bee1ff5e802,0,,0.00000000,nulldata,,,
4048a1dc4a035413ed071c2409eebfbcad8a653ae591f6e10a1c7bee1ff5e802,1,RGHPdSCbVoeEimCVB8SSTphPZXiwxoj3WN,990.24603000,pubkeyhash,,,
4061fcb6c0289a9ecd267ba795e649bb90049edaa12ae4764bc3e52efae6ab0f,0,,0.00000000,nulldata,,,
4061fcb6c0289a9ecd267ba795e649bb90049edaa12ae4764bc3e52efae6ab0f,1,RS7NA1qmTVgN93ZG8UeDgv42LQSqkQWSwx,994.12092000,pubkeyhash,,,
408d9677d62ab0b260776b0cf318b64f5a993561f325d553b27fe41e325db1b7,0,,0.00000000,nulldata,,,
408d9677d62ab0b260776b0cf318b64f5a993561f325d553b27fe41e325db1b7,1,RDBwEyhQH7bGt76egUJVXJ5UDL2JsBaWC7,990.05559000,pubkeyhash,,,
4091da794a6e11daf4a7253af64cda61ed7371752786f6876fc23372ab3a7bce,0,,0.00000000,nulldata,,,
4091da794a6e11daf4a7253af64cda61ed7371752786f6876fc23372ab3a7bce,1,RAcTXe2guWMn2Lgu32Z9XoVwPJkyuFyoP1,992.62515000,pubkeyhash,,,
40b54d32f85fdf952eae15bfb4c9bf80b152ca7180827d174d08466031426dc7,0,,0.00000000,nulldata,,,
40b54d32f85fdf952eae15bfb4c9bf80b152ca7180827d174d08466031426dc7,1,RDkBu8hmJ9JgNArqxt5ACjeet8FNFvs3Zh,990.30951000,pubkeyhash,,,
40cb37c6ece6833fb505d49c653348631bd3a326e671f0778acf75549384426d,0,,0.00000000,nulldata,,,
40cb37c6ece6833fb505d49c653348631bd3a326e671f0778acf75549384426d,1,RWjF5VheznZBcuq7APSJCVbGuowhxurz2d,991.01331000,pubkeyhash,,,
40f3e394bb9dc5ac8ec489ed34d8f172732a41f5427424de0290c371ce9bb4b1,0,,0.00000000,nulldata,,,
40f3e394bb9dc5ac8ec489ed34d8f172732a41f5427424de0290c371ce9bb4b1,1,RVeCKKVHbDkD6HYiih5Y1Wd8QYv6MDZ87a,991.09335000,pubkeyhash,,,
40f7dbf216d9d527f6fe5433db0ebe1cc070912e0bcdd356383ee86040f302b3,0,,0.00000000,nulldata,,,
40f7dbf216d9d527f6fe5433db0ebe1cc070912e0bcdd356383ee86040f302b3,1,RBxwUvrt8Pr2rr95mHx95BjprDod2VCRGx,994.23960000,pubkeyhash,,,
4125a0e66f1a6f37fbf253ab4e14ba00618fc53856a448c1f7223d84d5b65187,0,,0.00000000,nulldata,,,
4125a0e66f1a6f37fbf253ab4e14ba00618fc53856a448c1f7223d84d5b65187,1,RCEN64NPhcxJ9mZcm4pA42TPAZZzgAtSew,990.66279000,pubkeyhash,,,
4174ea3c48d48828892161401a8eeb641e28abb012236e58c1a0655fb1047070,0,,0.00000000,nulldata,,,
4174ea3c48d48828892161401a8eeb641e28abb012236e58c1a0655fb1047070,1,RNqXEd3WAtsQcwzYzPG7kQArH5K8zpk6Hd,991.16511000,pubkeyhash,,,
41762aa3779b840a73cb061ac524d8160e934c38843718bada9fe6b151f5d7c0,0,,0.00000000,nulldata,,,
41762aa3779b840a73cb061ac524d8160e934c38843718bada9fe6b151f5d7c0,1,RTiQQx1gnR2i5TnWh1h5RP4JFsuzc4UEMM,991.54323000,pubkeyhash,,,
41783f184c5759cb5415e7b56268772d195eb6d7fb0c5a72363e3e9962b7b4be,0,,0.00000000,nulldata,,,
41783f184c5759cb5415e7b56268772d195eb6d7fb0c5a72363e3e9962b7b4be,1,RRsARJiSissuWDcP5qDs5rW5e9AUSvuQed,994.39936000,pubkeyhash,,,
4197b2c680ce352c491719c990726e007ef6cfca1e25190b50c69ffc1d1afbac,0,RX1r2eyM1UW7y2xHcrTejDfyCUk1yBmz4i,306.07516242,pubkeyhash,,,
4197b2c680ce352c491719c990726e007ef6cfca1e25190b50c69ffc1d1afbac,1,RS8NuHfYUkTrEALa4XZ5WzXVaQ5DCC4YcS,0.00873977,pubkeyhash,,,
41af0e59c70c459a914e4d7fcbe396620480d89b053b7c8e25a17be5566212ab,0,RKvF18oHToQBMKfAe6o5hHHtDo2iVeznMe,5517.03787700,pubkeyhash,,,
41af0e59c70c459a914e4d7fcbe396620480d89b053b7c8e25a17be5566212ab,1,RQLJqxjLPzB6Rb2hKb7bHbACFNhpq11zhv,918.47270070,pubkeyhash,,,
41af9643c2d6c9edfc97ee399617139a01e89565844334dc7c42e4e8285c13ee,0,,0.00000000,nulldata,,,
41af9643c2d6c9edfc97ee399617139a01e89565844334dc7c42e4e8285c13ee,1,RTDZj4NwUVmQfSKqZvetj5AWc4L2xi8qjF,992.64447000,pubkeyhash,,,
41b818f680d734f2f50146f48cb4fff3327d84977b380227cf23830f0d1d2e34,0,,0.00000000,nulldata,,,
41b818f680d734f2f50146f48cb4fff3327d84977b380227cf23830f0d1d2e34,1,RLSKYSV7UkckBS1xmvrUUWGUWTe9teYcZ9,990.06939000,pubkeyhash,,,
41c90290c78e8a231f718616d050ac9187d0240cb579408e450e530f1bc6edf9,0,,0.00000000,nulldata,,,
41c90290c78e8a231f718616d050ac9187d0240cb579408e450e530f1bc6edf9,1,RAESDWLQLg7szjJCSGqTqNvC4e13k52h2A,992.31879000,pubkeyhash,,,
41e31de261df185d3ef372947adbdc21ea5a9f20d104bd7d0558686c94a1bb7a,0,,0.00000000,nulldata,,,
41e31de261df185d3ef372947adbdc21ea5a9f20d104bd7d0558686c94a1bb7a,1,RT1Xqa9oBW9pVDtKdXnEw7FNK1UFMpuagf,994.54532000,pubkeyhash,,,
41e35c07990febcd97d76ec0d57803b64b2fd8454d330b104d8c305f3560508a,0,,0.00000000,nulldata,,,
41e35c07990febcd97d76ec0d57803b64b2fd8454d330b104d8c305f3560508a,1,R9hVaKB7Z5cT6x7TsLzg9qYnViwxaDZA3R,990.54687000,pubkeyhash,,,
41fc7fa2d544fb914f7ff2f8ff29adab676d5f528c5e3534183edfb12b73ca82,0,RN3UwCQ8S6gvsjnooViQLddUUEceS8kTNj,34.03723635,pubkeyhash,,,
41fc7fa2d544fb914f7ff2f8ff29adab676d5f528c5e3534183edfb12b73ca82,1,RX1r2eyM1UW7y2xHcrTejDfyCUk1yBmz4i,306.42806204,pubkeyhash,,,
422d84cbf800bd161468f579e6b46cf1b9a43281d9215c39dbbc3851fd8b8d04,0,,0.00000000,nulldata,,,
422d84cbf800bd161468f579e6b46cf1b9a43281d9215c39dbbc3851fd8b8d04,1,REsV5XC2jDA83sC3E9xXCSiiLvWrwHKfqt,992.77695000,pubkeyhash,,,
424f9d70d2bc9bc1c8c0f06a07088becb3114fb2222e7cbd3ae30b4a8922b36a,0,,0.00000000,nulldata,,,
424f9d70d2bc9bc1c8c0f06a07088becb3114fb2222e7cbd3ae30b4a8922b36a,1,RD8YcKPhSZtEd9Ygxv35mxLfwu1a6yhUFA,990.27639000,pubkeyhash,,,
4265f27b5995e992dc080474e2122f55cdfb535dd6f0c466f11ebacdd18e7e69,0,,0.00000000,nulldata,,,
4265f27b5995e992dc080474e2122f55cdfb535dd6f0c466f11ebacdd18e7e69,1,R9fZYq6Tu7DarU4X6hnTb6c1jjE4qUyjQX,989.90379000,pubkeyhash,,,
426b476519fe3c0868089504d48bb34ee4d7f8212a1b74b21e62ea01d0bb006f,0,,0.00000000,nulldata,,,
426b476519fe3c0868089504d48bb34ee4d7f8212a1b74b21e62ea01d0bb006f,1,RV8QoKRsxN8YGdiJwQyRNwtmcwNk6sJBjn,990.18807000,pubkeyhash,,,
42c6809b36888ad004fe86111b196f93b02bfa7e36d4d1337ae3cd2075b128cd,0,,0.00000000,nulldata,,,
42c6809b36888ad004fe86111b196f93b02bfa7e36d4d1337ae3cd2075b128cd,1,RQu9nfFtSsFQSjbmoozybPvn6jw9yVUNrK,991.01883000,pubkeyhash,,,
42d2b46b444d9d1f80230d621f015335afa9f9f84b7933465795ccb915096e90,0,,0.00000000,nulldata,,,
42d2b46b444d9d1f80230d621f015335afa9f9f84b7933465795ccb915096e90,1,RRw2bRHkKTCcY2MwNAfPrX5unW4jeSegqA,992.90943000,pubkeyhash,,,
42e6ce8911b6917ffbea308a9a0db14ed658241d64c8af9eebf6e83b0e6eac72,0,,0.00000000,nulldata,,,
42e6ce8911b6917ffbea308a9a0db14ed658241d64c8af9eebf6e83b0e6eac72,1,RBBz32jUvmxp3e9aAQwTNHyg11KvKVkFPE,995.04732000,pubkeyhash,,,
4305bcf71fc3f2e15629f97a5778ef4a4d8c3dc65ee49263e914a6dd7ef8fb2d,0,,0.00000000,nulldata,,,
4305bcf71fc3f2e15629f97a5778ef4a4d8c3dc65ee49263e914a6dd7ef8fb2d,1,RXqrUSPXJAvA4hTsD1iMsFw6MkhPxPxErs,991.13751000,pubkeyhash,,,
43202d71940070a47340662da348415fb91e1a8fff25df9d3558b3d426f44f4c,0,RX1r2eyM1UW7y2xHcrTejDfyCUk1yBmz4i,306.30932198,pubkeyhash,,,
43202d71940070a47340662da348415fb91e1a8fff25df9d3558b3d426f44f4c,1,RCoz1XxwYnYjK636iR3uinBEs89EAGRq9n,34.02347220,pubkeyhash,,,
432909a763facfed785a209fe5ebd0710cd33e68c3f7766b1407f2c998e14239,0,,0.00000000,nulldata,,,
432909a763facfed785a209fe5ebd0710cd33e68c3f7766b1407f2c998e14239,1,RXvrraE2WGfq5TQfGr2FdcLZNqnLAqLJiy,989.08991000,pubkeyhash,,,
432de3ea5e89e9603612dcacf194e60713f5493e6bc392a377fcf436abd5b410,0,,0.00000000,nulldata,,,
432de3ea5e89e9603612dcacf194e60713f5493e6bc392a377fcf436abd5b410,1,RVm15DDHBxhwgDMCmqMxtXAua2zodrU9wg,991.61775000,pubkeyhash,,,
433509772d3db207e9a23d70dac2d035cceab42b529407b0335bdc3d336fa79d,0,,0.00000000,nulldata,,,
433509772d3db207e9a23d70dac2d035cceab42b529407b0335bdc3d336fa79d,1,RTQcz71SfkhggP18ixED37NbpeXeyr4ijf,990.40059000,pubkeyhash,,,
43373575612d0df9f043ac85c6bade0cab67a82fe521fe79d1f238e80708c114,0,,0.00000000,nulldata,,,
43373575612d0df9f043ac85c6bade0cab67a82fe521fe79d1f238e80708c114,1,RXS52N3nim6DeenDNcqoVDxVZgq5D5NWQk,992.88183000,pubkeyhash,,,
435e0b5f8d704cca3a78f5f90d05d0dc83654a21cfe327a117d89a5a5cb60606,0,,0.00000000,nulldata,,,
435e0b5f8d704cca3a78f5f90d05d0dc83654a21cfe327a117d89a5a5cb60606,1,RXG7J2Duw8rm6JP4fNjLeXMkfHj1Zbeong,989.30795000,pubkeyhash,,,
436ef43c2127af27f5a9b46bd09dcab1972ef8200b67c6b08cd689da2845da78,0,,0.00000000,nulldata,,,
436ef43c2127af27f5a9b46bd09dcab1972ef8200b67c6b08cd689da2845da78,1,RF62oVH2cBdSNzYTgCeurE3BcnJ1BQ8Bcz,991.04367000,pubkeyhash,,,
438099600dd3dc3cd1404f78006f217b9fcf811d84047f31ba16b7fe8cd03b93,0,,0.00000000,nulldata,,,
438099600dd3dc3cd1404f78006f217b9fcf811d84047f31ba16b7fe8cd03b93,1,RQWXfvLrrFsTBvzcjVeUBSGCanhfztURz6,991.42731000,pubkeyhash,,,
438df7061677281b7d89d854b8aa1efc01e6e9ec770e13d465873f57d6821ea3,0,,0.00000000,nulldata,,,
438df7061677281b7d89d854b8aa1efc01e6e9ec770e13d465873f57d6821ea3,1,RMTcGqJV2RVR2m5xahThB67fwjNyPCdR51,995.40028000,pubkeyhash,,,
43a0af6e0108075a30b3cfffa622624879ab82a61bf03d51b0e68407c5a46421,0,,0.00000000,nulldata,,,
43a0af6e0108075a30b3cfffa622624879ab82a61bf03d51b0e68407c5a46421,1,RCgtpaamhrkC12P2bwjkS2FP67HHkxtAto,991.36935000,pubkeyhash,,,
43cb350b0889e6caf8a645ca9e7f01c2bc7deb8495a131dac4e348ef7a5eb73e,0,,0.00000000,nulldata,,,
43cb350b0889e6caf8a645ca9e7f01c2bc7deb8495a131dac4e348ef7a5eb73e,1,RWPM3HzGfeu1EbXeYNjodkb4dSRhzPLHKA,991.31139000,pubkeyhash,,,
4416d0a71987f3e403a024889a1e958c550c1f724fd8a361378f9e1ea6c46624,0,,0.00000000,nulldata,,,
4416d0a71987f3e403a024889a1e958c550c1f724fd8a361378f9e1ea6c46624,1,RGy7QG9cPmaiSP11QPW4ieQQR4m7gJoP2K,994.29204000,pubkeyhash,,,
445a64e61631591f79978690426ce38b55700e47c65b9af4fdff8641b8271faa,0,,0.00000000,nulldata,,,
445a64e61631591f79978690426ce38b55700e47c65b9af4fdff8641b8271faa,1,RQLmjS89ZyXvVWFGiPBQMyAuqcrbPXpenq,991.95999000,pubkeyhash,,,
44a9501a962068ec5d901f6fd3ceab4a0f267fef3a370a726019447334b4c539,0,,0.00000000,nulldata,,,
44a9501a962068ec5d901f6fd3ceab4a0f267fef3a370a726019447334b4c539,1,RFarDV8K4CEUVHz1c6SrTir876yVYAaPJ4,991.34175000,pubkeyhash,,,
44b30acd5b68599d3accf5c3f9937324bd2d56d6fc35d1466bf492284465b24f,0,,0.00000000,nulldata,,,
44b30acd5b68599d3accf5c3f9937324bd2d56d6fc35d1466bf492284465b24f,1,RT4osCrQru1H5ALmhYqURjB7ygx9Hs491n,991.68399000,pubkeyhash,,,
44b404d6cfb5192cc83f45ad40fa41ae641a2db24cb36a302f34ead8dca37fe6,0,,0.00000000,nulldata,,,
44b404d6cfb5192cc83f45ad40fa41ae641a2db24cb36a302f34ead8dca37fe6,1,RAHCv5PiFNBzPMyVBCiBA9PAFN4FscLV8u,991.40523000,pubkeyhash,,,
44d4639375e60d9ab9682746715ece3356c9c53dbdc665b01b3c448f2a1e543c,0,,0.00000000,nulldata,,,
44d4639375e60d9ab9682746715ece3356c9c53dbdc665b01b3c448f2a1e543c,1,RLdAFn32nVpPtsAPfLANWgXQa1occNWvG7,992.64999000,pubkeyhash,,,
44e819e68c175534c37bbd112dfb35b58293c1749ab178a4ae091c4c7363b672,0,,0.00000000,nulldata,,,
44e819e68c175534c37bbd112dfb35b58293c1749ab178a4ae091c4c7363b672,1,RJ8ibe3c6estWLvf5rnmvkxD6SH9VVnYdg,992.59479000,pubkeyhash,,,
4510365797345860f95dcee5d506aa0ebd5f1bfc455ad20ce4da0912da5e2756,0,,0.00000000,nulldata,,,
4510365797345860f95dcee5d506aa0ebd5f1bfc455ad20ce4da0912da5e2756,1,RBaX5cKa3mzFPksEb9QhZDjAtJdW8tXGea,993.09435000,pubkeyhash,,,
451d29b7416c2aff33f8db4e671ae8896a87d42786f3a1bdb9a44353ed54e580,0,,0.00000000,nulldata,,,
451d29b7416c2aff33f8db4e671ae8896a87d42786f3a1bdb9a44353ed54e580,1,RQqZeq8zcU5GSujE7iRAj6S5fzMbKACnyt,992.10627000,pubkeyhash,,,
4528e59f5ed9d422816396bf994bf89e5df43f9bd96b17e81ec90fc18bd37622,0,,0.00000000,nulldata,,,
4528e59f5ed9d422816396bf994bf89e5df43f9bd96b17e81ec90fc18bd37622,1,RS8S8heWcyK32MdEbLV6bXjM6duKysx44p,990.28191000,pubkeyhash,,,
452d53f231e69c48f63f82b4caa141b21ca6ed27ce4156d3b41d2a06370c0864,0,,0.00000000,nulldata,,,
452d53f231e69c48f63f82b4caa141b21ca6ed27ce4156d3b41d2a06370c0864,1,RHL96mVZrYDxHwhWcABE5edeAuhEnHBeom,990.02247000,pubkeyhash,,,
45400c158d1b83bf27e3ece07b5b008222dba0d84851d833ce9902cbb7bd6afd,0,RX1r2eyM1UW7y2xHcrTejDfyCUk1yBmz4i,306.24120248,pubkeyhash,,,
45400c158d1b83bf27e3ece07b5b008222dba0d84851d833ce9902cbb7bd6afd,1,RAJrunEXp5AKUQTJ8gXSm7daniHcHVNnK4,0.00734869,pubkeyhash,,,
4540910cf789157653f9655d200c5d8bf0b688c6bb1148f868508fa9404b13b1,0,,0.00000000,nulldata,,,
4540910cf789157653f9655d200c5d8bf0b688c6bb1148f868508fa9404b13b1,1,RBQTSx4DB8TuzwkxupbSM3FNZgQ4i1GQN6,989.16719000,pubkeyhash,,,
4546d0ed2b70185a8add4d93a5a9fd4652d2e0fc13e5926a953093b461f85a08,0,,0.00000000,nulldata,,,
4546d0ed2b70185a8add4d93a5a9fd4652d2e0fc13e5926a953093b461f85a08,1,RH7sxpUXVH6tkghXj6pUkaQtfQ9UYTaMDq,991.82199000,pubkeyhash,,,
4557a777afb64840bfef9ad91b7d2460ddd014a4f62e71d1da58be1d080cd2ee,0,,0.00000000,nulldata,,,
4557a777afb64840bfef9ad91b7d2460ddd014a4f62e71d1da58be1d080cd2ee,1,RApeY2jm5xJXCoSdXZpstNTjvsgx9kcuDH,994.28928000,pubkeyhash,,,
455b0d94fa3eda03ff511c556597809b39bdd68aa2eb77a83bd821c1bf56b06b,0,,0.00000000,nulldata,,,
455b0d94fa3eda03ff511c556597809b39bdd68aa2eb77a83bd821c1bf56b06b,1,RPhSyRtf8ycYHkCis4yRFJGGsmnBrt6bJa,992.04279000,pubkeyhash,,,
456c271e73db27176a8f8cc35a0f0218e17422af8f8b4efd75693f0bc7a0bc2e,0,,0.00000000,nulldata,,,
456c271e73db27176a8f8cc35a0f0218e17422af8f8b4efd75693f0bc7a0bc2e,1,RNujT8zkYjBqGdEzeWGgFkPsCiqX8U6So9,990.66555000,pubkeyhash,,,
457e1f0dc09da04a5b92288b433c77426dc66a824f8336ec90dd3d194ed32d2e,0,,0.00000000,nulldata,,,
457e1f0dc09da04a5b92288b433c77426dc66a824f8336ec90dd3d194ed32d2e,1,RKvN6PKHqzNmanNgiuPx49RBbBfgoJdUsk,991.58187000,pubkeyhash,,,
458614cfa7186fcd0071995d28cd8ce3deda5ad27b143c91ada5fa67c79e5e00,0,,0.00000000,nulldata,,,
458614cfa7186fcd0071995d28cd8ce3deda5ad27b143c91ada5fa67c79e5e00,1,RUu1nf8GqSgvuU8rWNaevqm524sRwWfKp8,991.44663000,pubkeyhash,,,
45d73ff503453968098211d935f0c40ef82452f4c8c32a05b7ac03b487d03189,0,,0.00000000,nulldata,,,
45d73ff503453968098211d935f0c40ef82452f4c8c32a05b7ac03b487d03189,1,RMyuZPCUcEnzY9DWxPaa14yakLKM1cLuZY,991.92135000,pubkeyhash,,,
45e3848ec73f0a3e6dfb97f04e5f08838e88b7d70e61435ec751bea63d5a0099,0,,0.00000000,nulldata,,,
45e3848ec73f0a3e6dfb97f04e5f08838e88b7d70e61435ec751bea63d5a0099,1,RAE9aJf5ajvdm4UhWhjriS8QoA7T31Fvfi,991.59843000,pubkeyhash,,,
45e78bffc32609714b06c173105cf8d34b2cc81b22c6029f0d81218e2bbbf0ab,0,,0.00000000,nulldata,,,
45e78bffc32609714b06c173105cf8d34b2cc81b22c6029f0d81218e2bbbf0ab,1,RF2zf4oCjgg7a7Vb6psUsD7cMz1gYJSQX9,991.56255000,pubkeyhash,,,
46045c70b118d977772061af839ffa74eb7b0c5ec6448a1a120b57557f4f3dcb,0,,0.00000000,nulldata,,,
46045c70b118d977772061af839ffa74eb7b0c5ec6448a1a120b57557f4f3dcb,1,RJUffNzC71EQoMc75jbgYa56bR8MAfNgWY,990.80355000,pubkeyhash,,,
46094b514ff6faa41d11784e21865a3ee3ae9c60a0799708da2247d62ec81179,0,,0.00000000,nulldata,,,
46094b514ff6faa41d11784e21865a3ee3ae9c60a0799708da2247d62ec81179,1,RVr3j5nLskkGN9HYZTT9hQH6QGaaS9FkPU,992.61687000,pubkeyhash,,,
462388db793a797ba5290b00f097a1b351f35f86264c1062af06a7c5f86786da,0,,0.00000000,nulldata,,,
462388db793a797ba5290b00f097a1b351f35f86264c1062af06a7c5f86786da,1,RM3aPdRuwoXUpLrNrVocVNyJyT3rm2eQ7g,994.62536000,pubkeyhash,,,
463ed9f77248abac38a79dcecdf01feb19a4c4f3561f847fba2389b902398920,0,,0.00000000,nulldata,,,
463ed9f77248abac38a79dcecdf01feb19a4c4f3561f847fba2389b902398920,1,RUgMpZfz9vNWiQbyq5tkGn8SQsfcBaiUm7,989.90931000,pubkeyhash,,,
465517e98ac042534f0039d7346af6b41d202b25e7fa131d41fc6e17ffa73447,0,,0.00000000,nulldata,,,
465517e98ac042534f0039d7346af6b41d202b25e7fa131d41fc6e17ffa73447,1,RKBeZ6W8qeSpoLiUieivtHFASz15wic7fU,994.87652000,pubkeyhash,,,
466bcf98c190459377d02bef75a2f71031ae26eb67c18f23c8007f1c0682b9ad,0,,0.00000000,nulldata,,,
466bcf98c190459377d02bef75a2f71031ae26eb67c18f23c8007f1c0682b9ad,1,RUzMUBA5noo61R8dVUjeGRgwQSpJHs4sMs,992.11455000,pubkeyhash,,,
468131052bf0c35f461546da10e2bbabaf10abe707a21c921fae39aadabe021c,0,,0.00000000,nulldata,,,
468131052bf0c35f461546da10e2bbabaf10abe707a21c921fae39aadabe021c,1,RVH2M3iE18FinZnMTSsjd11TNMXhLsj8Cz,991.86615000,pubkeyhash,,,
4683846b73c18c3a2e0817d1eb863e1a872dbeb7a297b8dbc069691633c046fa,0,,0.00000000,nulldata,,,
4683846b73c18c3a2e0817d1eb863e1a872dbeb7a297b8dbc069691633c046fa,1,RBUavsSKnWF6xr2YbNjgmwYPAdGw2fmHnw,994.59500000,pubkeyhash,,,
4695f9d4251957c19d3a70500396124b26c42c915143536cb0f13c200e96dc50,0,,0.00000000,nulldata,,,
4695f9d4251957c19d3a70500396124b26c42c915143536cb0f13c200e96dc50,1,RKny18gY3i2XJGvSPapzsgLWkhz6awb7mL,995.37544000,pubkeyhash,,,
46a5543f5f1a4d4946427cbb8d93cb14c9765d17338d2e20be475854f3ef86ba,0,,0.00000000,nulldata,,,
46a5543f5f1a4d4946427cbb8d93cb14c9765d17338d2e20be475854f3ef86ba,1,RTz1VFa2WFwxnN52hkZETzBNfMvK3gycjz,991.08783000,pubkeyhash,,,
46c02d373016325cbf21b014aa1494c30a3b90acec0b6b891ca8a3f57b792349,0,REvXHHrYDpurmV5eQ97bHWHeuCePgRVLEA,231.34464534,pubkeyhash,,,
46c02d373016325cbf21b014aa1494c30a3b90acec0b6b891ca8a3f57b792349,1,RBasdyNy9xc8XRMujQdKDqT6YFsz1YePhY,20.33002978,pubkeyhash,,,
46c02d373016325cbf21b014aa1494c30a3b90acec0b6b891ca8a3f57b792349,2,RHvY8nbzytTk2RJQhDspkP9hfPsAJFXCE7,33.13961539,pubkeyhash,,,
46c9da131b758fbccbeeb97bd43580422b6eeca2f8c45d37bf7523603e7d08f9,0,RTAMhn8Tddxjz323ZazkYFjASSYp5ibtRk,34.05533782,pubkeyhash,,,
46c9da131b758fbccbeeb97bd43580422b6eeca2f8c45d37bf7523603e7d08f9,1,RX1r2eyM1UW7y2xHcrTejDfyCUk1yBmz4i,306.59100565,pubkeyhash,,,
46d146078e566aaac868ed1130e91aef6365fed65a96b9e932f9a6da7f95281b,0,,0.00000000,nulldata,,,
46d146078e566aaac868ed1130e91aef6365fed65a96b9e932f9a6da7f95281b,1,RYAxPBJq7XjRfpiDrSGrPoaoP1zrZRssbt,992.87907000,pubkeyhash,,,
46d57fb98db811e432b56c4ea1aeb0042f94b38052c384831f223b15fc0fffe0,0,,0.00000000,nulldata,,,
46d57fb98db811e432b56c4ea1aeb0042f94b38052c384831f223b15fc0fffe0,1,RBvzZtDBWFwqNSQfYK75V5t27rFqEk6goi,994.79648000,pubkeyhash,,,
46f54e51ee490265ea2add10660c04644ee545089c797ec660cc593d76de177b,0,,0.00000000,nulldata,,,
46f54e51ee490265ea2add10660c04644ee545089c797ec660cc593d76de177b,1,RAZhqG4sLUL9gVSCkyhKMKPgFGvQNXeQrN,993.80904000,pubkeyhash,,,
472040af591d75e1e79298dbb7e6edd57665b755a3a5b231a912d2a105da7a21,0,,0.00000000,nulldata,,,
472040af591d75e1e79298dbb7e6edd57665b755a3a5b231a912d2a105da7a21,1,RNXG5epip71sAuusVJBuUyeBYH9RCPoheK,995.08044000,pubkeyhash,,,
47384be50590a3c4590d80fd1fe19bd3a753387aa735581ce6b1b7ff6f8446d2,0,,0.00000000,nulldata,,,
47384be50590a3c4590d80fd1fe19bd3a753387aa735581ce6b1b7ff6f8446d2,1,RGGYSgbDsk61tBpjXwxpKthKnJ3qQBoGUR,992.87079000,pubkeyhash,,,
4740eb169ebe8c7d5e29b593e565e1ca319adcf975c204c307919a778a6644c8,0,,0.00000000,nulldata,,,
4740eb169ebe8c7d5e29b593e565e1ca319adcf975c204c307919a778a6644c8,1,RKi7vhAZoBfRXCgNrnaPCqanBghV2xzLde,989.61707000,pubkeyhash,,,
4757a00862fc14bd1ea54551fced9ac2fb70bacb92756d86b75fdebb4b9aa512,0,,0.00000000,nulldata,,,
4757a00862fc14bd1ea54551fced9ac2fb70bacb92756d86b75fdebb4b9aa512,1,RRD3HZRH79DvhgR9h9zqFxqnDBJQo8Jb48,991.40247000,pubkeyhash,,,
47bd6eb7e42291cc1c155791cfc7c8f87e7fcc024e2841aaf8da854fd10bc69e,0,,0.00000000,nulldata,,,
47bd6eb7e42291cc1c155791cfc7c8f87e7fcc024e2841aaf8da854fd10bc69e,1,RKUiKTNh1avDcwCokJ2A8g74h2JtVRgHYX,988.89395000,pubkeyhash,,,
47f1634949a50f9b81c15991f93c05d6a706cc09bef3cc5ba5654d3c1e6c010f,0,,0.00000000,nulldata,,,
47f1634949a50f9b81c15991f93c05d6a706cc09bef3cc5ba5654d3c1e6c010f,1,RSG8BMZ6GfirTAZcw6aGr16w9JRYkAfkJC,990.73731000,pubkeyhash,,,
47f247c4100dc058aec7e3d96670648ae547eb23b439d0920faaaa904d5931b1,0,,0.00000000,nulldata,,,
47f247c4100dc058aec7e3d96670648ae547eb23b439d0920faaaa904d5931b1,1,RKe2BvXacP4fG8Xn514j17XJSbwuL2iU1u,991.94619000,pubkeyhash,,,
4832436331971bee04f5c1361aabeddbf453b19deabdc922198bb0802c8e3e29,0,,0.00000000,nulldata,,,
4832436331971bee04f5c1361aabeddbf453b19deabdc922198bb0802c8e3e29,1,RUvarHizkTUh7nXDrvN3cUPqjwJG3iFC9F,993.11367000,pubkeyhash,,,
4846e64ba7886a4a65442dcef895c2640e721e8354e1b1d3cda32192b9448566,0,,0.00000000,nulldata,,,
4846e64ba7886a4a65442dcef895c2640e721e8354e1b1d3cda32192b9448566,1,RHkNaEWR6gLmVciNUMRFSrySwdaVTmmmzF,992.40435000,pubkeyhash,,,
485e21e3ac0ec1f2c58cbe1c011cc3d491e258245850ecae8fdf987793f72bce,0,,0.00000000,nulldata,,,
485e21e3ac0ec1f2c58cbe1c011cc3d491e258245850ecae8fdf987793f72bce,1,REzhHLufVNvDKSQ79VFuyevJoCQATCTmyK,992.37675000,pubkeyhash,,,
485f3c53a591154d7b3b739856b70092be4434b9eb0543a51ae7859773e6d328,0,,0.00000000,nulldata,,,
485f3c53a591154d7b3b739856b70092be4434b9eb0543a51ae7859773e6d328,1,RUX1J46uaHFUQhPC5ZkrZvk2bBzETFzxSL,989.00987000,pubkeyhash,,,
4886c0e2192d6c67fdadc0169e25e8fbbecaba6ced45a1712b00dbef1462257b,0,,0.00000000,nulldata,,,
4886c0e2192d6c67fdadc0169e25e8fbbecaba6ced45a1712b00dbef1462257b,1,RC6WEKCt7jzzNS7qRr8YHVBoSeqJMNUoKX,995.03628000,pubkeyhash,,,
48a2ec8417186ac43d7ea778c5a5e824348fc14d4a1ff0046bce6407e5c8917a,0,,0.00000000,nulldata,,,
48a2ec8417186ac43d7ea778c5a5e824348fc14d4a1ff0046bce6407e5c8917a,1,RWJXGgHQZhEBPT8Jx5gyWpLbBXAyGZBhkM,993.28755000,pubkeyhash,,,
48e2cc1a13fe96c4cb44a865b301b477e3eebf023357924385e4cbc9af0119e7,0,RHvY8nbzytTk2RJQhDspkP9hfPsAJFXCE7,29.35666229,pubkeyhash,,,
48e2cc1a13fe96c4cb44a865b301b477e3eebf023357924385e4cbc9af0119e7,1,RDNv1tehiDFvoMzceFaqD4zsgz3DAwfyr2,764.53333872,pubkeyhash,,,
48eb3b1001838b129063a1812c186af582deabcf8db741054aae64b6052e8ea7,0,,0.00000000,nulldata,,,
48eb3b1001838b129063a1812c186af582deabcf8db741054aae64b6052e8ea7,1,RS7hmaUDexCmPCw5kNAZDg33EqLGRMH2qU,994.03536000,pubkeyhash,,,
48ebb45c56752ccd43be446ea1b9f48267fb3cd17ba23dc7c4c19fb627b9bae6,0,,0.00000000,nulldata,,,
48ebb45c56752ccd43be446ea1b9f48267fb3cd17ba23dc7c4c19fb627b9bae6,1,RDi9RkXhBkSDTQbfyJMdDFXMgfNTJKftxd,990.75663000,pubkeyhash,,,
48f56465d2e5a553f6ba1a686cc2486a1868489d7c15b5ff59a666304f9a774e,0,,0.00000000,nulldata,,,
48f56465d2e5a553f6ba1a686cc2486a1868489d7c15b5ff59a666304f9a774e,1,RNzzGmDeksEH5fDQNCbkMQ4RT4Lmv3saCg,990.14943000,pubkeyhash,,,
495a1be99782c72d3af3eec0ff538e0b87271423620fb00ef394737684314f90,0,,0.00000000,nulldata,,,
495a1be99782c72d3af3eec0ff538e0b87271423620fb00ef394737684314f90,1,RULTNsDYv7VVNJGQZdeQH6ncYQNjMDoPmr,992.93151000,pubkeyhash,,,
49771350d88f55c68f4f4b5de3fccc5bbe6902618eff3adaba523a6325acee0f,0,,0.00000000,nulldata,,,
49771350d88f55c68f4f4b5de3fccc5bbe6902618eff3adaba523a6325acee0f,1,RBu8mLhFEiBgGzvcL7mSZmRU5ikFti5Xc9,993.83388000,pubkeyhash,,,
49875ea0bd2fdabfe08374ed349a2f02b372c392939af60f67b55d46722875da,0,,0.00000000,nulldata,,,
49875ea0bd2fdabfe08374ed349a2f02b372c392939af60f67b55d46722875da,1,RK1UJZUahj7DbbwMBkbBBrpj5dXh1138py,992.28015000,pubkeyhash,,,
49880c10359dfc760daef98ba4094552e915c892000c4e4305fa5999779b50c8,0,,0.00000000,nulldata,,,
49880c10359dfc760daef98ba4094552e915c892000c4e4305fa5999779b50c8,1,RKqGywKREf4PtAFd8dQ3dDrQc7Ray7PU8G,994.22856000,pubkeyhash,,,
49aece0e66461ee06b03d451829247d8e0765256c9f091f80e0b08594d8b8f69,0,,0.00000000,nulldata,,,
49aece0e66461ee06b03d451829247d8e0765256c9f091f80e0b08594d8b8f69,1,RRsE6fsvqkky181VXY5gw6CzUpx7L46deW,990.10803000,pubkeyhash,,,
49bb2d604b29f531b4976f4cff51e1e44d102292d88d1860d6a6350a883cd5cd,0,,0.00000000,nulldata,,,
49bb2d604b29f531b4976f4cff51e1e44d102292d88d1860d6a6350a883cd5cd,1,RMZhqUuN2gfCrt9etTBXEaLTJCoxwdn47E,989.53979000,pubkeyhash,,,
49cbc176930adf4c62673b07fbb4d0a8ea4428ca680d236f7216a2875851f1ce,0,,0.00000000,nulldata,,,
49cbc176930adf4c62673b07fbb4d0a8ea4428ca680d236f7216a2875851f1ce,1,RKchjUu4pf9qxt5eLQ1puwUDa3TuKDvvHc,995.38096000,pubkeyhash,,,
49ea1a8e3e74e5d4cf91553c3205169a054c6ed28807cca446c7b3296ae34f99,0,,0.00000000,nulldata,,,
49ea1a8e3e74e5d4cf91553c3205169a054c6ed28807cca446c7b3296ae34f99,1,RKS3k98piHWD7MQ6WCFikE3zRB9xW3wXEn,992.82939000,pubkeyhash,,,
49f5ca6cf99f2fc18906555e0538cf0828131d3c7dbf3bfc092483af57909682,0,,0.00000000,nulldata,,,
49f5ca6cf99f2fc18906555e0538cf0828131d3c7dbf3bfc092483af57909682,1,RKrg8udkzUxE6dEDc1c9tqwi3Uv9akfR17,993.86700000,pubkeyhash,,,
49fc5e981c365ba3d6fac8763852f281fe0a79c0ad834680fc03edf3540541ac,0,RX1r2eyM1UW7y2xHcrTejDfyCUk1yBmz4i,306.36020473,pubkeyhash,,,
49fc5e981c365ba3d6fac8763852f281fe0a79c0ad834680fc03edf3540541ac,1,RN9CKMyhBqyy8EGaZ4xk7wRJvuRDGWDDVk,34.02969741,pubkeyhash,,,
49fda73e10c1e39321d15eba705850f9061d9d2d4a81995c3b4872d7991c2625,0,,0.00000000,nulldata,,,
49fda73e10c1e39321d15eba705850f9061d9d2d4a81995c3b4872d7991c2625,1,RWR6HeP95TriXupkK9ScA3HkLpy3ogpjCu,994.59776000,pubkeyhash,,,
4a08b11a9881486a5405958e7c083cce989c63caf671f4569fa51e963a9d9ae6,0,,0.00000000,nulldata,,,
4a08b11a9881486a5405958e7c083cce989c63caf671f4569fa51e963a9d9ae6,1,RSPFLf659YK7vbjr3CfvNC2LBVnhSWYYtu,994.60328000,pubkeyhash,,,
4a0ed872284164a8316e696998227a92cd34ed579c7cdf5c0476c7910f47e6e4,0,rNE4txZm3VjNpKUFd23nHyuuCKNmdzem9k,24513.57000000,scripthash,,,
4a0ed872284164a8316e696998227a92cd34ed579c7cdf5c0476c7910f47e6e4,1,rFBbLndM6XE5x1S6qNQkUdKcAZvMXCnkkq,46110.36394000,scripthash,,,
4a3147697666543ffc487d888486eb36e8e635358f1ebfefad48a7f140bf3906,0,,0.00000000,nulldata,,,
4a3147697666543ffc487d888486eb36e8e635358f1ebfefad48a7f140bf3906,1,RMsKBjFo11S9Ta8GoxhzkpcaMNWKGYUW2p,990.73455000,pubkeyhash,,,
4a363f00e67a0a5fad39a8c551bb65060497e0adbc8fe0ad632da3e584fb7c8b,0,,0.00000000,nulldata,,,
4a363f00e67a0a5fad39a8c551bb65060497e0adbc8fe0ad632da3e584fb7c8b,1,RRdLY1swGw1scy6D9BBje8R4LfNsHKy17c,991.67571000,pubkeyhash,,,
4a3a85b5328c23827eb6da3c140778202879257a9a26ea0bd5f72df775efa8e6,0,,0.00000000,nulldata,,,
4a3a85b5328c23827eb6da3c140778202879257a9a26ea0bd5f72df775efa8e6,1,RJkNZefK4wowWbAvgmwbZgbdPtYbeHT5Xn,995.17948000,pubkeyhash,,,
4a5baf927bf17e7a46df2d54fc2a0db4e1324345666fd77be277d5691aa471da,0,,0.00000000,nulldata,,,
4a5baf927bf17e7a46df2d54fc2a0db4e1324345666fd77be277d5691aa471da,1,RFyD5mE1HLtjGdugL8TYUehzs2adR3iZAh,991.17891000,pubkeyhash,,,
4a7888b02b5e69771af2ad325716d9bda77ad2c41e37a9623bc19f016c824176,0,,0.00000000,nulldata,,,
4a7888b02b5e69771af2ad325716d9bda77ad2c41e37a9623bc19f016c824176,1,RQ77HWtzVLuzrpEQ2UGF4Wvs8tmeDD7rWa,988.89947000,pubkeyhash,,,
4a93fe6f622835cfafa71e5becf9bba7c34ef888b28ff0acc621326a0fb5e76b,0,,0.00000000,nulldata,,,
4a93fe6f622835cfafa71e5becf9bba7c34ef888b28ff0acc621326a0fb5e76b,1,RRvk3Y3eFHtxccKYFwQx4XR3XUsMEkSuNU,993.90564000,pubkeyhash,,,
4aa599e3adb0bf5779b95b54220977eefec2df331ffea72f4d390b1c2aac6bb4,0,rMTpVmb79m7USaEC7URAikuSNwsDhucAYX,2.01452227,scripthash,,,
4ab70e269c437957d5156d9c1b04edfce49c0d44a46ae2e41ea396f94be04632,0,,0.00000000,nulldata,,,
4ab70e269c437957d5156d9c1b04edfce49c0d44a46ae2e41ea396f94be04632,1,R9r6N1Buzjw7y8MYuarPKXkUyMP46V2Euv,991.82751000,pubkeyhash,,,
4adfcb71225a260475a9479dbf539e25fa78727a1b5c4ca8a38cf19f075281bb,0,RX1r2eyM1UW7y2xHcrTejDfyCUk1yBmz4i,306.42127582,pubkeyhash,,,
4adfcb71225a260475a9479dbf539e25fa78727a1b5c4ca8a38cf19f075281bb,1,RNurX5upsvp79JK3RA5WdL28oBayfUMnLe,34.03648242,pubkeyhash,,,
4ae89fc09c115d6b49589767ef7a381f230d8e0f981c3b9b06f5478a16742ce9,0,RX1r2eyM1UW7y2xHcrTejDfyCUk1yBmz4i,306.15643517,pubkeyhash,,,
4ae89fc09c115d6b49589767ef7a381f230d8e0f981c3b9b06f5478a16742ce9,1,RKvSSNJzP6AT5CGRgotY4RzbtvvkhREcNR,34.00715961,pubkeyhash,,,
4aec96b6edfe1f9f9bc54c910f78dd6f53cd336d6a8e0fe6e8af661c335c21c3,0,,0.00000000,nulldata,,,
4aec96b6edfe1f9f9bc54c910f78dd6f53cd336d6a8e0fe6e8af661c335c21c3,1,R9Y4HAAyktxttbSqWjt5PCnHQuMNkoiwn7,989.17271000,pubkeyhash,,,
4aee6854c09e52b2195e16108756a7e18dc5d7e205c7da2f6e14d35a3a445758,0,,0.00000000,nulldata,,,
4aee6854c09e52b2195e16108756a7e18dc5d7e205c7da2f6e14d35a3a445758,1,RByusNCzjxwBTmx1tzgJhnzndFwv6qGxSS,990.94431000,pubkeyhash,,,
4b0c4e9412d7b410ad9346a2ef469e3d85651d2daa560e2e049491f35198de49,0,,0.00000000,nulldata,,,
4b0c4e9412d7b410ad9346a2ef469e3d85651d2daa560e2e049491f35198de49,1,R9y1WYhgLgMFh5SSJRT4uheYhXmk6D1ojX,992.65827000,pubkeyhash,,,
4b2a16a0af803f2f3d30842aac43b310a77898891fa41fec2b76b040f93725d9,0,,0.00000000,nulldata,,,
4b2a16a0af803f2f3d30842aac43b310a77898891fa41fec2b76b040f93725d9,1,RXKGhvy2iRSSLkEcKcxeRt7iZT2Hctp5Jb,989.71611000,pubkeyhash,,,
4b320e0fa0e806882b6e48255048a3bdbfbbf9fe40a214bc90b9e1c9ea14fc26,0,,0.00000000,nulldata,,,
4b320e0fa0e806882b6e48255048a3bdbfbbf9fe40a214bc90b9e1c9ea14fc26,1,RWhzi6bXqh5qoJawKjpj16jQU6c3CVxZmm,993.97464000,pubkeyhash,,,
4b377646be30900ca0276229bb0ed75f42a3c1d62f909dd6e900045e58bbf25d,0,,0.00000000,nulldata,,,
4b377646be30900ca0276229bb0ed75f42a3c1d62f909dd6e900045e58bbf25d,1,RWcTHdjMMMdS49HgcPpheTovcjndM4LyDU,989.82099000,pubkeyhash,,,
4b45addef767ed1b87f18ebab0638e558c38215d9fce86ea31ab593529ceac47,0,,0.00000000,nulldata,,,
4b45addef767ed1b87f18ebab0638e558c38215d9fce86ea31ab593529ceac47,1,RLimepiUBPxNgBuBCP5NAycQyPPTMab3pY,994.69160000,pubkeyhash,,,
4b472cca794ed9341b152b1bfefa616c90d2e2b575b3a1464aa93dbd8fb62826,0,,0.00000000,nulldata,,,
4b472cca794ed9341b152b1bfefa616c90d2e2b575b3a1464aa93dbd8fb62826,1,RCCGmxU9A8ttrCuTGnyxXgewNVLTKCpKju,991.88547000,pubkeyhash,,,
4b6b5b7ffb38f93c83238bad3420a678a861f9b1688f35c47b358f6ac2af37ab,0,,0.00000000,nulldata,,,
4b6b5b7ffb38f93c83238bad3420a678a861f9b1688f35c47b358f6ac2af37ab,1,RGNt7Cvf3yvp6yZcwvzhNRwaanJoHDPupm,989.83755000,pubkeyhash,,,
4b7226947e6c691d2141d95aa23ac9a05aafab7631230be77f99a328d7c80f1c,0,,0.00000000,nulldata,,,
4b7226947e6c691d2141d95aa23ac9a05aafab7631230be77f99a328d7c80f1c,1,RTUzL4fLFaHJ3aThC6mZ63uCGoKZAbXvKi,989.37695000,pubkeyhash,,,
4b860ea4259de2076d3bd16dee8d7481133525a9242edcf01e8c7dfcc58c871d,0,RX1r2eyM1UW7y2xHcrTejDfyCUk1yBmz4i,306.18017867,pubkeyhash,,,
4b860ea4259de2076d3bd16dee8d7481133525a9242edcf01e8c7dfcc58c871d,1,RF9pck4cQ3MyiuXnXmEEjsXYpRp39UcpPY,34.00979564,pubkeyhash,,,
4b8bc6f52b9a72c0b956aba330e309f624543c99aeb57715ec00ab22cf450f4b,0,,0.00000000,nulldata,,,
4b8bc6f52b9a72c0b956aba330e309f624543c99aeb57715ec00ab22cf450f4b,1,RVCTy67CKRZsBjBMaxMcC6AH7fbPWiFVwo,992.31603000,pubkeyhash,,,
4b8db99ca4553f35d7b9d412f0f0dd9ef1ccd7cd77d6198b245addd497730e06,0,RHY75dzArV8U3QXPiDr3zftkafcUqTH91n,564.03354027,pubkeyhash,,,
4b8db99ca4553f35d7b9d412f0f0dd9ef1ccd7cd77d6198b245addd497730e06,1,RVnPh8UFMjDPjPZkzKgGtWtjWsFMsrf2Bg,21.15817885,pubkeyhash,,,
4b8db99ca4553f35d7b9d412f0f0dd9ef1ccd7cd77d6198b245addd497730e06,2,RHvY8nbzytTk2RJQhDspkP9hfPsAJFXCE7,36.45007560,pubkeyhash,,,
4b97b4690b76371697c77d4b44a85da1bf2593aeacfa52aff748c3d6da165197,0,,0.00000000,nulldata,,,
4b97b4690b76371697c77d4b44a85da1bf2593aeacfa52aff748c3d6da165197,1,RW8imr7w5XN8R1f25XfLSKHpNLCwC88UG3,990.42267000,pubkeyhash,,,
4bad7d891a245a6112a528600b4f49770e9e9058688834752e1798870489de5c,0,,0.00000000,nulldata,,,
4bad7d891a245a6112a528600b4f49770e9e9058688834752e1798870489de5c,1,RBWxniJsSy7L1BkeyVCLtaeMzzBso1Y3ew,993.77592000,pubkeyhash,,,
4bb5a414d173f132863738156c36d0b70dbb8d8d0cd65bf9d182d9db77ca5f4d,0,,0.00000000,nulldata,,,
4bb5a414d173f132863738156c36d0b70dbb8d8d0cd65bf9d182d9db77ca5f4d,1,RGEo2KcE5cUKTREFnyAUzU8EU5CmtE4dkq,990.06663000,pubkeyhash,,,
4bf53e2c2e3ef445a89bd25e1981811f4c97e741db7eaa07c2cd20bceba3dbdc,0,RX1r2eyM1UW7y2xHcrTejDfyCUk1yBmz4i,306.40770346,pubkeyhash,,,
4bf53e2c2e3ef445a89bd25e1981811f4c97e741db7eaa07c2cd20bceba3dbdc,1,RTVi9iHWaNeJMu38BRJ6wtzQwL9baG42sY,34.03497437,pubkeyhash,,,
4bf91895887dfb3a47f5210263fa7c63c242d56a390d471a2226345728c802b2,0,,0.00000000,nulldata,,,
4bf91895887dfb3a47f5210263fa7c63c242d56a390d471a2226345728c802b2,1,RPX8TvG2bgx7K9BW3Y9nVQwSuEFX6N3Ydb,990.82563000,pubkeyhash,,,
4c0a13603b5e0c2ce78001c1775d9a7be4f07c5cb378d37f24dec1c97ae2565d,0,,0.00000000,nulldata,,,
4c0a13603b5e0c2ce78001c1775d9a7be4f07c5cb378d37f24dec1c97ae2565d,1,RAQyT5kCpdJBboe1UoERkQ5mDhJBFzt9Yz,991.92963000,pubkeyhash,,,
4c19d233f7ec4d84f21c4ccb29d5cf4615986659003dc6378636fa46f8b84553,0,,0.00000000,nulldata,,,
4c19d233f7ec4d84f21c4ccb29d5cf4615986659003dc6378636fa46f8b84553,1,RDfJcN3LaM6PEHjbgTep6S1LaVT68Gng5m,993.14679000,pubkeyhash,,,
4c581016bf11376512ee27f64525dfac7ff966021abf687ae983a94394681d1f,0,RX1r2eyM1UW7y2xHcrTejDfyCUk1yBmz4i,306.61817705,pubkeyhash,,,
4c581016bf11376512ee27f64525dfac7ff966021abf687ae983a94394681d1f,1,RRaHn7QjEGd72yCMWVAQ5n5pCGU7Ajbfis,0.00806519,pubkeyhash,,,
4c6251d601de86e43b6db30d79771ef16aadc9f8525a1ac87274c9940b884ebd,0,,0.00000000,nulldata,,,
4c6251d601de86e43b6db30d79771ef16aadc9f8525a1ac87274c9940b884ebd,1,RKkvKhUDHyJCUti7PMTtSXLVSDYqN8FgcL,994.98692000,pubkeyhash,,,
4c8dc4448e876c19e5387a4b8c478deccde5ecf7ba5414f73e960dd3984ba7eb,0,,0.00000000,nulldata,,,
4c8dc4448e876c19e5387a4b8c478deccde5ecf7ba5414f73e960dd3984ba7eb,1,RPnDMKZTfFqWPAPNkVu4eqCTTd3FM5oamg,995.38648000,pubkeyhash,,,
4c9bf3ee8e9eb8f8357b97948ea10ae260c091f1ff1b8067048b1bf036bdc3f6,0,,0.00000000,nulldata,,,
4c9bf3ee8e9eb8f8357b97948ea10ae260c091f1ff1b8067048b1bf036bdc3f6,1,RCeSEgu6qG2NVFzDD94Jc8eFFZPR1Luqxh,991.78887000,pubkeyhash,,,
4caa27e3cd7407fbde036243707d8c84f988acb62a72c6a91097ba6298079d90,0,,0.00000000,nulldata,,,
4caa27e3cd7407fbde036243707d8c84f988acb62a72c6a91097ba6298079d90,1,RMYytRHm4Boan5Qm4QzdKCMXTnWjiHAbiB,993.44472000,pubkeyhash,,,
4cbc90d7c722f2ad930724f29cfe0e76d30b0117159a6fadc23afac5ed30d8da,0,,0.00000000,nulldata,,,
4cbc90d7c722f2ad930724f29cfe0e76d30b0117159a6fadc23afac5ed30d8da,1,RR1Ckb7jMxVspeejVqEMWAzqd4nttLi4sX,992.49267000,pubkeyhash,,,
4cdf69760ebbb3e2872c3042c19d6211dc3708eede2b882216d488ca9b583d6f,0,,0.00000000,nulldata,,,
4cdf69760ebbb3e2872c3042c19d6211dc3708eede2b882216d488ca9b583d6f,1,RUPDtbTPVRWE5qp5VBEo3h9p3FxXnbiHwU,991.25067000,pubkeyhash,,,
4d07c4076026a0745fb307869abe4cf8434916d8312b315757aaa97cf82878b0,0,,0.00000000,nulldata,,,
4d07c4076026a0745fb307869abe4cf8434916d8312b315757aaa97cf82878b0,1,RUKRrYFhB633TP5nd3HHgnC2UScADB9JKf,989.59499000,pubkeyhash,,,
4d10ba1a25111ca7b266d923bb89fc1c9832fd350b540a36fa1fd68021f4348f,0,RX1r2eyM1UW7y2xHcrTejDfyCUk1yBmz4i,306.62443725,pubkeyhash,,,
4d10ba1a25111ca7b266d923bb89fc1c9832fd350b540a36fa1fd68021f4348f,1,RBHUuCmkUYXgR1NvK84KHeUhDMQBh1ysje,0.00557874,pubkeyhash,,,
4d112c26e7dcf0c59549e0f130424566abcde665602215c8c5e646dbb6217ac9,0,,0.00000000,nulldata,,,
4d112c26e7dcf0c59549e0f130424566abcde665602215c8c5e646dbb6217ac9,1,RPvq1YF114CcjoD2RanLsnP22MW2xQ4g4c,994.15680000,pubkeyhash,,,
4d13c0339dd6df2ac2426326f1e555b3ca7c54f84db6e5421448541b566a8778,0,,0.00000000,nulldata,,,
4d13c0339dd6df2ac2426326f1e555b3ca7c54f84db6e5421448541b566a8778,1,RCLcTCZce5daFv6bmfvFApknFFu63CbLTM,994.53152000,pubkeyhash,,,
4d670ee91d35bc1b59feb8d83cf10266a786505f12e779122a0cc3e0e7987d7d,0,,0.00000000,nulldata,,,
4d670ee91d35bc1b59feb8d83cf10266a786505f12e779122a0cc3e0e7987d7d,1,RN45UETXDyMJ6fRtTjza2p8uNL1DymuQph,995.25124000,pubkeyhash,,,
4d6a8046442d18a0de8be5b57c88f368634b582d9a3de8d3a7343cf949c6a40f,0,,0.00000000,nulldata,,,
4d6a8046442d18a0de8be5b57c88f368634b582d9a3de8d3a7343cf949c6a40f,1,RAqqWmKwKbTGkhUZMkRP8bDoZ3biZhjuH6,989.70231000,pubkeyhash,,,
4d7d29e22ad25ac452cd7fa18077ff7697a83146cc699d261dd80def7d512d97,0,,0.00000000,nulldata,,,
4d7d29e22ad25ac452cd7fa18077ff7697a83146cc699d261dd80def7d512d97,1,RVfprysrbMtv3eNQEc549xrqXy3687YFE9,993.05295000,pubkeyhash,,,
4d8d69b3200265481ad10a10a2ea0168c8ef1a92f16d8bb59c4af67c58858942,0,,0.00000000,nulldata,,,
4d8d69b3200265481ad10a10a2ea0168c8ef1a92f16d8bb59c4af67c58858942,1,RMySq47LzAcWS6kzVXnQsG7ATuQa9k6QYD,992.49543000,pubkeyhash,,,
4d8f237d90baa8078b443967a1d95663f234dd4917189aca2b8351b235b3c7c2,0,,0.00000000,nulldata,,,
4d8f237d90baa8078b443967a1d95663f234dd4917189aca2b8351b235b3c7c2,1,RBmYPJdi42QP9ZroK4gnV58QiZ3U6jpeHj,995.36440000,pubkeyhash,,,
4dd22a99c3dbfc885376ce33b66e1652c00fb51cd8db39b2c5ef25876f25de1e,0,,0.00000000,nulldata,,,
4dd22a99c3dbfc885376ce33b66e1652c00fb51cd8db39b2c5ef25876f25de1e,1,RWX7kqtV7cxzGxK8KTFScUE8c3mQQGDQS3,994.52876000,pubkeyhash,,,
4dde6947646605b8c20e39b9510b1fd9d7e9d8bfee27feb8c92a74bf184ea19c,0,,0.00000000,nulldata,,,
4dde6947646605b8c20e39b9510b1fd9d7e9d8bfee27feb8c92a74bf184ea19c,1,RYCthtjVzYw9hjHkJoF3NJLQtwRWe9ei49,993.27927000,pubkeyhash,,,
4dec8e8924fdb8042df8b58117bf008c4c36a27b83cffa51e943f8fe100c9e4f,0,,0.00000000,nulldata,,,
4dec8e8924fdb8042df8b58117bf008c4c36a27b83cffa51e943f8fe100c9e4f,1,RG1zQmtSLzC4BfBhMnMPekr53zaX57YuWR,990.88359000,pubkeyhash,,,
4e09e8ede825a2a71beb79cd6436b7db551e1c3afd7de195ca6a01aedca22a10,0,,0.00000000,nulldata,,,
4e09e8ede825a2a71beb79cd6436b7db551e1c3afd7de195ca6a01aedca22a10,1,RNz44zBASHe6VGogSx2MW72iFJKUDXHbKh,990.40335000,pubkeyhash,,,
4e21d53c6c57597381b037d97c0a7a971b5e141523b94291b96ae861564e07d6,0,,0.00000000,nulldata,,,
4e21d53c6c57597381b037d97c0a7a971b5e141523b94291b96ae861564e07d6,1,RABKtAhXNRvJaVwyUdj13k4dhhntGg4MkD,993.55236000,pubkeyhash,,,
4e38b2a2f00f13187b4d845f6f5cf931f223a1668dc23d30178fc546db053c59,0,,0.00000000,nulldata,,,
4e38b2a2f00f13187b4d845f6f5cf931f223a1668dc23d30178fc546db053c59,1,RK3PM1MACWNUnucy6fcrDw3wtwryZ4p1uW,990.49719000,pubkeyhash,,,
4e5b2aa591acd3626f6f47245d7a3d18df4e846bad3e8baf4fb16d104aa9eaa3,0,RNdZYAS8Y1m4nkJ84Wnfr8mSA7tAxPsiNy,1130005.19000000,pubkeyhash,,,
4e5b2aa591acd3626f6f47245d7a3d18df4e846bad3e8baf4fb16d104aa9eaa3,1,RQLJqxjLPzB6Rb2hKb7bHbACFNhpq11zhv,273310.19414266,pubkeyhash,,,
4e5cb7df1513557a3dd608ea087276ee731d3022a77e3d19fa17c553e2b9393b,0,,0.00000000,nulldata,,,
4e5cb7df1513557a3dd608ea087276ee731d3022a77e3d19fa17c553e2b9393b,1,RFqCWYkTQostACTNQQ8ZkPDthcSUGGF9Dr,994.17336000,pubkeyhash,,,
4e614347ec2fc9b26a8cc7760d8b12eb7bdf47dfd22aaa896d426492bf151786,0,,0.00000000,nulldata,,,
4e614347ec2fc9b26a8cc7760d8b12eb7bdf47dfd22aaa896d426492bf151786,1,RRXHYCRg791xkkRA1i2xfcrcvfaXJkyioX,995.20156000,pubkeyhash,,,
4e61a2c87d6cbf06473d6256638e7d252fc9674fb9e375732cbb4bd8a658b81e,0,,0.00000000,nulldata,,,
4e61a2c87d6cbf06473d6256638e7d252fc9674fb9e375732cbb4bd8a658b81e,1,RWk6m4yJre18SMfqi3qLXYg9SwpBPM3msK,990.75111000,pubkeyhash,,,
4e7caaa79b21dc892c65eaa1389b5b550e24b272249c0d58e7cd1fb6c2737d1c,0,,0.00000000,nulldata,,,
4e7caaa79b21dc892c65eaa1389b5b550e24b272249c0d58e7cd1fb6c2737d1c,1,RMTzWm2C5W17RxtL28kCsMXHWxg7GvLdZt,989.28035000,pubkeyhash,,,
4e9a8149963498114471d58adeb886e2ff41588c288c1c7c82986370e1ae3dc3,0,,0.00000000,nulldata,,,
4e9a8149963498114471d58adeb886e2ff41588c288c1c7c82986370e1ae3dc3,1,RLQjsxSa7EB7QJ8FSmU4X12JtG5VfXMJSh,991.32519000,pubkeyhash,,,
4eb5bab62c1e6490920c0fc81a6111ae4f02e59f44ecd00957c0f0e6e6dc90eb,0,,0.00000000,nulldata,,,
4eb5bab62c1e6490920c0fc81a6111ae4f02e59f44ecd00957c0f0e6e6dc90eb,1,RKZoKoHvYrc3YENQwKYgSE7M54JV1cZhzH,991.06575000,pubkeyhash,,,
4ec3fb8a986fd388700eead35305ac01f596620be2f1f123fe4b04ff4ccea8d9,0,,0.00000000,nulldata,,,
4ec3fb8a986fd388700eead35305ac01f596620be2f1f123fe4b04ff4ccea8d9,1,R9fQAcTMMjUhoEEREiuviT3JMXyV9NScxj,990.47235000,pubkeyhash,,,
4ec5d1aba7b9da0936250fde82249782d97e2e7c3336eb9461b74cf0d6df4b35,0,,0.00000000,nulldata,,,
4ec5d1aba7b9da0936250fde82249782d97e2e7c3336eb9461b74cf0d6df4b35,1,RWRvT3JcHKV2k5YeeYgDro4MQifUi6BCyu,989.88999000,pubkeyhash,,,
4ef1dc2c2be7d821364e1ad6fd2c9bc7028d9c4894639e628c37351fc6a3a4de,0,,0.00000000,nulldata,,,
4ef1dc2c2be7d821364e1ad6fd2c9bc7028d9c4894639e628c37351fc6a3a4de,1,RPGypLQaPX1hgHWRjFYz1UP2vJoC6VsKJj,993.74832000,pubkeyhash,,,
4ef8a6abe14a81ce8c7ea78efd7e2ede694cbf9011aaafd04f6311dc4d9cbdde,0,RD7oo78q1TEyXARbYu2XepR1otxNPp6C34,34.00904385,pubkeyhash,,,
4ef8a6abe14a81ce8c7ea78efd7e2ede694cbf9011aaafd04f6311dc4d9cbdde,1,RX1r2eyM1UW7y2xHcrTejDfyCUk1yBmz4i,306.17339274,pubkeyhash,,,
4efe290725190198cc07dfda2bef41a639ac8d87cdd8acbe17158bff0053324e,0,RSEpQPXsiXjvdtyX5EmbxXFLbGP8hX8q8V,5000.00000000,pubkeyhash,,,
4efe290725190198cc07dfda2bef41a639ac8d87cdd8acbe17158bff0053324e,1,RRqqwWSeq7goGtBJDB5dqF8rUN8sEc5E6Y,0.01448216,pubkeyhash,,,
4f3f918ba039216f463f233a666e47530cd5de3a2739b92014fc61541c73b3bd,0,,0.00000000,nulldata,,,
4f3f918ba039216f463f233a666e47530cd5de3a2739b92014fc61541c73b3bd,1,RMptULGdtcpJiY473h9aZBciV8TyCRL7Gu,993.31791000,pubkeyhash,,,
4f485af1a074cc00be6c5374deadbec969454515d02cce231af73754fdadc912,0,,0.00000000,nulldata,,,
4f485af1a074cc00be6c5374deadbec969454515d02cce231af73754fdadc912,1,RSVDd6iKEfR5sx9ToHrWYS6Yg4jwDStST5,990.89187000,pubkeyhash,,,
4f54951d9d4cd8361870196ed72c10e603f24fc8c1f77b562ae9dcdc1a66f021,0,,0.00000000,nulldata,,,
4f54951d9d4cd8361870196ed72c10e603f24fc8c1f77b562ae9dcdc1a66f021,1,RM6PJa2cpkyK2A8dnaLRnCj763ikBke3sb,991.69503000,pubkeyhash,,,
4f72080f374e96c0fd8c33ab0f8385ae6af1f2f043fe8054423379a8af8f5b68,0,,0.00000000,nulldata,,,
4f72080f374e96c0fd8c33ab0f8385ae6af1f2f043fe8054423379a8af8f5b68,1,RNMTaRvFHzqdaCvDTnwak49ubnhWyHTy6m,991.54875000,pubkeyhash,,,
4f86f089e98379c61dea75ed36a77478d3f53558cfe48c82fd36a70778644575,0,,0.00000000,nulldata,,,
4f86f089e98379c61dea75ed36a77478d3f53558cfe48c82fd36a70778644575,1,RAuCxpqy1YcEjHZLQcBTHgRw5THVD6MVnE,990.76767000,pubkeyhash,,,
4f9594cef25bbdae201ff8b4940a83500ba59572a42a01fdac98743a422a79bb,0,,0.00000000,nulldata,,,
4f9594cef25bbdae201ff8b4940a83500ba59572a42a01fdac98743a422a79bb,1,RP7iuxhBr1rR3MXKKq8LYZo2AXmY9mHcnk,990.82839000,pubkeyhash,,,
4fc3b22da30208526977a2b900277cd8a72d637ac71cfa42cce21b35554be628,0,,0.00000000,nulldata,,,
4fc3b22da30208526977a2b900277cd8a72d637ac71cfa42cce21b35554be628,1,RCtBWAVgB1KJaMpDFT4EPE4k3cZFmmhSrd,994.45148000,pubkeyhash,,,
50539eaa93488e4e83571d47320416b7b920dba0d3bac4db3aa8afa7eca841c5,0,,0.00000000,nulldata,,,
50539eaa93488e4e83571d47320416b7b920dba0d3bac4db3aa8afa7eca841c5,1,RJsH4P987tiWNQ4LargXvzCJYVLa5TAHsr,994.91792000,pubkeyhash,,,
5069c066237685371762e4bb8eb1047299353691288d4c1f4589763fa8eea4cd,0,,0.00000000,nulldata,,,
5069c066237685371762e4bb8eb1047299353691288d4c1f4589763fa8eea4cd,1,RA8V5NFpq1Z6u9coExCX9eJ63oTTVBo53p,989.55635000,pubkeyhash,,,
508eaf2e20b02ae782438a435d5f9c8c4fd67848613d78e4f4b2d88e79ccf201,0,,0.00000000,nulldata,,,
508eaf2e20b02ae782438a435d5f9c8c4fd67848613d78e4f4b2d88e79ccf201,1,RDdx8cQSB6yKEPGaF2JgYdxegBDTy7G7Hq,991.63155000,pubkeyhash,,,
50cad3d175d24f6cd744f5cfb636b5c6c50bcb66426a66a195e9a2a3e4d1f0d8,0,,0.00000000,nulldata,,,
50cad3d175d24f6cd744f5cfb636b5c6c50bcb66426a66a195e9a2a3e4d1f0d8,1,RWzEPQTpk7piSfEgKSjuYbKYPR1Ue3KeZw,994.84616000,pubkeyhash,,,
50ddad4762280663c2850a8f331c824af16dc85656e33afae7a09ff73bd5ec82,0,,0.00000000,nulldata,,,
50ddad4762280663c2850a8f331c824af16dc85656e33afae7a09ff73bd5ec82,1,RNZ85KjP7KYzzt6Eep5Sd4UC9uB5LWsWFh,989.82927000,pubkeyhash,,,
50df14450d5a035ca6d35d79038282191a8d5944b75d8bb66a2fd7134b62e3b3,0,RVD1zHzXpaajby6TtUVo2yLFux83KnLpeW,33.99509072,pubkeyhash,,,
50df14450d5a035ca6d35d79038282191a8d5944b75d8bb66a2fd7134b62e3b3,1,RX1r2eyM1UW7y2xHcrTejDfyCUk1yBmz4i,306.04803729,pubkeyhash,,,
50ed843654380350aaba6631f01b260ac412b1220d88909b5bd8851c431ac5fa,0,,0.00000000,nulldata,,,
50ed843654380350aaba6631f01b260ac412b1220d88909b5bd8851c431ac5fa,1,RQxJkCHmZsGH233Vc2SqJkikgifim6xFbG,991.27275000,pubkeyhash,,,
5123c1c9044b155e50f1e32ce72ab1a6430d0226ff81b979fd62fb92aadf7fff,0,RL8sTpSLyLf8cYVmw6mJD8j518L7f8b1g3,34.00113014,pubkeyhash,,,
5123c1c9044b155e50f1e32ce72ab1a6430d0226ff81b979fd62fb92aadf7fff,1,RX1r2eyM1UW7y2xHcrTejDfyCUk1yBmz4i,306.10216966,pubkeyhash,,,
516343164a4d8850150b782c1b2ecf1ec299eb5c229199067723cde92c1c8161,0,,0.00000000,nulldata,,,
516343164a4d8850150b782c1b2ecf1ec299eb5c229199067723cde92c1c8161,1,RSDqh7wURdFYanFFm5n7khARKQbdRgcRhV,993.72348000,pubkeyhash,,,
516443d0fc025dda4176ed993a08be3bf374567f954b9c1c8fcea76c0d616441,0,,0.00000000,nulldata,,,
516443d0fc025dda4176ed993a08be3bf374567f954b9c1c8fcea76c0d616441,1,RVza9YuvJGCiMBsKxVLNhw2ij3wHhKY3fe,992.38227000,pubkeyhash,,,
5187d963dfa70bd4a022c383723b6ee498811f1e364c98428872294b012f4ad2,0,,0.00000000,nulldata,,,
5187d963dfa70bd4a022c383723b6ee498811f1e364c98428872294b012f4ad2,1,RL193F3g4sSXUE5DfM8L9uKv6LLenFBjXT,990.53859000,pubkeyhash,,,
51947c7e53ab0184c48da9efd899913bbf569ae304052ef2b3f69c7b0f6800f2,0,,0.00000000,nulldata,,,
51947c7e53ab0184c48da9efd899913bbf569ae304052ef2b3f69c7b0f6800f2,1,RBvg4vNCFweUC96CWqUZWBaWh42VaAEqmC,989.93691000,pubkeyhash,,,
51d5139eabe2e0c3d8c5a1e2d0bcc8dd33e7359ed9337672f0ccae5ab5e1f526,0,,0.00000000,nulldata,,,
51d5139eabe2e0c3d8c5a1e2d0bcc8dd33e7359ed9337672f0ccae5ab5e1f526,1,RJSQEyDdP4hrMbJi853HgqNnXHPdSusJ4g,992.08143000,pubkeyhash,,,
521841090d12ccdd799238098130e7a7b7a78c5f1cab2fea1ca23736f3d6b467,0,,0.00000000,nulldata,,,
521841090d12ccdd799238098130e7a7b7a78c5f1cab2fea1ca23736f3d6b467,1,RJ1TjhGesyqBU5WhSwuGRfd4bgAwVVVjhW,991.07679000,pubkeyhash,,,
521ff53c5a4807e733011a82df79749b4c50584584b97487baaccb03bdf746bb,0,,0.00000000,nulldata,,,
521ff53c5a4807e733011a82df79749b4c50584584b97487baaccb03bdf746bb,1,RXhVHKKEqBLkPLPRQvHSB75pZV9AFaF29T,990.83943000,pubkeyhash,,,
522d30e87f9822be559db5921a06675869941ff83ae8ee60b9a069d1873abe3c,0,,0.00000000,nulldata,,,
522d30e87f9822be559db5921a06675869941ff83ae8ee60b9a069d1873abe3c,1,RXAcpXR5wv7iEKgsWzJQ2ZkvHYwxQokviQ,991.66743000,pubkeyhash,,,
52468ed21ab5f2ac4c10afadbb28015158e880109807bf876169466029e97f06,0,RX1r2eyM1UW7y2xHcrTejDfyCUk1yBmz4i,306.13269513,pubkeyhash,,,
52468ed21ab5f2ac4c10afadbb28015158e880109807bf876169466029e97f06,1,RRtB3DjSQG763FnTZdg4Wo5dNq1XV85gY6,34.00452186,pubkeyhash,,,
525003bae7679146c58868b02a73682867c480fd4d7291f867903de0d908109f,0,,0.00000000,nulldata,,,
525003bae7679146c58868b02a73682867c480fd4d7291f867903de0d908109f,1,RD2kPYyx7wv61EWGVK1yF2xtyxPzGTippf,990.48891000,pubkeyhash,,,
526172cda9b367760514450e3f0dcd75ffdd9e24339198df844d98d8e5770aa7,0,RQLJqxjLPzB6Rb2hKb7bHbACFNhpq11zhv,1015.81781021,pubkeyhash,,,
526172cda9b367760514450e3f0dcd75ffdd9e24339198df844d98d8e5770aa7,1,RKvF18oHToQBMKfAe6o5hHHtDo2iVeznMe,5510.57011000,pubkeyhash,,,
52773e3f6e89005b0932a44cedd048a4b94975d84f3a2acaf9eafdd3095540ad,0,,0.00000000,nulldata,,,
52773e3f6e89005b0932a44cedd048a4b94975d84f3a2acaf9eafdd3095540ad,1,RSWtHDjjXDn4c95ee4GUwrTAtZDeXxF7jC,993.09711000,pubkeyhash,,,
5292925c6e2dee7d5cdda8cc78a024fe2e520e26129cd80abce8c18561074290,0,,0.00000000,nulldata,,,
5292925c6e2dee7d5cdda8cc78a024fe2e520e26129cd80abce8c18561074290,1,REG79vBmaMUknyjKBHU5Cm6egufCbY5FNt,994.09608000,pubkeyhash,,,
52ae9bec2bd0f8c528457c3cd0ad13878e5c2903b9515f9ea4499347dd85e5a6,0,,0.00000000,nulldata,,,
52ae9bec2bd0f8c528457c3cd0ad13878e5c2903b9515f9ea4499347dd85e5a6,1,RRLU3fLfqMvn9NLEgEr4bFghbjJs4dwReS,989.70507000,pubkeyhash,,,
52b35f3e0112b292ab2c2fc3bba7061bccff3c0f2ee98e222129b5a08b9ec93e,0,,0.00000000,nulldata,,,
52b35f3e0112b292ab2c2fc3bba7061bccff3c0f2ee98e222129b5a08b9ec93e,1,RTGaF4JB6gaBGPzJiwGBRA68RwG3nxJPAJ,991.98483000,pubkeyhash,,,
52b896e286a032d80e7e577ae90c3aeafa8b0b5c285894e8a8b08b1008039049,0,,0.00000000,nulldata,,,
52b896e286a032d80e7e577ae90c3aeafa8b0b5c285894e8a8b08b1008039049,1,RNaCVqxPN2nw1Q6jSgkH4hK4iP2Xotxg6q,991.77507000,pubkeyhash,,,
52c857678ee37effd5242a7981ed12c2f1a8f02adf0ef3f003908dd3a1b6fdf2,0,,0.00000000,nulldata,,,
52c857678ee37effd5242a7981ed12c2f1a8f02adf0ef3f003908dd3a1b6fdf2,1,RCaQidSUQsgUUMfs68UtVtDFN51CPXfaH2,995.11356000,pubkeyhash,,,
52e1665e0599b510819d72173f43d2210580827cd295ff3b4f6b66228b51ebdf,0,,0.00000000,nulldata,,,
52e1665e0599b510819d72173f43d2210580827cd295ff3b4f6b66228b51ebdf,1,RAzN6zXoY1nfDABSPN7YkmpzqY5svtSHCb,989.06231000,pubkeyhash,,,
52efd774d269a6f99da5750304b05647ee8e7a5ea2c7a6e8eba93b64e125817d,0,,0.00000000,nulldata,,,
52efd774d269a6f99da5750304b05647ee8e7a5ea2c7a6e8eba93b64e125817d,1,RXDtApK5RmwkQ2dnqzb3pBJD5sNbaYipwP,993.91116000,pubkeyhash,,,
52f1b9195001fe94a95dfd996e5284f47ae07e55a2a1a986a1883568a34a9906,0,,0.00000000,nulldata,,,
52f1b9195001fe94a95dfd996e5284f47ae07e55a2a1a986a1883568a34a9906,1,R9SHyaoBKt7h7rVhmrmuayPRBM6AkFLhwk,991.23135000,pubkeyhash,,,
52f62654595061c803a1f1e3080002d22ba96f323398740dd68fd974a48dbac2,0,,0.00000000,nulldata,,,
52f62654595061c803a1f1e3080002d22ba96f323398740dd68fd974a48dbac2,1,RAfq9hckCvn6guuiht6v7cA7HhN2rTuaFW,993.75108000,pubkeyhash,,,
5304e468ddf21a78a7e2fd6cd3d291f6167a7468c84083b2ee2ceb8cac9be2b3,0,,0.00000000,nulldata,,,
5304e468ddf21a78a7e2fd6cd3d291f6167a7468c84083b2ee2ceb8cac9be2b3,1,RG5cJ81rq7yPWxBTYoU8q9BNFi5cgGf3Qg,994.50392000,pubkeyhash,,,
53216b08525fd871548952db326e38e7fe419be102932ac5475adc58d8645f4a,0,,0.00000000,nulldata,,,
53216b08525fd871548952db326e38e7fe419be102932ac5475adc58d8645f4a,1,RWHfVQWAFaJiyCWR8ngwSakXQnE9AM7V83,992.86803000,pubkeyhash,,,
535f57a7613ddc64dbfc521ee1ffa71bc2ceeb457f15e3e9a5d70c695df6dfd2,0,,0.00000000,nulldata,,,
535f57a7613ddc64dbfc521ee1ffa71bc2ceeb457f15e3e9a5d70c695df6dfd2,1,RSG4vgJQhjaGC6jpTkKw4N8KzPEMpXQkjc,990.92499000,pubkeyhash,,,
53606f862971f801f2f45998e1f0f19b0a648de11beda112dff9baf5ded5be1a,0,,0.00000000,nulldata,,,
53606f862971f801f2f45998e1f0f19b0a648de11beda112dff9baf5ded5be1a,1,RJs5uHx2babyHXEZwT1cgB1YiGi7gMsdV9,993.10263000,pubkeyhash,,,
53b96930afee9f6e4956f880383d2c72c1805179a99ce4ae99ae2ee6555d9a36,0,,0.00000000,nulldata,,,
53b96930afee9f6e4956f880383d2c72c1805179a99ce4ae99ae2ee6555d9a36,1,RB7axfG8aCMJfZLJ1Xtiv5qHM7kCcAKZpg,993.25443000,pubkeyhash,,,
53c4bba704883994299682463595b9e67ac8b813d274be165e1f3bb3dcca1b8f,0,RDUAN8vBRJvvHQd76G7KvEsgN6bqWmyeyD,522330.42934929,pubkeyhash,,,
53c4bba704883994299682463595b9e67ac8b813d274be165e1f3bb3dcca1b8f,1,RC98jtdUEvRKg5WC2p17uKHX2zz7EHseyr,1282.25716691,pubkeyhash,,,
53dbb7eba6e019ecc643695514e0262e37022abad2c4844e706db9fe5712a0fc,0,RPFnWKaYxyXtqk95pa8P5gKGmJtRcfKdNm,34.00565215,pubkeyhash,,,
53dbb7eba6e019ecc643695514e0262e37022abad2c4844e706db9fe5712a0fc,1,RX1r2eyM1UW7y2xHcrTejDfyCUk1yBmz4i,306.14286823,pubkeyhash,,,
53f261b6697e1b1f23272349e5780ea481fc85f5d57fde241c4ee37005513baa,0,,0.00000000,nulldata,,,
53f261b6697e1b1f23272349e5780ea481fc85f5d57fde241c4ee37005513baa,1,RHaLqNKAJN513VVGmEEUa8nhqNoPtNixpk,992.27187000,pubkeyhash,,,
53f64efadd0cd3fef2f8742d8d0a3a0d4d21e1abc295205733bf45f6029e0ba1,0,RCBheTft7W19VQ28wXpY5EdwnaA8zfpbCV,79.13810498,pubkeyhash,,,
541a44e0689023c2ff1172700a720468648cc48ee51d1a5dba87796736a80ae2,0,,0.00000000,nulldata,,,
541a44e0689023c2ff1172700a720468648cc48ee51d1a5dba87796736a80ae2,1,RLvwy8H4xXXv6fi9azssNLdtb6DFVXZ5P7,994.30860000,pubkeyhash,,,
541fba064031b12129eefff1af5502a1c674018343e0c8f78a92d60d248d13bc,0,,0.00000000,nulldata,,,
541fba064031b12129eefff1af5502a1c674018343e0c8f78a92d60d248d13bc,1,RXHgZ3xWYtyNBhnoimfxZRCKa3yoPEiByu,991.80819000,pubkeyhash,,,
5443ea0efee2277215075078c49c9f8186b04a79c139ea191e44dd748dce4476,0,,0.00000000,nulldata,,,
5443ea0efee2277215075078c49c9f8186b04a79c139ea191e44dd748dce4476,1,RPr1e3zRXuSmwwnZ5ipdHiM9pZYSkbAyEW,993.71796000,pubkeyhash,,,
545d7dc3a98ecb6900f3459006e01741f1a5d9a00b7eef26b91ad60060221379,0,,0.00000000,nulldata,,,
545d7dc3a98ecb6900f3459006e01741f1a5d9a00b7eef26b91ad60060221379,1,R9u2kVSX2zYGzn2uv7AgFCbpKkqpgSvcgB,993.40884000,pubkeyhash,,,
54747771106f919dba962c3b4924777e5d96712fd91c5c77c44c1c219930bbb4,0,,0.00000000,nulldata,,,
54747771106f919dba962c3b4924777e5d96712fd91c5c77c44c1c219930bbb4,1,RDR693BrSx8dVMUxrX82GAYSt4ti4fn8Na,994.47908000,pubkeyhash,,,
547f0c71f33679149be124fb89d8c8c403e32fef3ed5bb0d65fa5afafeb6995d,0,,0.00000000,nulldata,,,
547f0c71f33679149be124fb89d8c8c403e32fef3ed5bb0d65fa5afafeb6995d,1,RXch7v7HyTfbXXW36VNSemkz23qM15tP72,993.14403000,pubkeyhash,,,
54803f1627e8871b0ce56de23005aeb07a1e017d196343e4bd24807cadf7828d,0,,0.00000000,nulldata,,,
54803f1627e8871b0ce56de23005aeb07a1e017d196343e4bd24807cadf7828d,1,RWo5LAxtbnN87mxGmmjaJxk1Cb286aj1oe,994.68608000,pubkeyhash,,,
548a9e1b5915735a442d743e7030160c21780f1146ae39cbe5de6733282564fd,0,,0.00000000,nulldata,,,
548a9e1b5915735a442d743e7030160c21780f1146ae39cbe5de6733282564fd,1,RGQCKMWuhAXFCdZLjX36KFGvWTP89X2qNd,990.24327000,pubkeyhash,,,
54beee8c62471fa22d254f61fc9c3f73869c5bc60b8a2edee6e33be1ba9a8033,0,,0.00000000,nulldata,,,
54beee8c62471fa22d254f61fc9c3f73869c5bc60b8a2edee6e33be1ba9a8033,1,RJHW5eNgwyeP93xM7SycL8uXrRh5GJQfS2,994.81856000,pubkeyhash,,,
54db69b95704f709887d03581a217b0ffd529a3b051c5f7bc9de8b745bb2e351,0,,0.00000000,nulldata,,,
54db69b95704f709887d03581a217b0ffd529a3b051c5f7bc9de8b745bb2e351,1,RVLn8pk8K3YwgpEGeRuLqeEddW3JdhqFhp,994.18992000,pubkeyhash,,,
54dc54469ccb9588034b84d2b49512f72badddc0b6c1993f7aadd941889bc9e5,0,,0.00000000,nulldata,,,
54dc54469ccb9588034b84d2b49512f72badddc0b6c1993f7aadd941889bc9e5,1,RF4M7zmr3PWH8LQd2jHyjnzZij7uf3CjRR,989.62535000,pubkeyhash,,,
54f0c8a9d8c386aca4d9b11cf325a14872814e1fb42a8921ee1bdad82f9f0633,0,,0.00000000,nulldata,,,
54f0c8a9d8c386aca4d9b11cf325a14872814e1fb42a8921ee1bdad82f9f0633,1,RMiEAsJVR6vhX3eE5SqbvhvBMzn1emCt3v,994.25340000,pubkeyhash,,,
5504428328d1a01acea954f4428aabcbd1a47781ca1aa475a362bd0f965c9dd5,0,,0.00000000,nulldata,,,
5504428328d1a01acea954f4428aabcbd1a47781ca1aa475a362bd0f965c9dd5,1,RHvDv2GAc218rG8TqNGCKymyYP31DdP94r,989.05955000,pubkeyhash,,,
5509ca021548cdc0cdaea7da3cd2dbf3307b9f77969688cef329f816c802bb27,0,RMKd7jAm9y682pLc6QiHSUFTxZReSRKZfe,11.21600423,pubkeyhash,,,
553fba8413d1e8bbb9247134e2eea26f10c50853605efb9cccb28dbcddf2662e,0,,0.00000000,nulldata,,,
553fba8413d1e8bbb9247134e2eea26f10c50853605efb9cccb28dbcddf2662e,1,RKEytRs2JduQud1VBj8UgpWQjMqLB3sBwR,994.41592000,pubkeyhash,,,
55401d42a30fe0b4c5da90e093b9500a5a29211a52fba3ac41076b72142e92d6,0,,0.00000000,nulldata,,,
55401d42a30fe0b4c5da90e093b9500a5a29211a52fba3ac41076b72142e92d6,1,RVFnAxv4X5yEAZfMvnRvGauYxZrAR2aZua,992.28567000,pubkeyhash,,,
554a21c9f76f2e4e5ac94163e31d04e9fb833df1d6671dccf8815ae1e0c983cd,0,,0.00000000,nulldata,,,
554a21c9f76f2e4e5ac94163e31d04e9fb833df1d6671dccf8815ae1e0c983cd,1,RGvTkecTTKFasypBduqRYHN317xLcs9xS3,991.34727000,pubkeyhash,,,
5570b64168009fbd714e177e38aa1d251157c42ffbee7b7a16832bc8d3166adf,0,,0.00000000,nulldata,,,
5570b64168009fbd714e177e38aa1d251157c42ffbee7b7a16832bc8d3166adf,1,RB34ZLGJB5jFWUfjmVHRPjQyGLkTGPdBg4,993.80352000,pubkeyhash,,,
5572b9d8c1a52615c92961c524f514070b92284e92b7dfbe52418615e41c79b1,0,,0.00000000,nulldata,,,
5572b9d8c1a52615c92961c524f514070b92284e92b7dfbe52418615e41c79b1,1,RAtKEKvhnoQw46RgXoBa42ZJUygTuETBd8,990.27915000,pubkeyhash,,,
5573d74482e88251b59a75e4dd01cf3a1350a5b54f3b49e2e408ecd7c634b497,0,,0.00000000,nulldata,,,
5573d74482e88251b59a75e4dd01cf3a1350a5b54f3b49e2e408ecd7c634b497,1,RQRcuvkjywoVrHmg9kNc8ZrPvPHV8JiG67,992.48163000,pubkeyhash,,,
55906699e0e5c9068f88b51fcf18735823f96fa913bbe252e5f3943e98829867,0,,0.00000000,nulldata,,,
55906699e0e5c9068f88b51fcf18735823f96fa913bbe252e5f3943e98829867,1,RY7CUeWkdJk2D3E6U45BBjMPmAH8gCy4MG,989.25275000,pubkeyhash,,,
55aca198243fcf717a45aaef00fc06d16d46fc88cb6a548cb21eed3e6fec89b8,0,,0.00000000,nulldata,,,
55aca198243fcf717a45aaef00fc06d16d46fc88cb6a548cb21eed3e6fec89b8,1,RG5Qgaz97r8vYWjxcV88aM2NyGgZpJD64C,995.03904000,pubkeyhash,,,
56085a9c13d5ec02728f4398732b99bde6f1ab76ab28e1cbea2f079d6188bd10,0,,0.00000000,nulldata,,,
56085a9c13d5ec02728f4398732b99bde6f1ab76ab28e1cbea2f079d6188bd10,1,RQWmiiYtKSbPDpwRTs1bv8bhiwVyHGDGzs,992.99499000,pubkeyhash,,,
561a1f3073be36620721413325f84845b6990c72dbad8d529f851fe544607660,0,,0.00000000,nulldata,,,
561a1f3073be36620721413325f84845b6990c72dbad8d529f851fe544607660,1,RLcegSwZQ1dq7L7ip4pFNvQf5Dwm4hQDnU,990.00315000,pubkeyhash,,,
56266d18fe27b317327a403ad266d6ef71c5defb16abeb9593fb8d82fd414ce6,0,,0.00000000,nulldata,,,
56266d18fe27b317327a403ad266d6ef71c5defb16abeb9593fb8d82fd414ce6,1,RRLuJ7KxCKubWnqfdsbc1FSCu5CB3JskbY,992.35743000,pubkeyhash,,,
5634d370ab5e7528cccd3fec85ab280b21ef28425cec3edc51e8ce95af620a20,0,,0.00000000,nulldata,,,
5634d370ab5e7528cccd3fec85ab280b21ef28425cec3edc51e8ce95af620a20,1,RSheA9Dtuvti8gCh4YURHwMsNCVxE9QmQC,994.70264000,pubkeyhash,,,
564cf9bc7315aeb5e0f3b8d7279d49d093bb5c91dfbf3a10b0bed34c305b7cc7,0,,0.00000000,nulldata,,,
564cf9bc7315aeb5e0f3b8d7279d49d093bb5c91dfbf3a10b0bed34c305b7cc7,1,RVj8t5g3eNcB65ZkWmLTZm6GZL5Yi426ga,993.86424000,pubkeyhash,,,
56529c5ce1ba09d1451c2598407eb7931f376482e4b52fbc31abbf34cd743962,0,,0.00000000,nulldata,,,
56529c5ce1ba09d1451c2598407eb7931f376482e4b52fbc31abbf34cd743962,1,RW9CMAsxu3P6Hre1JWpsQvasgkZxhwfdmv,990.62415000,pubkeyhash,,,
567ab152b01d4634ebb5c1646401cc8b0b6718e5bb611a6d0b3efaef2e400bee,0,,0.00000000,nulldata,,,
567ab152b01d4634ebb5c1646401cc8b0b6718e5bb611a6d0b3efaef2e400bee,1,RWxjs1QYVV7XpSfsMW6apj7dgx7nCkjhnB,993.60480000,pubkeyhash,,,
568ec58add4b08fef92775ec4627acffb683a09f8ae075573850c787db89f689,0,,0.00000000,nulldata,,,
568ec58add4b08fef92775ec4627acffb683a09f8ae075573850c787db89f689,1,RG2XXhp4arEbbkJCqyFNxtpW3Nm2feYK8L,992.23323000,pubkeyhash,,,
5717f69ff4415aa3214b032769b2692f987b2739f2ad609fa79a4fa96d95a507,0,,0.00000000,nulldata,,,
5717f69ff4415aa3214b032769b2692f987b2739f2ad609fa79a4fa96d95a507,1,RR6nvdJJwNJqsCGS1ULztR3N1PFaUeKy6G,990.87531000,pubkeyhash,,,
5718f527029a491b61275f1b14d8e7f97ac61c231198d6b92e0213372fc3547e,0,RPq5mJu97h6a3utNYJTYe1yqnE4kipoEZ1,0.16084070,pubkeyhash,,,
5718f527029a491b61275f1b14d8e7f97ac61c231198d6b92e0213372fc3547e,1,RSEpQPXsiXjvdtyX5EmbxXFLbGP8hX8q8V,5000.00000000,pubkeyhash,,,
5732c75ec97c55a58eaeab223bd03bdc451c62acdfa507324009bb85d4d8fce6,0,,0.00000000,nulldata,,,
5732c75ec97c55a58eaeab223bd03bdc451c62acdfa507324009bb85d4d8fce6,1,RPrcVL7qDgweM4mozAc7dcwHCQsP36Kmdo,988.92431000,pubkeyhash,,,
574c5d647788fd2a452ee96074a0c1c4966ef686046f3309d0329dd8214cfad4,0,,0.00000000,nulldata,,,
574c5d647788fd2a452ee96074a0c1c4966ef686046f3309d0329dd8214cfad4,1,RVFvgzQWBuks3b3gvpcTVY72sKoVcmoTvs,991.83855000,pubkeyhash,,,
57577bacc20e53df9ad62d60b06f1b95ded2888033a355a2ccabcecd2335035e,0,,0.00000000,nulldata,,,
57577bacc20e53df9ad62d60b06f1b95ded2888033a355a2ccabcecd2335035e,1,RFU9d3WaSwDvjsyoitFZyGcXGvfCQ2cYRb,992.50923000,pubkeyhash,,,
57740a814e8d8e4e2ce60dadb2f6c9043403e65baefda2c4024e333cbb7ac3d6,0,,0.00000000,nulldata,,,
57740a814e8d8e4e2ce60dadb2f6c9043403e65baefda2c4024e333cbb7ac3d6,1,RMtcViruygWn3AqqXoSfivSBGufrmz6qhu,989.66919000,pubkeyhash,,,
577b39e5ffcc29318c5322f3ba41b734a2587cac91508565f5a31d855d245868,0,,0.00000000,nulldata,,,
577b39e5ffcc29318c5322f3ba41b734a2587cac91508565f5a31d855d245868,1,RFf1j9jFyUuahdLhSyELXBmkiu4pRmetrr,992.28843000,pubkeyhash,,,
577b8651dc934579344f340becb8743be6bab145a1a67af1cd1688b1240a3ed5,0,,0.00000000,nulldata,,,
577b8651dc934579344f340becb8743be6bab145a1a67af1cd1688b1240a3ed5,1,RXnFSmCHThoB9qrYCysVmrfaoAchnk5EdR,994.92896000,pubkeyhash,,,
577c1063422ad74b266d80529d42e43d40209dd2deafa72f5067f8802302f830,0,,0.00000000,nulldata,,,
577c1063422ad74b266d80529d42e43d40209dd2deafa72f5067f8802302f830,1,RQzWqjZfxrRU8egGBYbAPpjfviQdXzLV3H,990.67107000,pubkeyhash,,,
57a8e7c878f9b1ac0a3072be0bfa10d1aca653170962a64444ebdceabb9de926,0,,0.00000000,nulldata,,,
57a8e7c878f9b1ac0a3072be0bfa10d1aca653170962a64444ebdceabb9de926,1,RSqdyyELVKbwc6eEPTRW3ybG3YVNwfrfer,990.44751000,pubkeyhash,,,
57a97ae351a8c3886ad9465a5b11d4415ead82f0b71cfc10e7ebfd81012955a0,0,,0.00000000,nulldata,,,
57a97ae351a8c3886ad9465a5b11d4415ead82f0b71cfc10e7ebfd81012955a0,1,RR9DVH4y6DMmpN6BmUo6EEztDAhwbLEWzo,990.44475000,pubkeyhash,,,
57e19dd32e7ee3b06de7d3795336a2253a826dffc6cb1321c7c1f6ddfe297195,0,,0.00000000,nulldata,,,
57e19dd32e7ee3b06de7d3795336a2253a826dffc6cb1321c7c1f6ddfe297195,1,RDZyXcgHqPJapeWzVG3SeoeHF8uzMi4TS1,991.88271000,pubkeyhash,,,
57f6331b8615e07441fecf95c1c1da13efbd66677b012c858e4477b9a91a037c,0,,0.00000000,nulldata,,,
57f6331b8615e07441fecf95c1c1da13efbd66677b012c858e4477b9a91a037c,1,RHcGmxFKtb8q5tvttFD27rCQXEjy4ebf11,994.38036000,pubkeyhash,,,
57febf94e25b22f8a83e2def9df5875d3e0d7bc8528b579b4c6a0c865dca2815,0,,0.00000000,nulldata,,,
57febf94e25b22f8a83e2def9df5875d3e0d7bc8528b579b4c6a0c865dca2815,1,RN29DV22F6YDsQSzuE68MZgnfJAMX9RSRn,993.69312000,pubkeyhash,,,
585f0bebe4d853458571d2b69c946d26ee46c4f33db34e44a1bbf7517f2d95a3,0,,0.00000000,nulldata,,,
585f0bebe4d853458571d2b69c946d26ee46c4f33db34e44a1bbf7517f2d95a3,1,RRzQxsqZU2mBnoWccRtPPYw3MdNBkV3zUs,990.45855000,pubkeyhash,,,
586999e01922d4c97b945d2a80eeb07aef7c4a1d32672fe0306a56172614f3ac,0,,0.00000000,nulldata,,,
586999e01922d4c97b945d2a80eeb07aef7c4a1d32672fe0306a56172614f3ac,1,RWC297RwQVdoFAUqbPyKLka5GckA4PvVrz,993.33447000,pubkeyhash,,,
586eb11c57e3c0b0a14d7d62c2ec89f82e3598e416eaa8f478ea82181183aad2,0,,0.00000000,nulldata,,,
586eb11c57e3c0b0a14d7d62c2ec89f82e3598e416eaa8f478ea82181183aad2,1,RNBwLjpezZAX9nxzeGLkDNZvwkt2eGedYr,991.68675000,pubkeyhash,,,
587086ed31a8ab24f3bbb7f8cd1a76a1e377e89d00cfdc0db72d21d1724782d8,0,RX1r2eyM1UW7y2xHcrTejDfyCUk1yBmz4i,306.33645902,pubkeyhash,,,
587086ed31a8ab24f3bbb7f8cd1a76a1e377e89d00cfdc0db72d21d1724782d8,1,RVLBk6QEGtK91mfbGuA8y3qy2i6cCpbtef,34.02705882,pubkeyhash,,,
58963ae649a9e0021ee4a1474445ee54829950136affc6f41157bfcbc142e479,0,,0.00000000,nulldata,,,
58963ae649a9e0021ee4a1474445ee54829950136affc6f41157bfcbc142e479,1,RWkRMhxrW2hv6MVG97FQCkk38uc6BY5Q2m,991.63707000,pubkeyhash,,,
589e03a00e032b292cf027d00c4ad02ebae6de4703652dd549af1d2f48a17182,0,,0.00000000,nulldata,,,
589e03a00e032b292cf027d00c4ad02ebae6de4703652dd549af1d2f48a17182,1,RScaZmp1akA5mJjXVkjmZq3zBXsXY8V2ug,994.40212000,pubkeyhash,,,
58a85be8d0ab19548b2acd50e608c9f488832fc6cdbb36cdf7418594853ccfe8,0,,0.00000000,nulldata,,,
58a85be8d0ab19548b2acd50e608c9f488832fc6cdbb36cdf7418594853ccfe8,1,RSfAaj4CB4reM3SANySL2M4T5AtwHFBhF9,992.42643000,pubkeyhash,,,
58bbe2f7120dbc82bf8716f9d5ff896fdc25c44e2fb6511e9a7127d56204741b,0,,0.00000000,nulldata,,,
58bbe2f7120dbc82bf8716f9d5ff896fdc25c44e2fb6511e9a7127d56204741b,1,RPXWZqm7soy1Mt9qFK1GbnkGnKxHNiUvZu,993.14955000,pubkeyhash,,,
58c4519cf3d77b855b7d150441375857defc75bc31bf4d743716516a7e65821d,0,,0.00000000,nulldata,,,
58c4519cf3d77b855b7d150441375857defc75bc31bf4d743716516a7e65821d,1,R9brDxVuh4h5G54UTUMcRPintMDuhr3pWN,994.89308000,pubkeyhash,,,
58e6227cfb57b28460f157fdaeec30a8790f9d41aefde03702bdd0ec4a2d9c0f,0,,0.00000000,nulldata,,,
58e6227cfb57b28460f157fdaeec30a8790f9d41aefde03702bdd0ec4a2d9c0f,1,R9M9B6dZhpFLPm51sttK1YqpV6wqbjvSfn,993.45576000,pubkeyhash,,,
58e91d09f8389727ad3c2a54b554e52a79d6e54ed4d010c3f26adcc13fc895e7,0,,0.00000000,nulldata,,,
58e91d09f8389727ad3c2a54b554e52a79d6e54ed4d010c3f26adcc13fc895e7,1,RQWHNtwf2QDj5y5ErFLjh9kkU1XD413Xru,994.82132000,pubkeyhash,,,
58ebbd80fba42e379303bfa557af2d3a31fe411babec26e44833c3b502bc712f,0,,0.00000000,nulldata,,,
58ebbd80fba42e379303bfa557af2d3a31fe411babec26e44833c3b502bc712f,1,RSLY3L6qNtaCC25hKzXgNR8TfcGWbfE99z,989.19755000,pubkeyhash,,,
58f43ee0b289d17ae704161d84f18ca60bef566f82f1a4d21940550ce5f08abb,0,,0.00000000,nulldata,,,
58f43ee0b289d17ae704161d84f18ca60bef566f82f1a4d21940550ce5f08abb,1,RMTAUzdscEwkx13cCQGJSPp9Svw8oLtY4r,994.27824000,pubkeyhash,,,
591cbe525b1d672bd3ed30a12445c5ab94ccdfc8cc38006444c41a438385870d,0,,0.00000000,nulldata,,,
591cbe525b1d672bd3ed30a12445c5ab94ccdfc8cc38006444c41a438385870d,1,RUKs4x9uAK9kJ6tukXzdR6QkdAKzRtwjWN,992.12559000,pubkeyhash,,,
592a1c4dbd8b86d806d71cd495af9fb436df99b503b2f0f7c5ae58a8856a91d7,0,RRT3v8uKazr662SdurzZdt5oe7MzvLDqsi,69892.81560078,pubkeyhash,,,
592a1c4dbd8b86d806d71cd495af9fb436df99b503b2f0f7c5ae58a8856a91d7,1,RLAJNd4Kg8GvNxLpYmYT9yuLH78cMjcre9,59115.00000000,pubkeyhash,,,
593a132db767cf13af06f0af1708d0511af869af0122752cdd9d764c50f67811,0,,0.00000000,nulldata,,,
593a132db767cf13af06f0af1708d0511af869af0122752cdd9d764c50f67811,1,RMB77oyn1692wbuhDJ6KdcJsExwmi7Axge,991.07403000,pubkeyhash,,,
594f0ad532e25d37cc59dab2e101d75e1954578c7ecf1819506042d209d72d7e,0,,0.00000000,nulldata,,,
594f0ad532e25d37cc59dab2e101d75e1954578c7ecf1819506042d209d72d7e,1,RQAyca9ZeEu4FSQ7gqMfkRQ9oQmnfbHKVQ,995.33404000,pubkeyhash,,,
5967e6007397a5fafb82c1517d52ac2efea63c739263aa3f73db2da5cf684ea0,0,,0.00000000,nulldata,,,
5967e6007397a5fafb82c1517d52ac2efea63c739263aa3f73db2da5cf684ea0,1,RWXxQjCXPz6FCn1hvd5oAK7ycL68w2bWBe,991.26447000,pubkeyhash,,,
59792ce0ad1087d5129a13897fdd328d52f089c905adf39c6f7ba1fa1cbca6e6,0,,0.00000000,nulldata,,,
59792ce0ad1087d5129a13897fdd328d52f089c905adf39c6f7ba1fa1cbca6e6,1,RA2nXNxjkjFZGTLKtFr3cY46r9zqUCFx5L,994.62260000,pubkeyhash,,,
5980ed4fc17acc7fa8d25945c87b10a81c2265b1048e74b59509e7f5b5a95c99,0,,0.00000000,nulldata,,,
5980ed4fc17acc7fa8d25945c87b10a81c2265b1048e74b59509e7f5b5a95c99,1,RFdDqu64uugA41B4Fa6mb9Mko1zybDojyS,995.39752000,pubkeyhash,,,
5994459f4076712bf4f74aa539ec06850b2c0129b331667efaa7cb6004f9e3f6,0,,0.00000000,nulldata,,,
5994459f4076712bf4f74aa539ec06850b2c0129b331667efaa7cb6004f9e3f6,1,RQtWuYVCHk218Fwg948yGXBwJiZ1Cfpnwn,994.35276000,pubkeyhash,,,
59a94c335ef3f6315873bcefd09cfa8ffd72b83838feb7ec6d6bb921301f40ad,0,,0.00000000,nulldata,,,
59a94c335ef3f6315873bcefd09cfa8ffd72b83838feb7ec6d6bb921301f40ad,1,RYSiXCoSXJz6odgvHmpBsUEgbqy6x8qxAM,994.98140000,pubkeyhash,,,
59bbae3cf713be696a9b13cd49b1eb5b072c6c9bcec69475021b213371bddc29,0,,0.00000000,nulldata,,,
59bbae3cf713be696a9b13cd49b1eb5b072c6c9bcec69475021b213371bddc29,1,RGm8yr17Fv7PSgu62q656UmwtCToKMYzUm,992.02899000,pubkeyhash,,,
5a244ed3c7cdb008aaefe3fe794461eb9c456c931f379d04ddfe3ba4a56c1bea,0,,0.00000000,nulldata,,,
5a244ed3c7cdb008aaefe3fe794461eb9c456c931f379d04ddfe3ba4a56c1bea,1,RAKGkJJ43eDWVyuVNei4wyMt9Y892zFE2V,990.42819000,pubkeyhash,,,
5a33852fb74ca37e9561c3e39ddf5db7cd469325bd9fccf32706b6133832572f,0,,0.00000000,nulldata,,,
5a33852fb74ca37e9561c3e39ddf5db7cd469325bd9fccf32706b6133832572f,1,RDf5gzoRLdtgjiBJ7q8eteYQdbX6s71iBs,994.65572000,pubkeyhash,,,
5a4c059b58da6c19dec14bc1930436cab2b2b2f492de35dc8535b0529244bbd6,0,,0.00000000,nulldata,,,
5a4c059b58da6c19dec14bc1930436cab2b2b2f492de35dc8535b0529244bbd6,1,RNuan82Dvka9jX3Wg9SUh4NHf4mKD68Wvy,993.79524000,pubkeyhash,,,
5a65dc839614352706289cefba9fe5b917d1da7183f6f7ef1e53c3b3e6a19df7,0,,0.00000000,nulldata,,,
5a65dc839614352706289cefba9fe5b917d1da7183f6f7ef1e53c3b3e6a19df7,1,RE3ZvRG1xA4sxV72mc3dpLSyDS6Hu8fPif,994.02708000,pubkeyhash,,,
5a783e3cb30ff49b02d7f241c29aeaecb1dd00069ab3912b37fd490b80f4fda8,0,,0.00000000,nulldata,,,
5a783e3cb30ff49b02d7f241c29aeaecb1dd00069ab3912b37fd490b80f4fda8,1,RVwAqMfcXAXMRsJwhXr2ZkTz7RXn59C5xj,992.77971000,pubkeyhash,,,
5a801819d1db125b97ad6be77bea9b0cbe7662a86db96e31a293f3ac88fc2045,0,,0.00000000,nulldata,,,
5a801819d1db125b97ad6be77bea9b0cbe7662a86db96e31a293f3ac88fc2045,1,RKU91tYQk9frXZ9qURfy66fPL8r1jYdc7Y,994.04364000,pubkeyhash,,,
5a8251aad56c26cfee04a2173aae56ca97a4337009bb18a19e6980ed5d6a0fd8,0,,0.00000000,nulldata,,,
5a8251aad56c26cfee04a2173aae56ca97a4337009bb18a19e6980ed5d6a0fd8,1,RBqYoQgNxXoRSMEQ2WkDHouqUwjYGHq5yx,992.95083000,pubkeyhash,,,
5a8f194745983f47cd01bb22a40ddfa5bfaee6f66c08d1b909a57717d6161764,0,,0.00000000,nulldata,,,
5a8f194745983f47cd01bb22a40ddfa5bfaee6f66c08d1b909a57717d6161764,1,RWb5VSUWmSxCj86AEXWdVVhhobbcya6wCn,993.69036000,pubkeyhash,,,
5a9195fa8dca7103b980c7c7e4712d6e4f691d79b80b726ca7909190418e2c7a,0,,0.00000000,nulldata,,,
5a9195fa8dca7103b980c7c7e4712d6e4f691d79b80b726ca7909190418e2c7a,1,RCoGLmziupJe78zgsdC1cNDJa4sDU17fZ6,989.52323000,pubkeyhash,,,
5ab43e70fa45644eafc5f7968825bb16ae1cda5891bc530ab87a4856022943ce,0,,0.00000000,nulldata,,,
5ab43e70fa45644eafc5f7968825bb16ae1cda5891bc530ab87a4856022943ce,1,RDXfjTSpmZopQBXTd67H22AX8hMuzGTZmr,989.53151000,pubkeyhash,,,
5ab50fec54158fd4fc0465ec280380c98837cc5e87d0410fc5057c0900f56a95,0,,0.00000000,nulldata,,,
5ab50fec54158fd4fc0465ec280380c98837cc5e87d0410fc5057c0900f56a95,1,RUkedwnS1vozR8iPGhSQ9pFFpkAJStfpa8,990.38955000,pubkeyhash,,,
5abb3648e2489573e2d8e990739e03447be09c5950f74fae349c4c158e969b08,0,RC5Df2FuV3i95juZcCghs4LH5VQR16Vxky,34.03836732,pubkeyhash,,,
5abb3648e2489573e2d8e990739e03447be09c5950f74fae349c4c158e969b08,1,RX1r2eyM1UW7y2xHcrTejDfyCUk1yBmz4i,306.43824157,pubkeyhash,,,
5aced47ac2ea293021cc41e6a040b2da790b81f9dd6dd1a7e4847ba293d749da,0,,0.00000000,nulldata,,,
5aced47ac2ea293021cc41e6a040b2da790b81f9dd6dd1a7e4847ba293d749da,1,RReSw45qPitFBAyXdYYsCYGRyZ6h58n3Mo,994.26720000,pubkeyhash,,,
5ad4210df2f172aeb93cfdddb99449a2b255ee28a2dabb9770ad7bd80bbfae0e,0,,0.00000000,nulldata,,,
5ad4210df2f172aeb93cfdddb99449a2b255ee28a2dabb9770ad7bd80bbfae0e,1,RWrJzK17EuYpHjZ2wtiqQW9KbUJY8hDRhc,994.99796000,pubkeyhash,,,
5ad59d0fcd192e4e8f573f0524ac0ae49c77a6ec01f43c3eea426fb73c0a8cec,0,,0.00000000,nulldata,,,
5ad59d0fcd192e4e8f573f0524ac0ae49c77a6ec01f43c3eea426fb73c0a8cec,1,R9hdZkSHkbsFzLfzvJv5qVda51TE81H3SA,991.92411000,pubkeyhash,,,
5ad63420ff3e98da43287362e6bb55851536246afd83d8efbd325106ccf4ec45,0,,0.00000000,nulldata,,,
5ad63420ff3e98da43287362e6bb55851536246afd83d8efbd325106ccf4ec45,1,RBit4eHvH8SYDmAT3LfvkszRHW1qtiUXqe,988.96571000,pubkeyhash,,,
5aee7154e31006cd5f0739e44380168021b8cd65fc9c7b6c07c65e75bfaf7c92,0,,0.00000000,nulldata,,,
5aee7154e31006cd5f0739e44380168021b8cd65fc9c7b6c07c65e75bfaf7c92,1,RUdFjRxKkkiXNQLWEwiFHjQdxsdEvcNB8G,993.59100000,pubkeyhash,,,
5b194f69fe0e2b038f9c1c0bd88ba5de7574f5c319e79b027da49b698e380d0d,0,,0.00000000,nulldata,,,
5b194f69fe0e2b038f9c1c0bd88ba5de7574f5c319e79b027da49b698e380d0d,1,RT9CuWAKwQcNcvaW7ebMTnm6WD1y3bHY1b,990.04455000,pubkeyhash,,,
5b310996faa142fefbc4b4e431a676f5cff48d8f7770c252216c30c76cb8195d,0,,0.00000000,nulldata,,,
5b310996faa142fefbc4b4e431a676f5cff48d8f7770c252216c30c76cb8195d,1,RH3DeDMuP7sQDWGYLiVp6XTQXUDLse9mqG,992.50095000,pubkeyhash,,,
5b3e151e5bfe9fc640af6d215ed221abb4d9c096288fe77e1777b789af0ef21f,0,,0.00000000,nulldata,,,
5b3e151e5bfe9fc640af6d215ed221abb4d9c096288fe77e1777b789af0ef21f,1,RLkzanvFhL9nBWrSEM76KS8Qnn3PEyCVSq,989.44871000,pubkeyhash,,,
5b3e242423205070dbc27e64834e1817c92cbcd040fe478953fa12d2f9fb9006,0,,0.00000000,nulldata,,,
5b3e242423205070dbc27e64834e1817c92cbcd040fe478953fa12d2f9fb9006,1,RNmednqTbk1yYtuztWqrDNkvopcYXeqTPm,993.73452000,pubkeyhash,,,
5b3e459c4ffe8950652930ba2306955b96a63a9530207b850c8b2280f1da677b,0,,0.00000000,nulldata,,,
5b3e459c4ffe8950652930ba2306955b96a63a9530207b850c8b2280f1da677b,1,RF5KRRfg2Q3RPQ6cSinStqkswQ4r2eSE4v,990.93051000,pubkeyhash,,,
5b570759e219059b8ae5a18a9138fca117920285996425f122bb3b1b6c4f395e,0,,0.00000000,nulldata,,,
5b570759e219059b8ae5a18a9138fca117920285996425f122bb3b1b6c4f395e,1,R9JkAzj6xe9LRyMJx9Suq6wDKfKVzE8Ssf,990.82287000,pubkeyhash,,,
5b64ea34e73d907a5d36b33db707d6a76fa06fb4e91e0119acc5a2ca513d5e3c,0,,0.00000000,nulldata,,,
5b64ea34e73d907a5d36b33db707d6a76fa06fb4e91e0119acc5a2ca513d5e3c,1,RYAE2EkhwGYVpcDDPEMRxS6roMm3dgF7pk,988.85807000,pubkeyhash,,,
5b8cc82619777e79b711b4f7b94c5d79af3aedbcf16788aa674dad58cab4c998,0,,0.00000000,nulldata,,,
5b8cc82619777e79b711b4f7b94c5d79af3aedbcf16788aa674dad58cab4c998,1,RGdR1V4nYjgbyURxmUStuMuX4Vkh5Z3J7Y,995.16844000,pubkeyhash,,,
5b95f8ae8853c02f7f096831652c6fe503eb81c9bae87167471cea85e0b9a267,0,,0.00000000,nulldata,,,
5b95f8ae8853c02f7f096831652c6fe503eb81c9bae87167471cea85e0b9a267,1,RKRv9zyNVByKQU5oMX1rh86GgfHxjEFSWT,993.85596000,pubkeyhash,,,
5bb7b11f4f18c33bae418ced79ad6d11fe69a94a6b75107e345b755ba58cabf6,0,,0.00000000,nulldata,,,
5bb7b11f4f18c33bae418ced79ad6d11fe69a94a6b75107e345b755ba58cabf6,1,REwQ3VrhMU75kUfAJ7gtjiUmq8tJJ8YXnn,989.78235000,pubkeyhash,,,
5bba33aec7bcde40ac7e38283ae5c5e8ead285c507beedc3d2dd1f3dbe63c307,0,RX1r2eyM1UW7y2xHcrTejDfyCUk1yBmz4i,306.54686083,pubkeyhash,,,
5bba33aec7bcde40ac7e38283ae5c5e8ead285c507beedc3d2dd1f3dbe63c307,1,RQPiZysetbJEGcwYnF6XEPqV47rAoLe4M3,34.05043381,pubkeyhash,,,
5bf36d055f939c174cac671a5566a12f8cacc8c03bea5d92d0b93a7459bd3b4c,0,,0.00000000,nulldata,,,
5bf36d055f939c174cac671a5566a12f8cacc8c03bea5d92d0b93a7459bd3b4c,1,R9ofKvfKoYndnTxY1icLUNBqxkRsAW3zkY,994.49012000,pubkeyhash,,,
5c14d23f9e0820aa6450ac05466a81183fee39f8b409a86e142db2bafad067ea,0,,0.00000000,nulldata,,,
5c14d23f9e0820aa6450ac05466a81183fee39f8b409a86e142db2bafad067ea,1,RSaNmeY7v4t79WfkhGz45khagh7sacmGpr,990.02523000,pubkeyhash,,,
5c250ce8a69f7cc289cf2f46045601159c75427913679f28abcc05896fa32de1,0,,0.00000000,nulldata,,,
5c250ce8a69f7cc289cf2f46045601159c75427913679f28abcc05896fa32de1,1,R9qef7nbPdfhS1fpWvgv6XvW4i6Z54n5Ji,994.10160000,pubkeyhash,,,
5c2abcefea17d77949ce3b1b5be382f56609f6edff7fc9e89b9e9bbf321a2b42,0,,0.00000000,nulldata,,,
5c2abcefea17d77949ce3b1b5be382f56609f6edff7fc9e89b9e9bbf321a2b42,1,RN1PGBGoTRsmTyBt5pmM6XbvbzDZEKPEwv,992.52855000,pubkeyhash,,,
5c3f9c3d4dd5372cb3941892c4b1d5956d90df4ee08cf4683cb74516a013f1e7,0,,0.00000000,nulldata,,,
5c3f9c3d4dd5372cb3941892c4b1d5956d90df4ee08cf4683cb74516a013f1e7,1,RJRh9CapeDRZWWVMiQmdwV3QcSGfUEzhob,995.01452000,pubkeyhash,,,
5c4bd65ad6ca7c9d0ddaaa7917dac97e87ea63ceefa10409b82c7c169026278d,0,,0.00000000,nulldata,,,
5c4bd65ad6ca7c9d0ddaaa7917dac97e87ea63ceefa10409b82c7c169026278d,1,RGh2ANvx2Mh4eyxTW9Kedo2nZETdT6vMiv,991.63431000,pubkeyhash,,,
5c502b7443be0483a977179ec1691db846afe1f15589e0ea737a743a53496a10,0,,0.00000000,nulldata,,,
5c502b7443be0483a977179ec1691db846afe1f15589e0ea737a743a53496a10,1,RQ1EeVfjEp6Bq9393NX8mXfq4ijZnHoBDw,992.41539000,pubkeyhash,,,
5c523fe0acc214f75382dc140a1aa6b96177b7608c5539ebd351e00c170a2b91,0,,0.00000000,nulldata,,,
5c523fe0acc214f75382dc140a1aa6b96177b7608c5539ebd351e00c170a2b91,1,RVWFwjPDx2ZbsHSRzWB2GtEz1vMaR3rfn4,992.60031000,pubkeyhash,,,
5c654554966d64ec012f7cd048f51b23d970667bb1929ae5d4a1922575105a5f,0,,0.00000000,nulldata,,,
5c654554966d64ec012f7cd048f51b23d970667bb1929ae5d4a1922575105a5f,1,RSenRDY23AyHDA36JZ3eXHLmXojFHWHaZ1,989.41007000,pubkeyhash,,,
5c6cb6dc25ef16aca5173def3d51dda8f28b036fda645e2f2efdfe33ee628248,0,,0.00000000,nulldata,,,
5c6cb6dc25ef16aca5173def3d51dda8f28b036fda645e2f2efdfe33ee628248,1,RPbgiiTsBggSoh82x1ByBAKNyqzpG8jCfc,989.80167000,pubkeyhash,,,
5c85a16b15088036fc3584cd51641f82cd8d67ba3ccd9656ba7c865216d44c46,0,,0.00000000,nulldata,,,
5c85a16b15088036fc3584cd51641f82cd8d67ba3ccd9656ba7c865216d44c46,1,RPsmsmwot14gLpn3LB66qSsrRApstFdyRT,994.78544000,pubkeyhash,,,
5cae1ef448d15a12aa001323f4ebffca2013b3bd2df140ecb0358d3dafcb3cdd,0,,0.00000000,nulldata,,,
5cae1ef448d15a12aa001323f4ebffca2013b3bd2df140ecb0358d3dafcb3cdd,1,RUBhZ3LFcTs9983vCKR4yPn8JH9WadjynA,991.89651000,pubkeyhash,,,
5cdfb1f6da2cc5b5a58368e3c3a1770251063d1d79b015fa49fbee4d93859e38,0,RHD2zpVW7ErvY8uKe1ZNK3NxoY1KfofoYr,34.03045118,pubkeyhash,,,
5cdfb1f6da2cc5b5a58368e3c3a1770251063d1d79b015fa49fbee4d93859e38,1,RX1r2eyM1UW7y2xHcrTejDfyCUk1yBmz4i,306.36698979,pubkeyhash,,,
5cfafd06ed996377148010fc99aa7441aa96a608f6521fb5d01fcc2410e6cf29,0,RX1r2eyM1UW7y2xHcrTejDfyCUk1yBmz4i,306.18696049,pubkeyhash,,,
5cfafd06ed996377148010fc99aa7441aa96a608f6521fb5d01fcc2410e6cf29,1,RR9Uy4u8iVDQ8GoiGt9sxhNLcLczSrZkbU,0.00683104,pubkeyhash,,,
5cfb085ff62e20547dddf8634f87a82918c169002f5519932cea2d50e6d9c2cb,0,RX1r2eyM1UW7y2xHcrTejDfyCUk1yBmz4i,306.47557129,pubkeyhash,,,
5cfb085ff62e20547dddf8634f87a82918c169002f5519932cea2d50e6d9c2cb,1,RKSNRmU9STbMy6etjTUH49KsykcKvYLXUP,34.04251435,pubkeyhash,,,
5d7812a354f5bafafbbcc17cc866ae841ba3f160fd35a5b5e996080aa51030f9,0,,0.00000000,nulldata,,,
5d7812a354f5bafafbbcc17cc866ae841ba3f160fd35a5b5e996080aa51030f9,1,RDxPV8CzX8EE4qBeSnmFtUcori9cLybVwU,993.46680000,pubkeyhash,,,
5d8cb179aaee2c02b85fa84be2eb71bc93e7cbb09fb0f4c5ec7e9fbbccc4e00d,0,RMKd7jAm9y682pLc6QiHSUFTxZReSRKZfe,3.08253707,pubkeyhash,,,
5d8e1781784e00d22a98622ef4b3d8e435095b7f34075e59f81127dd052d0408,0,,0.00000000,nulldata,,,
5d8e1781784e00d22a98622ef4b3d8e435095b7f34075e59f81127dd052d0408,1,RA1unPfn6jZ7zKYeoekiZ9GCZJgFKWpA8J,991.31415000,pubkeyhash,,,
5d9052255315a3432b4c5c61b3250cac273b1f9c52a905d0fd7eb6dc9aa53c82,0,,0.00000000,nulldata,,,
5d9052255315a3432b4c5c61b3250cac273b1f9c52a905d0fd7eb6dc9aa53c82,1,RQvsBHs3NPaL1rpiYFNCPAWSBpDLVwCk2p,989.55359000,pubkeyhash,,,
5d9ee05cb749b132d39dfc500ccb5b5e3ba612659e31102846643c04623f0408,0,,0.00000000,nulldata,,,
5d9ee05cb749b132d39dfc500ccb5b5e3ba612659e31102846643c04623f0408,1,RCRKCNrnuuiP5SAgjJpDxBFeLxPk7Arfsw,995.01728000,pubkeyhash,,,
5dc2592ee23e9021e71446100ed8db7720b23919ec6bae489911f9a28e445263,0,,0.00000000,nulldata,,,
5dc2592ee23e9021e71446100ed8db7720b23919ec6bae489911f9a28e445263,1,RTjrXbZxnQTJCHDPRmWTqn3BS123eNkgSs,989.36039000,pubkeyhash,,,
5dcf30d8a997f77c876ca0e5113bae9881532843da45ca4118cbb1a608876c96,0,,0.00000000,nulldata,,,
5dcf30d8a997f77c876ca0e5113bae9881532843da45ca4118cbb1a608876c96,1,RGwXhGNKycMViJ7eTpeg6V4hg3Vae4n4Ri,995.31196000,pubkeyhash,,,
5dfb585f79a55802e61bf99803a1e6ffdef6d27a6e274b4faaf4a84d45b07f62,0,,0.00000000,nulldata,,,
5dfb585f79a55802e61bf99803a1e6ffdef6d27a6e274b4faaf4a84d45b07f62,1,RXn23qGojMjAiJuSwN2G6ZRduqwA91qsh1,991.67847000,pubkeyhash,,,
5e5c5c5b1be8c21195903be081631e4c015507d94764f4efdea362e2418d24dc,0,,0.00000000,nulldata,,,
5e5c5c5b1be8c21195903be081631e4c015507d94764f4efdea362e2418d24dc,1,RTSktxw9CMHhxAtBTag2UwuYsiqBpwy1zv,995.30920000,pubkeyhash,,,
5e719c3f4048e962ae3837f7f8ab545bd64b00fed257f6d065881240a08d8479,0,,0.00000000,nulldata,,,
5e719c3f4048e962ae3837f7f8ab545bd64b00fed257f6d065881240a08d8479,1,RNEQJUj9Yn2vszenNZgYRWfrot3g9KevAF,994.86548000,pubkeyhash,,,
5e8a61c1776836c59d2dee825f6701ead251e14d77a450f1c2ab1ec166b23bfd,0,,0.00000000,nulldata,,,
5e8a61c1776836c59d2dee825f6701ead251e14d77a450f1c2ab1ec166b23bfd,1,RRikbG8JPgerArUszSivP9ewRTDYipDRNY,992.10351000,pubkeyhash,,,
5e8ad7e4ba9e2a531ea7c75fa62bc16a80c22825179444b85a8b6b2009538a30,0,,0.00000000,nulldata,,,
5e8ad7e4ba9e2a531ea7c75fa62bc16a80c22825179444b85a8b6b2009538a30,1,RKq4GPVxGBbbdYwVjnZfUXjzeJztsU2CSR,991.00779000,pubkeyhash,,,
5e9691f6c2612cb7a4eefae28be2e5417401b552b95b45a2d1b0050c1c1c36d8,0,RLsSq6C9T65dc666QNUinVhSE2hKCE4f2m,0.00515972,pubkeyhash,,,
5e9691f6c2612cb7a4eefae28be2e5417401b552b95b45a2d1b0050c1c1c36d8,1,RX1r2eyM1UW7y2xHcrTejDfyCUk1yBmz4i,306.28138747,pubkeyhash,,,
5ebd3f96874b525e326c2265a71fb1224e3b8fa13132182023d4fbed9fccd1bd,0,,0.00000000,nulldata,,,
5ebd3f96874b525e326c2265a71fb1224e3b8fa13132182023d4fbed9fccd1bd,1,RDJC4nDD3nV4uHFLVTcmQXYMowjRRiJhGL,990.87255000,pubkeyhash,,,
5ec72b9a9f088a7e90dca061e9a417b8ba194d99463547ea0a797e0e243b5785,0,,0.00000000,nulldata,,,
5ec72b9a9f088a7e90dca061e9a417b8ba194d99463547ea0a797e0e243b5785,1,REFDMWkGcuFqzXPjCpANNDvzpHsnRuNDm1,990.12459000,pubkeyhash,,,
5ee4b9dc0e05d87e4f04c09b361e4df3d237ee9e31a3431152ff9caa04572fac,0,,0.00000000,nulldata,,,
5ee4b9dc0e05d87e4f04c09b361e4df3d237ee9e31a3431152ff9caa04572fac,1,RLiQkcn1VR2A7wHzTiD7JKik9FcYcUxqmm,992.21115000,pubkeyhash,,,
5eebe27d6444e7ce9dc831afc7e1003404cf1b5e302de647a80965d178387d9b,0,,0.00000000,nulldata,,,
5eebe27d6444e7ce9dc831afc7e1003404cf1b5e302de647a80965d178387d9b,1,RBq9bDdba9GtZqao55H73tySnYtJwWYPsF,989.10095000,pubkeyhash,,,
5f13b9db9a1b0418d9066caefff8dac01775d708869099dd11c8ea4f60fd9f77,0,RMKd7jAm9y682pLc6QiHSUFTxZReSRKZfe,3.89547814,pubkeyhash,,,
5f75c1ce9593fffd1f5eaf49ea39f2836d8c9a9537e8ecad4d98225133459309,0,,0.00000000,nulldata,,,
5f75c1ce9593fffd1f5eaf49ea39f2836d8c9a9537e8ecad4d98225133459309,1,REvABs3V6oBu6xyfY4tbtLwzHgZfHRDjwZ,994.19268000,pubkeyhash,,,
5f7fcf7f4de7e92ff5961ae8423f88552148a8546b58826297fd17949eed2621,0,,0.00000000,nulldata,,,
5f7fcf7f4de7e92ff5961ae8423f88552148a8546b58826297fd17949eed2621,1,REybJm2pwjgEXTNJJb3yri1GfvbSWdhR8W,992.87355000,pubkeyhash,,,
5fc34e13fdb7f55d5c5013ca50631d8056a261a595f9ee90043a5f1cbbf26828,0,,0.00000000,nulldata,,,
5fc34e13fdb7f55d5c5013ca50631d8056a261a595f9ee90043a5f1cbbf26828,1,RWSg4UR6A8umQV7oPxTeJqF7wK2Pc1e64j,994.36656000,pubkeyhash,,,
6006b46c0d7012b3587a3c14c6c60edab1fec65fbc7dee6ee94476342bebc686,0,,0.00000000,nulldata,,,
6006b46c0d7012b3587a3c14c6c60edab1fec65fbc7dee6ee94476342bebc686,1,RJzBxixnfWNGLDBUuCq4tJrQeNjYmMFJft,989.28587000,pubkeyhash,,,
601f3a4d29a4575449b900b0530e8d91f5e52641af5874065a656270aa1c9d2b,0,,0.00000000,nulldata,,,
601f3a4d29a4575449b900b0530e8d91f5e52641af5874065a656270aa1c9d2b,1,RNsveUqHcfcCGzLh1nCHYwRGpuHYhj6pnW,991.06023000,pubkeyhash,,,
602dfec929948366ec19d2317a11f4ee9f3d1fec6a355f11b75deed24a96af2b,0,,0.00000000,nulldata,,,
602dfec929948366ec19d2317a11f4ee9f3d1fec6a355f11b75deed24a96af2b,1,RAPe7ESN34r6bGETVbVtXQozAS19GTcQGh,989.65571000,pubkeyhash,,,
605fd0cc4abec74453f384b1c57cbacbb3d7cab11fcc162df76056f606b5d00d,0,,0.00000000,nulldata,,,
605fd0cc4abec74453f384b1c57cbacbb3d7cab11fcc162df76056f606b5d00d,1,RPJNHTVmKFK57dN6e5xFRCt1kEvE8Te435,989.92035000,pubkeyhash,,,
60647287aaea21bb39a62200e0ad5c2f7fbb29f406343f60b2180198a8964e38,0,,0.00000000,nulldata,,,
60647287aaea21bb39a62200e0ad5c2f7fbb29f406343f60b2180198a8964e38,1,RA4ZU9mtEPTrkBt4cB85vZRdkwBXxzEkMU,993.10539000,pubkeyhash,,,
60649be54237366951c5093d6b1669718807658737c17d689d6dfc86d283e3d6,0,,0.00000000,nulldata,,,
60649be54237366951c5093d6b1669718807658737c17d689d6dfc86d283e3d6,1,R9RKuQ1a1kUhaU1RdKtxnLaPZdwjgrVvjT,993.30687000,pubkeyhash,,,
60a514260e308f59d00321c6b694304aa4e67a73bd665574d2ae97bbff9c1dce,0,,0.00000000,nulldata,,,
60a514260e308f59d00321c6b694304aa4e67a73bd665574d2ae97bbff9c1dce,1,RNMbe51YDGZJC33SCSe7SXGFb6drcCNRqv,994.16508000,pubkeyhash,,,
60b207778f3dc1f43a2418adbaa5fd89d156040412869d7454c3b88b4857c568,0,,0.00000000,nulldata,,,
60b207778f3dc1f43a2418adbaa5fd89d156040412869d7454c3b88b4857c568,1,RXnK97P8eg4BiGg2XbgeFFPum2mVQ92oSa,989.53703000,pubkeyhash,,,
60c7cfc79d02b9a0dcbdfbfdc4472b2810f2c9c257c87806d150f120ed9dc81e,0,,0.00000000,nulldata,,,
60c7cfc79d02b9a0dcbdfbfdc4472b2810f2c9c257c87806d150f120ed9dc81e,1,RV1K5PF5yQNSugy3Gu444Lhz1Qej7zrDzE,989.89551000,pubkeyhash,,,
60d6edbf7a606e87cba347ced1429a5994e14354abf4b0f61de17a8eed469e94,0,,0.00000000,nulldata,,,
60d6edbf7a606e87cba347ced1429a5994e14354abf4b0f61de17a8eed469e94,1,RN9BThgd4TC9UuG4sdJ6b8Y5B8xq8H7RC3,990.78975000,pubkeyhash,,,
610f4181f835b5c9f25594eb8f6e726a2548d4db65d06a202eca506bde1356da,0,RMKd7jAm9y682pLc6QiHSUFTxZReSRKZfe,0.26984838,pubkeyhash,,,
611b1dc2b5e9a2e20fc664da1a164de4e2cd35779368c2082d2a648aae035a3b,0,,0.00000000,nulldata,,,
611b1dc2b5e9a2e20fc664da1a164de4e2cd35779368c2082d2a648aae035a3b,1,RDQVNBFPvrszmbVuoKiGgFDndCeYcrkkdY,994.55084000,pubkeyhash,,,
611c1a39d1e828220209e19e3db73c2b688cdc5f4a3829c6bd5fda786bf7898c,0,RX1r2eyM1UW7y2xHcrTejDfyCUk1yBmz4i,306.39413169,pubkeyhash,,,
611c1a39d1e828220209e19e3db73c2b688cdc5f4a3829c6bd5fda786bf7898c,1,RMDPayG8YdfaZ1mDzagEKCZ2U33hrE44mK,34.03346656,pubkeyhash,,,
61285c3eee0c0abcd553fddeeeb9df12a5874764fa72652189307ba89102fd4b,0,,0.00000000,nulldata,,,
61285c3eee0c0abcd553fddeeeb9df12a5874764fa72652189307ba89102fd4b,1,RBhsqBLt4cGV2tRV7927xMmttjpTCUVWzZ,991.53219000,pubkeyhash,,,
6158e2956521af82d591379c85271607ebe729d0ad8ffe24c2f6ae11ee33403e,0,,0.00000000,nulldata,,,
6158e2956521af82d591379c85271607ebe729d0ad8ffe24c2f6ae11ee33403e,1,RXgZoXNWfy4r8v5NVqAjQZkGB63UKm58ho,994.58672000,pubkeyhash,,,
615db02f873e51d17b680a5eaa855ee4a15f4ff05ff574dac775e0e5446b2b03,0,,0.00000000,nulldata,,,
615db02f873e51d17b680a5eaa855ee4a15f4ff05ff574dac775e0e5446b2b03,1,RBAs7bqvKLD6aECkRkdVz94fAD1pi3J4am,992.53959000,pubkeyhash,,,
61615de94a382b32009c95f7ca2f287cdd942a74e9d59308a4e85b0fa318d9b3,0,,0.00000000,nulldata,,,
61615de94a382b32009c95f7ca2f287cdd942a74e9d59308a4e85b0fa318d9b3,1,RJ4HY485SAYri32GXEbJYs8WjMjEXgQtpZ,994.10436000,pubkeyhash,,,
61788b3547cd0c40a6024a8c4a6e601c6709a1838ddd043fa0bc944534d60109,0,,0.00000000,nulldata,,,
61788b3547cd0c40a6024a8c4a6e601c6709a1838ddd043fa0bc944534d60109,1,RD4tSZeVU6i1UpV26E6qnJfZLroYDtC7AT,990.99675000,pubkeyhash,,,
619394a9048e4e4217e9a6c3b43b3a528a8a9ffd99960181b9afdb87b50a0a79,0,RBasdyNy9xc8XRMujQdKDqT6YFsz1YePhY,23.94416265,pubkeyhash,,,
619394a9048e4e4217e9a6c3b43b3a528a8a9ffd99960181b9afdb87b50a0a79,1,RQ5KWThByZmDqjbqQKoAJExdEXw7Z5ra3N,1193.19957461,pubkeyhash,,,
61a370bae43dc9b67e2c4916f0c5056748df7e6038147f95a2d7f31d4ed5e490,0,RBkiWNDK1zHswuLoqkz6Z4AWPgC1d3phEk,0.00768790,pubkeyhash,,,
61a370bae43dc9b67e2c4916f0c5056748df7e6038147f95a2d7f31d4ed5e490,1,RX1r2eyM1UW7y2xHcrTejDfyCUk1yBmz4i,306.61478068,pubkeyhash,,,
61a48f575e33058bb2b8046e4a55321cdf9f91443494c941cb293175a0732cc6,0,,0.00000000,nulldata,,,
61a48f575e33058bb2b8046e4a55321cdf9f91443494c941cb293175a0732cc6,1,RPoBEhupCXDAjd64zft8B2DPd59wsZWKcf,991.30587000,pubkeyhash,,,
61ae6e475dd0a80cfe90658c2df2bc567ca64a662631f4c617ac1e997361263d,0,,0.00000000,nulldata,,,
61ae6e475dd0a80cfe90658c2df2bc567ca64a662631f4c617ac1e997361263d,1,RDN26jneQxcRzCcQGbbHYqdnBoZxW8PSvN,990.50547000,pubkeyhash,,,
61b02779a38afc501332fc56a1c65c3f338261fa0be1e73b39ffc15d590cd12a,0,,0.00000000,nulldata,,,
61b02779a38afc501332fc56a1c65c3f338261fa0be1e73b39ffc15d590cd12a,1,RJqhcSur3tm2jqJDVSUgKqFcR5tQKMjBHm,992.63619000,pubkeyhash,,,
61b5958e69127137f87b23daab86aae61099ee8da05c26c03a7fda1075e11e6a,0,,0.00000000,nulldata,,,
61b5958e69127137f87b23daab86aae61099ee8da05c26c03a7fda1075e11e6a,1,RMvq8NQUiQ85aTBaQomQ6CZdQt4ZgkH2dy,990.67659000,pubkeyhash,,,
61c484161b5d21c4978dbf5b7e71f0a5f34b0dc791b3bba4a5e6fb199b47c623,0,R9kmVkdHoHMXiWcgnW8HmwVyi1Vsg8CgKn,34.03949817,pubkeyhash,,,
61c484161b5d21c4978dbf5b7e71f0a5f34b0dc791b3bba4a5e6fb199b47c623,1,RX1r2eyM1UW7y2xHcrTejDfyCUk1yBmz4i,306.44842169,pubkeyhash,,,
61dac154c756b2a56874f834c783f929a743840acb9860c9d7093d83f3f40f41,0,,0.00000000,nulldata,,,
61dac154c756b2a56874f834c783f929a743840acb9860c9d7093d83f3f40f41,1,RGKK8Fa9YWK5RpQD7b4Eq1VxhtqGQjFgmF,989.32451000,pubkeyhash,,,
61eed392cd2c63a541b5364a9c41d6fa8c322d6653ad95443721f16e95f23de6,0,,0.00000000,nulldata,,,
61eed392cd2c63a541b5364a9c41d6fa8c322d6653ad95443721f16e95f23de6,1,RDH4FkzP6tSjzkyXV3QTPzSyvekkkbjFyt,994.63088000,pubkeyhash,,,
61f76b6f80be23cec092d9c0ea370a1bf0f45ff1b063b3a93a5b6188b2111e0b,0,RX1r2eyM1UW7y2xHcrTejDfyCUk1yBmz4i,306.30541512,pubkeyhash,,,
61f76b6f80be23cec092d9c0ea370a1bf0f45ff1b063b3a93a5b6188b2111e0b,1,RG7B5jRtmxi3w7mSJpN3ghu7XCi3wZKJMD,34.02186512,pubkeyhash,,,
6216f9fe16d856ec7865653ca93341b9ea784e4a602965ace2816998d9065c42,0,,0.00000000,nulldata,,,
6216f9fe16d856ec7865653ca93341b9ea784e4a602965ace2816998d9065c42,1,REP2H2SLfA1WqGwNHP9j3ZoBk4xCzKLyjq,990.03627000,pubkeyhash,,,
6261c7618cea49da34080338b4776c6d88b7b5dcf15ca337692521a3c701e8f8,0,,0.00000000,nulldata,,,
6261c7618cea49da34080338b4776c6d88b7b5dcf15ca337692521a3c701e8f8,1,RVHzbFm65G4iNzYuCWdQfsPacRdcxq8PPf,994.51496000,pubkeyhash,,,
628996ee331841f599b941438b9e26b8fd8347ccfa1f70e4c13f1923a126c088,0,,0.00000000,nulldata,,,
628996ee331841f599b941438b9e26b8fd8347ccfa1f70e4c13f1923a126c088,1,RUsmVoUwa8JisFQizWx2gtnRPvsETLFHH7,990.34539000,pubkeyhash,,,
629ddd087ab001cba0b31e290c7c641d06bb236c854f287e9506d1886f311ac3,0,,0.00000000,nulldata,,,
629ddd087ab001cba0b31e290c7c641d06bb236c854f287e9506d1886f311ac3,1,RQFNCj6CfbJrZy4nbxuAAarxhT3sppC9sx,991.70607000,pubkeyhash,,,
629ea5b48a323377c5b9ccc9fdbb1fb63787ae8a635db9f4b9ed19e9c2106e65,0,RDUAN8vBRJvvHQd76G7KvEsgN6bqWmyeyD,337673.65400000,pubkeyhash,,,
629ea5b48a323377c5b9ccc9fdbb1fb63787ae8a635db9f4b9ed19e9c2106e65,1,rNE4txZm3VjNpKUFd23nHyuuCKNmdzem9k,628.71554432,scripthash,,,
62c42e5a2671cac2361bed7fa1d0a504179075536e673d2fa1d2fa6ff81c4882,0,,0.00000000,nulldata,,,
62c42e5a2671cac2361bed7fa1d0a504179075536e673d2fa1d2fa6ff81c4882,1,RU2Gj67rmge9LHCWiDGQMndDujZEtF1Tw1,992.99775000,pubkeyhash,,,
62da5992735618024f3f9dc0a60828673d9ac7799cfa79b51ad8a0d2b9443b9f,0,,0.00000000,nulldata,,,
62da5992735618024f3f9dc0a60828673d9ac7799cfa79b51ad8a0d2b9443b9f,1,RSyqJUgB2Zzrowskyy4nH2ueENA3Db14by,994.30032000,pubkeyhash,,,
62eb5f3aec19dcd471b0cd2207d6974c72351a233fba5e76cb90eb2d5d572bb1,0,RQnr5RXppMf1FHHmRKsTdCynut9wMoHpDR,34.05646888,pubkeyhash,,,
62eb5f3aec19dcd471b0cd2207d6974c72351a233fba5e76cb90eb2d5d572bb1,1,RX1r2eyM1UW7y2xHcrTejDfyCUk1yBmz4i,306.60119569,pubkeyhash,,,
62fe7942b53f83ce6919d0eba0be7e6bc234f97907665d771048097c2cab5827,0,,0.00000000,nulldata,,,
62fe7942b53f83ce6919d0eba0be7e6bc234f97907665d771048097c2cab5827,1,RKmQ5gWha7w9Zy2FVdYS63R832bQycKKMt,991.60119000,pubkeyhash,,,
634b48e3b7ba341496745662214bb957da94a6b5fb1a38f79fa6271e02aa7b0a,0,,0.00000000,nulldata,,,
634b48e3b7ba341496745662214bb957da94a6b5fb1a38f79fa6271e02aa7b0a,1,RPNcYGpnrKwfzw6CpxyRVBVCNv8773VC6N,995.26780000,pubkeyhash,,,
636125c5a274e4ffa272b6cc3078198829b630e32d1b19f4f1f609e0d9bc1f18,0,,0.00000000,nulldata,,,
636125c5a274e4ffa272b6cc3078198829b630e32d1b19f4f1f609e0d9bc1f18,1,RXMummJDZjR4qqdtdcV5NrCP4NVEuckUpi,989.14511000,pubkeyhash,,,
636f72dca66cd9528e758b42d7a63eb3e2586dd57c2899998df6c40695d74efe,0,,0.00000000,nulldata,,,
636f72dca66cd9528e758b42d7a63eb3e2586dd57c2899998df6c40695d74efe,1,RBukXBNapZ3WaC8cScarmcao4x9PG9izTC,991.30863000,pubkeyhash,,,
637d04c0ce9ee95ad0fcc757cc83a53d449e8d242344ec3f75c9b7311e95bb30,0,,0.00000000,nulldata,,,
637d04c0ce9ee95ad0fcc757cc83a53d449e8d242344ec3f75c9b7311e95bb30,1,RDLejuFvXepPtnUKcTDZKk7BfmmiZ6ZJDF,992.37951000,pubkeyhash,,,
6392f1fa4a22b22f0d31310f1846a8443892ff9c8623f0a41fef2d8f4eff4601,0,r8oy7RjrFPWMM4VBJqNM9sCD2bGm4KWL7j,26782.78000000,scripthash,,,
6392f1fa4a22b22f0d31310f1846a8443892ff9c8623f0a41fef2d8f4eff4601,1,r6gwBb4etwXHqcbcNAGETBiAUM2FEXimyL,1228580.72641400,scripthash,,,
639ad1949f2275d4507528e641e30d0959a353239a217cff78bf36e96ccb35ea,0,,0.00000000,nulldata,,,
639ad1949f2275d4507528e641e30d0959a353239a217cff78bf36e96ccb35ea,1,R9QyFoDKY5iskHFEB1ZHDKWX9noTkZsLCf,990.96087000,pubkeyhash,,,
63a65e5814fd73cde82e705c57c8e593b0265f670a3d440cbf3cb5b2251ec7ab,0,,0.00000000,nulldata,,,
63a65e5814fd73cde82e705c57c8e593b0265f670a3d440cbf3cb5b2251ec7ab,1,RKyZFHyTmgGZhn5erWjoHz9kvZxMaCB95X,994.80200000,pubkeyhash,,,
63b47dac432bf151ac30a37459c7526a9478265c1cc8e5837ffb63114861973f,0,,0.00000000,nulldata,,,
63b47dac432bf151ac30a37459c7526a9478265c1cc8e5837ffb63114861973f,1,RRbh1RvdXEJBSdkHzEFnKttqc3f7vUhdnq,990.74283000,pubkeyhash,,,
63c1d370eff6ced4672541b14ca3e983ef61874bb5f4cde3e9db5bfbeb099e3f,0,,0.00000000,nulldata,,,
63c1d370eff6ced4672541b14ca3e983ef61874bb5f4cde3e9db5bfbeb099e3f,1,RRKJ5C6p1JnwDsa2pgmdMJ1vuDwQxjSdK4,993.66828000,pubkeyhash,,,
63e933c23d2df5b17fbd56ce81822ce51c1110608864f3ba32662a4ff4ff6dff,0,,0.00000000,nulldata,,,
63e933c23d2df5b17fbd56ce81822ce51c1110608864f3ba32662a4ff4ff6dff,1,RPVGnHgseNmwK34aCWwnKKSzCkA3cMWUop,995.10252000,pubkeyhash,,,
641507ce19ccf9384c558f71dd3d872c4316720658bab7027d0935eb84d10eb3,0,,0.00000000,nulldata,,,
641507ce19ccf9384c558f71dd3d872c4316720658bab7027d0935eb84d10eb3,1,RCTz5VpCmx12q1kBJ3MobLvBUrao4eAJ4N,993.53856000,pubkeyhash,,,
6430e1c160e8af7ef854cf6b4307ff88bcca583368adf54320f56b3760f3aa00,0,,0.00000000,nulldata,,,
6430e1c160e8af7ef854cf6b4307ff88bcca583368adf54320f56b3760f3aa00,1,RQKx8trL3nfb8H53WLk6psbrwmfvHftJmu,993.04467000,pubkeyhash,,,
6470bf12cc01917a8d29fd9cc5c738ebe426622b35554d035cef476d932550c5,0,,0.00000000,nulldata,,,
6470bf12cc01917a8d29fd9cc5c738ebe426622b35554d035cef476d932550c5,1,RR97xwudta2GgdbkpXx9foENhKh3CqjBtx,994.86272000,pubkeyhash,,,
6475814d935e27e84b4bb782de382cfb77b08f1ee0b48bf5aab561866784c9dd,0,,0.00000000,nulldata,,,
6475814d935e27e84b4bb782de382cfb77b08f1ee0b48bf5aab561866784c9dd,1,RFsB8QtazntPkn7JqUYoXYrxmgnuisR372,994.07952000,pubkeyhash,,,
64907136c1e8a3e78aa7fa0796902f4a8fba0cc1f4a0079aeaebff7a16f841ad,0,,0.00000000,nulldata,,,
64907136c1e8a3e78aa7fa0796902f4a8fba0cc1f4a0079aeaebff7a16f841ad,1,RT2pDGHnc16FxpoqbyTb6ZtquR54Ctw7Ew,989.84307000,pubkeyhash,,,
64a2143f979b3cc3e63d155f500cabc7f08ea2c1e82608de9c6bd8885cf3d72e,0,,0.00000000,nulldata,,,
64a2143f979b3cc3e63d155f500cabc7f08ea2c1e82608de9c6bd8885cf3d72e,1,REdhhPMUBJUsEnrjESbjrZSHbRFtBkUbg7,991.89927000,pubkeyhash,,,
64b8c9aea0204f0bc79e8e970270d647fbf5a41b626d802b54d015ed3131c15f,0,,0.00000000,nulldata,,,
64b8c9aea0204f0bc79e8e970270d647fbf5a41b626d802b54d015ed3131c15f,1,RTurGtcjTuhmdehwXCqrNDcUtR7QKEWfrJ,994.37760000,pubkeyhash,,,
64f03519f7b7c33a71c6afd49ac44a7eefc01003ae9bb6eb9f1e7ac0d6f46ebb,0,,0.00000000,nulldata,,,
64f03519f7b7c33a71c6afd49ac44a7eefc01003ae9bb6eb9f1e7ac0d6f46ebb,1,RB3BVUieKdZhnshSnixAC1TNgunrQCUKCr,990.15495000,pubkeyhash,,,
64f79854b1b1c05511e257ec967b17c50ec9270580bbb86e06a47500e60b189a,0,RMKd7jAm9y682pLc6QiHSUFTxZReSRKZfe,3.00114878,pubkeyhash,,,
64f98b209ecc3922685095e7d8831da517f95795d5ed67a46040c09830c8fc28,0,,0.00000000,nulldata,,,
64f98b209ecc3922685095e7d8831da517f95795d5ed67a46040c09830c8fc28,1,RAJU3EJcrKsGgWTCNQETiy39EKSNCiVyVz,991.65087000,pubkeyhash,,,
65554274fc5fdda4894bcefddea82afcb743c046d8302fdc1d46dff9eeec61f8,0,RX1r2eyM1UW7y2xHcrTejDfyCUk1yBmz4i,306.57742138,pubkeyhash,,,
65554274fc5fdda4894bcefddea82afcb743c046d8302fdc1d46dff9eeec61f8,1,RFkC3z3AzcqCu8wxA59Kfb4H7ieCvM3s2C,34.05382890,pubkeyhash,,,
655572eb30ca875132bc88087dc501cbc56801026b41d56d45c27b1869351a0c,0,,0.00000000,nulldata,,,
655572eb30ca875132bc88087dc501cbc56801026b41d56d45c27b1869351a0c,1,R9zNtuAeKHnQbai3AMCg3iJ7eYgMkJGdgX,990.70143000,pubkeyhash,,,
6570cab2a9ba841f1b9821b5225c095f6d32453e7b3155b3caa351f596504b59,0,,0.00000000,nulldata,,,
6570cab2a9ba841f1b9821b5225c095f6d32453e7b3155b3caa351f596504b59,1,RHRPXUPMUfW2cpQyE7pmVqgJEm1W7jVLWK,992.84871000,pubkeyhash,,,
657e98570703dc2345f24d0647c4e886090ca575104d25ac03a31bc46cd51bc6,0,,0.00000000,nulldata,,,
657e98570703dc2345f24d0647c4e886090ca575104d25ac03a31bc46cd51bc6,1,RRNYkH4QCJ9RwkTyXCycKt9WeuHYKLNVcH,990.30675000,pubkeyhash,,,
65937cb00bb4cdc005bacf6577ce8dc782ca8e5904610e7dc83c670f8547d8b6,0,,0.00000000,nulldata,,,
65937cb00bb4cdc005bacf6577ce8dc782ca8e5904610e7dc83c670f8547d8b6,1,RVTwpHxkQttk3mdnn8Eda7BaJPzQk2WC7J,990.74835000,pubkeyhash,,,
65a00e755280892b5de88e3b7c8bb9ec545e9b4ab8e2528ce0e90b9b22668ec2,0,,0.00000000,nulldata,,,
65a00e755280892b5de88e3b7c8bb9ec545e9b4ab8e2528ce0e90b9b22668ec2,1,RK5hqS6DyxmqXqC1tdkVZspqxgD5mFSjnH,989.74371000,pubkeyhash,,,
65ba94072a6ca07336aee2e8ffe7a2bb9c2c1a316035342e08cd820ed33c9715,0,,0.00000000,nulldata,,,
65ba94072a6ca07336aee2e8ffe7a2bb9c2c1a316035342e08cd820ed33c9715,1,RJUJiqAgxfrKn1XMLeXb5C6hrPSjy5EgKM,994.68332000,pubkeyhash,,,
65d7983fbecd42e8852d3c5e5ee236eb203a9e91851e574291701ecadba25370,0,,0.00000000,nulldata,,,
65d7983fbecd42e8852d3c5e5ee236eb203a9e91851e574291701ecadba25370,1,R9HzfLSKiMG2fmDpyFdhZZwGM8fVJdNWcK,989.24171000,pubkeyhash,,,
660a3e1fc4e182060bbc319cd4d0c28214d80216d818673f5103db894f0f61d1,0,RX1r2eyM1UW7y2xHcrTejDfyCUk1yBmz4i,306.23766400,pubkeyhash,,,
660a3e1fc4e182060bbc319cd4d0c28214d80216d818673f5103db894f0f61d1,1,RFFrnzmxsK5v5EQvLy3WS7XYq9xJ4QrcYy,0.00695219,pubkeyhash,,,
660c607ffd544246ade9693dcb67e5fffb2063eaeb0772832d1d91b4b8f66503,0,,0.00000000,nulldata,,,
660c607ffd544246ade9693dcb67e5fffb2063eaeb0772832d1d91b4b8f66503,1,RVpTGSL2hwiSwumsmTGMWnMekidmtf8WdK,995.08872000,pubkeyhash,,,
6619ad5b9c3f3f03c848daaacd333ab3690344ef28250b7e61bf4814b50dc310,0,RX1r2eyM1UW7y2xHcrTejDfyCUk1yBmz4i,306.41109656,pubkeyhash,,,
6619ad5b9c3f3f03c848daaacd333ab3690344ef28250b7e61bf4814b50dc310,1,RVcugKagCit9TQcMxXpJHsWbcU3ESLKYq6,34.03535133,pubkeyhash,,,
661a21b622f759d89442ed2ca6229af1038e478706ce70e4246affc891326960,0,,0.00000000,nulldata,,,
661a21b622f759d89442ed2ca6229af1038e478706ce70e4246affc891326960,1,RCYGHhHfVuRmLCsaeirpRUekqNFLecygR8,992.64723000,pubkeyhash,,,
6624cc3b574ab7b9d8882f1fad181dbefed39866125047ae9c92b9eb66f0dc57,0,,0.00000000,nulldata,,,
6624cc3b574ab7b9d8882f1fad181dbefed39866125047ae9c92b9eb66f0dc57,1,RTmHhkMqH3NTXdSUC91S6zcGvwKqSWACtL,994.33620000,pubkeyhash,,,
662c837bd5161774dafb34b8b1e2a6d13436130e85f0e10af7582f91bab54e51,0,,0.00000000,nulldata,,,
662c837bd5161774dafb34b8b1e2a6d13436130e85f0e10af7582f91bab54e51,1,RU7qw8xydLNrCXCsDZFPgSsCKhYvC79dxH,993.32619000,pubkeyhash,,,
664520d20b040d36d77b2dbdbc851b48a8fdc8d583354b58551761e09a4578de,0,,0.00000000,nulldata,,,
664520d20b040d36d77b2dbdbc851b48a8fdc8d583354b58551761e09a4578de,1,RLw6r6ZxWLW1Bka39pnQYCV4VsePcgGxKJ,991.60671000,pubkeyhash,,,
6647c39b141f0427d377bdd5022a9c309b1df35c925095dc0235f448da72ec5c,0,,0.00000000,nulldata,,,
6647c39b141f0427d377bdd5022a9c309b1df35c925095dc0235f448da72ec5c,1,RE1nXmnvgE9NL7YwgK9on1ubgnPhAJ4sxS,991.41351000,pubkeyhash,,,
664a2d29b1f0269db69dd8bcca40584beb3c84e2337d4ee2b745a4a0fe836adc,0,,0.00000000,nulldata,,,
664a2d29b1f0269db69dd8bcca40584beb3c84e2337d4ee2b745a4a0fe836adc,1,RPx8qS9KkCgqKQKsorsjR3hyYwGzPAdE13,989.22791000,pubkeyhash,,,
665e073a9aaa7ead7be579060bf7a8fdadceddb91b5c8cb790c1b337ad119ed6,0,,0.00000000,nulldata,,,
665e073a9aaa7ead7be579060bf7a8fdadceddb91b5c8cb790c1b337ad119ed6,1,RJCgeNeAQ6fc8qNWd2KjBfttPjdPzPFJYP,994.70816000,pubkeyhash,,,
6660fcd1801cdf4901792c85e346ce87b6c4971fc1d3266c559ea98c954d1998,0,RMKd7jAm9y682pLc6QiHSUFTxZReSRKZfe,6.03375658,pubkeyhash,,,
66676f721e8898df9e8e5a9bee9403865378c7b4122592eda7c567f2ce2ccebf,0,,0.00000000,nulldata,,,
66676f721e8898df9e8e5a9bee9403865378c7b4122592eda7c567f2ce2ccebf,1,RLhek9kSFRfXEC9DvMfYDNMArxp3BaWQEH,992.73279000,pubkeyhash,,,
668052989d8943d367e3861e45fc6b289d919fbd36d88b7a43a707ca4866e39b,0,,0.00000000,nulldata,,,
668052989d8943d367e3861e45fc6b289d919fbd36d88b7a43a707ca4866e39b,1,RKJQuEiN6X9SW99LKTMigw5ArZaXzYmY6r,991.46871000,pubkeyhash,,,
6680a0926ab3243973f3aa43e66445b2af5e548b7ad6afc82ae424c12bad67f3,0,,0.00000000,nulldata,,,
6680a0926ab3243973f3aa43e66445b2af5e548b7ad6afc82ae424c12bad67f3,1,RRguHNcaf4sivrd4WvQaUPQiU2p4TJJ9JA,991.03263000,pubkeyhash,,,
66baad75f97dd4f4b8ab9ac7600d319ef148105f7b5d5ca5d5a91742e6fdc95c,0,,0.00000000,nulldata,,,
66baad75f97dd4f4b8ab9ac7600d319ef148105f7b5d5ca5d5a91742e6fdc95c,1,RK9KqVsG7FBpNT4W9jqVbLdJtogduZkZ9P,992.20011000,pubkeyhash,,,
66bbbf1c3e6c73eae7ac599f7100b4f5e4470c215e355b3b7952116a60dc04ac,0,,0.00000000,nulldata,,,
66bbbf1c3e6c73eae7ac599f7100b4f5e4470c215e355b3b7952116a60dc04ac,1,RPMc4rCMRLMC6JW2aTXZcRqDj6uHuXMVMo,994.03260000,pubkeyhash,,,
66d98caa0d54ebe63e1014a6637b0803c01328fdd7cdd0405e6a972394e73836,0,,0.00000000,nulldata,,,
66d98caa0d54ebe63e1014a6637b0803c01328fdd7cdd0405e6a972394e73836,1,RE5kpevH1d53XvwHDwtR2SHmoaWAEAqy1f,992.07591000,pubkeyhash,,,
66e8c03bcb668c9021330f7b20680e1e0a628fbacf8cefc2ad8f2120063e2ba2,0,,0.00000000,nulldata,,,
66e8c03bcb668c9021330f7b20680e1e0a628fbacf8cefc2ad8f2120063e2ba2,1,RTDxzd1VpLti1XRNSq975h7HoEUpLpeTmo,989.33279000,pubkeyhash,,,
66f2730b646e6c414af31c3ff6e1987aacb9cf63363bcb9203655707dc411680,0,,0.00000000,nulldata,,,
66f2730b646e6c414af31c3ff6e1987aacb9cf63363bcb9203655707dc411680,1,RQ1dwQ4h5iX6BDVrZscLg5vck8Y5oZQREC,989.64467000,pubkeyhash,,,
673e225bcb53a198a7f97250e9e1c0d5de73634e2bb85a5049fea97f7bde8a62,0,,0.00000000,nulldata,,,
673e225bcb53a198a7f97250e9e1c0d5de73634e2bb85a5049fea97f7bde8a62,1,RAvebqe3ERVdMZZbjpPvY6XCdzHDPsKkRo,989.52047000,pubkeyhash,,,
6740f3776209a468792fa205163ab77466375a380c81b598b56e1e0488512562,0,,0.00000000,nulldata,,,
6740f3776209a468792fa205163ab77466375a380c81b598b56e1e0488512562,1,RGiHvJBmCA39wAjxMfCHF5Tsmzq6tgu27h,994.83788000,pubkeyhash,,,
6748841643ecbf63d65c1fc8cbb434327ab436731dd06bcb42ffe9bbcd718f50,0,,0.00000000,nulldata,,,
6748841643ecbf63d65c1fc8cbb434327ab436731dd06bcb42ffe9bbcd718f50,1,RQiBvD2kvZsT5C66hYYrrT13XwjtYez4qa,990.64899000,pubkeyhash,,,
677aef42a0dbadd5ed53471e303de0591fc981df7d5ccc80c018121aa718648b,0,,0.00000000,nulldata,,,
677aef42a0dbadd5ed53471e303de0591fc981df7d5ccc80c018121aa718648b,1,RBGUC5cVvYT1svcpsj1FHFQsAEc1Bi8tF1,992.89839000,pubkeyhash,,,
6795d15b49479b9fe39f9c7276b4f7af3ee5e0ce7b5fbd9ff66065a881027a13,0,,0.00000000,nulldata,,,
6795d15b49479b9fe39f9c7276b4f7af3ee5e0ce7b5fbd9ff66065a881027a13,1,RXh3UDqrsKoeeXJTjh68baR72e9Lttfauu,993.32895000,pubkeyhash,,,
67c33ff712b58be734d3e0100b2f79f6a3c3ba3c1c445b043358a5612340abfb,0,RMKd7jAm9y682pLc6QiHSUFTxZReSRKZfe,2.08690231,pubkeyhash,,,
67dff3c97a0a8359a126d58ceb88db45baeab5af89e496b59cda0b63a8c77a2a,0,,0.00000000,nulldata,,,
67dff3c97a0a8359a126d58ceb88db45baeab5af89e496b59cda0b63a8c77a2a,1,RMWXLARKexeNUDmHUpZTbqUuXTPik4mUD9,994.57292000,pubkeyhash,,,
67e7ff732166fbb60563ff3bcee0962a815c20e31a74a05dc7f065bd58e3eddb,0,RTpJWWuzGQtzP9HYFEK8z9EY3b66t4ASJ1,4.55371507,pubkeyhash,,,
67e7ff732166fbb60563ff3bcee0962a815c20e31a74a05dc7f065bd58e3eddb,1,RTQrPUx12pwC5ctJuNx5EWnnN4S8b9Jrzv,276.67632639,pubkeyhash,,,
67f9e5eca3d91f367e284732686cf5720ebaa72a87b019a1aa18450568cd2479,0,,0.00000000,nulldata,,,
67f9e5eca3d91f367e284732686cf5720ebaa72a87b019a1aa18450568cd2479,1,RHE1h2vpCk8Jta6otF1BeDg6CmjmxTPPQQ,994.38312000,pubkeyhash,,,
67fe10bc2f0e8e349d6256de7d7063f3ef3775afdf0a080837096efbbe2d1596,0,RMKd7jAm9y682pLc6QiHSUFTxZReSRKZfe,0.48614321,pubkeyhash,,,
680bb939da3565259b9d518ddc102d50c10f80809546ea640e8d93826b503456,0,,0.00000000,nulldata,,,
680bb939da3565259b9d518ddc102d50c10f80809546ea640e8d93826b503456,1,RJWF16f6ziNdBrpRNPevuN4dg2hfRafDJg,989.16167000,pubkeyhash,,,
682cbcc797d6392607ee8f1ce2fa05e795edf8ac76273c76e7a1cb2d4d99557e,0,,0.00000000,nulldata,,,
682cbcc797d6392607ee8f1ce2fa05e795edf8ac76273c76e7a1cb2d4d99557e,1,RMAfWx3T39c1d75af2JqwJfLu7NM7gTxwG,991.65639000,pubkeyhash,,,
683453e4e3395a1aaa712598da6303f4f2ccfab462f531132d4556c13e3314a5,0,,0.00000000,nulldata,,,
683453e4e3395a1aaa712598da6303f4f2ccfab462f531132d4556c13e3314a5,1,RQWbaT1iTPJGX3vuKsSLaFGvVW6eWFuH5s,989.24999000,pubkeyhash,,,
684af1ffa85620f075dd23d80f55d0f85c88bcfe38da035b00bb1aac67bf8984,0,,0.00000000,nulldata,,,
684af1ffa85620f075dd23d80f55d0f85c88bcfe38da035b00bb1aac67bf8984,1,RVrnozoLZtxtLbuc8FftaZb7FSGPXogwtx,993.48336000,pubkeyhash,,,
684b638af812f7c6eee682026ba315cde17709dbc75477a1e1b1a9e3b5b80edc,0,,0.00000000,nulldata,,,
684b638af812f7c6eee682026ba315cde17709dbc75477a1e1b1a9e3b5b80edc,1,RLFrFDEhfjenGjHXZQgkoWTY37anJeL6iF,992.11179000,pubkeyhash,,,
6899ef93e57f3c2b1db9362001274c7eab987e502168bf23fcd4067f846b2c15,0,,0.00000000,nulldata,,,
6899ef93e57f3c2b1db9362001274c7eab987e502168bf23fcd4067f846b2c15,1,RKxNMDT13g6hbC9b5M8tKfxg1rWdivLRhx,992.71623000,pubkeyhash,,,
68ce824be3f10a4dc94b0e0f8135c22ce15e3ce866cf8bb638eb4821ae17a7d3,0,,0.00000000,nulldata,,,
68ce824be3f10a4dc94b0e0f8135c22ce15e3ce866cf8bb638eb4821ae17a7d3,1,RAn5qGGe1y5RUAd4zqkUq89wWcayKLD9iD,990.99951000,pubkeyhash,,,
68fd5fc3896144b87f0b52a74368f8a95b1e786003501a0c46bbf9b9df8f67bf,0,,0.00000000,nulldata,,,
68fd5fc3896144b87f0b52a74368f8a95b1e786003501a0c46bbf9b9df8f67bf,1,REZypj5QZujBYJeUskx3632YXeRPUnUc3H,989.56463000,pubkeyhash,,,
692a8958889227fba7e823ce4642bd32dacb9be3b59efbe51f8b71f160885346,0,,0.00000000,nulldata,,,
692a8958889227fba7e823ce4642bd32dacb9be3b59efbe51f8b71f160885346,1,RATRrNQXEkxjoX8wNuwr9kJ9QRrXQXSDKY,994.95656000,pubkeyhash,,,
692ce33f8d69e1f5fa21564eefad15d258a112187f754bc7ed1346441013bd6d,0,,0.00000000,nulldata,,,
692ce33f8d69e1f5fa21564eefad15d258a112187f754bc7ed1346441013bd6d,1,RUJK6L4pPrKLzrocMvAWq932SiVpdGFRNo,992.52027000,pubkeyhash,,,
694b1b5741d55f6d27aeb8db875468bd26ebc132b9fe9e8f733fe8ff08b1720b,0,RMKd7jAm9y682pLc6QiHSUFTxZReSRKZfe,1.86522762,pubkeyhash,,,
695bf46ccd855a6c410f507ba0421439021be7aab08a3260bcf23993b0229d99,0,,0.00000000,nulldata,,,
695bf46ccd855a6c410f507ba0421439021be7aab08a3260bcf23993b0229d99,1,RQeKUuua8MvAELN1t4RvSkJtodszA2n3zY,992.60307000,pubkeyhash,,,
695dc9ce33a91c961f641b7ea4bb4e0da8f633a019ca1b20925ab75a1b3a80f3,0,,0.00000000,nulldata,,,
695dc9ce33a91c961f641b7ea4bb4e0da8f633a019ca1b20925ab75a1b3a80f3,1,RQD3nXVpDg9VaqENSaSXi6LUecN2ih68xk,992.18079000,pubkeyhash,,,
697f6629ad76d383ced48b14f9a98f29907edd4c132e7c24164a4f14d96c5c7e,0,,0.00000000,nulldata,,,
697f6629ad76d383ced48b14f9a98f29907edd4c132e7c24164a4f14d96c5c7e,1,RFyu5Vnn6M4jmJKfddKdMRpvge8DySv6sQ,994.92620000,pubkeyhash,,,
699f50ba178cee431e0631b73e2f2237565d18409de82d6fd5c573412853df4b,0,,0.00000000,nulldata,,,
699f50ba178cee431e0631b73e2f2237565d18409de82d6fd5c573412853df4b,1,RKs2Srfv4BYRn3iTCzm1nHEjGgopQMZzqZ,989.85963000,pubkeyhash,,,
69d4e5c3b92fc580e465084d715ea80c206a413f18781594f4f14842370593b6,0,,0.00000000,nulldata,,,
69d4e5c3b92fc580e465084d715ea80c206a413f18781594f4f14842370593b6,1,RJwCTfQVhHkqBRAj89oZFF9X3tmZoGAUrB,994.90412000,pubkeyhash,,,
69e2f76a03718aa5400ec02c000aaf9eafde3d3b224b6d8371ec0f6c0b91d2b6,0,,0.00000000,nulldata,,,
69e2f76a03718aa5400ec02c000aaf9eafde3d3b224b6d8371ec0f6c0b91d2b6,1,RCGfpeQMDkR5TLPSi26DpDMXupE5Q5rrrz,994.63916000,pubkeyhash,,,
69e9cb4edee43b28759988da875b17df02c6f803a91b6e0ec381db5c65f9ec83,0,,0.00000000,nulldata,,,
69e9cb4edee43b28759988da875b17df02c6f803a91b6e0ec381db5c65f9ec83,1,RVFxh928b8U9Tqmsc7s1BfneP5sKw862Fa,990.80907000,pubkeyhash,,,
69facb60bf9f10d4ed7a70a83c599e0787b853d6b4f5ca6b0002272ac996a77b,0,,0.00000000,nulldata,,,
69facb60bf9f10d4ed7a70a83c599e0787b853d6b4f5ca6b0002272ac996a77b,1,RPREB8rmmaafiXnXuNCdd4LNDQkkwJgWyx,992.86527000,pubkeyhash,,,
6a060ef027721a06e1dcf8f45e5fb2579b18b38d68f6175d17721930560e4521,0,,0.00000000,nulldata,,,
6a060ef027721a06e1dcf8f45e5fb2579b18b38d68f6175d17721930560e4521,1,RFJJwfz8YtGUiHTkDJhx3y5vgjsz4vxRYH,989.11751000,pubkeyhash,,,
6a1b5a29203e8addd3cf677d5b075c2ecfc5709bc51c3125e7a5180f0c956498,0,,0.00000000,nulldata,,,
6a1b5a29203e8addd3cf677d5b075c2ecfc5709bc51c3125e7a5180f0c956498,1,RQ5GrR4R5Fxknarou7cKuiShDmdcZzEMKS,993.06951000,pubkeyhash,,,
6a38b2405d05a82e5f75209cffe6ab19133356b7ad942c3dffbcd08ae04ed2bf,0,,0.00000000,nulldata,,,
6a38b2405d05a82e5f75209cffe6ab19133356b7ad942c3dffbcd08ae04ed2bf,1,RN1saJodiNpGeLHHCSKzrw8D4XgEprcvPz,988.97123000,pubkeyhash,,,
6a3d19b58a4fdd4fe69c1f4b537f1ef1022bb43036481f25557761794e2349b4,0,,0.00000000,nulldata,,,
6a3d19b58a4fdd4fe69c1f4b537f1ef1022bb43036481f25557761794e2349b4,1,RDrr7Sq1zG4B7NyGXbWXSNrrgJpCknbfnL,989.35211000,pubkeyhash,,,
6a73666618d56ab27698269cd211aff7a34c38f68bcc7a0017932866bf0769d6,0,,0.00000000,nulldata,,,
6a73666618d56ab27698269cd211aff7a34c38f68bcc7a0017932866bf0769d6,1,RTUVxG2vjBgVpqDXyEXeEkHEb2WAb1SRDD,992.36847000,pubkeyhash,,,
6a7aa5044e95a73aea52b81ddf5426d24c321856b682d274ffeb45530fc9496d,0,,0.00000000,nulldata,,,
6a7aa5044e95a73aea52b81ddf5426d24c321856b682d274ffeb45530fc9496d,1,RD6qj1DjXNzW1vmB8ZXm6GJTpMGj3h7mJ1,994.29480000,pubkeyhash,,,
6a7c1bb4da2594cdc91ccc33c314b9fbff3f1299ad5577b3dbf53ad49b786291,0,,0.00000000,nulldata,,,
6a7c1bb4da2594cdc91ccc33c314b9fbff3f1299ad5577b3dbf53ad49b786291,1,RUzfGQebshQbGAUmyfbStPzdri7ZusQtXv,992.06211000,pubkeyhash,,,
6abb21547376519887f32dce4b1a9281d87a599ccd4a47e997954a1788e74afc,0,,0.00000000,nulldata,,,
6abb21547376519887f32dce4b1a9281d87a599ccd4a47e997954a1788e74afc,1,RStpjhaCMdSr5HoA7EVW9jdWjVRKJVhDXh,993.68484000,pubkeyhash,,,
6ac662ea21f23f49d62767d5519d799b366ff7e38374c1cb320a5ee67a888101,0,RCBheTft7W19VQ28wXpY5EdwnaA8zfpbCV,77.95512514,pubkeyhash,,,
6ad33afcded08909cec7aea0556a70ee6ceb68fd73b9f1b3c85d92c28058f89b,0,,0.00000000,nulldata,,,
6ad33afcded08909cec7aea0556a70ee6ceb68fd73b9f1b3c85d92c28058f89b,1,RVU8i4EHU3wgjyHPPPKzXmuBmXxaeyN4Bh,990.57447000,pubkeyhash,,,
6afeeb5dd4713be3ed71fa7122c029793149321630a9b10505b9df016de7988f,0,,0.00000000,nulldata,,,
6afeeb5dd4713be3ed71fa7122c029793149321630a9b10505b9df016de7988f,1,RVSRKBMCLQw9tBkghvqCciAzMuF8e2HuDe,994.87928000,pubkeyhash,,,
6b1465f6cbd142ce2050820e685a8f16abcd830d029dfdfd590dd38463cf6e63,0,,0.00000000,nulldata,,,
6b1465f6cbd142ce2050820e685a8f16abcd830d029dfdfd590dd38463cf6e63,1,RPnmxaRLHafDBExMRrSoDh8RXsuACgiNpx,992.76867000,pubkeyhash,,,
6b36052fba8c4c604c96ab355829ca1c50de28a8af5e2ece26aa9ab8961f741a,0,,0.00000000,nulldata,,,
6b36052fba8c4c604c96ab355829ca1c50de28a8af5e2ece26aa9ab8961f741a,1,RLqK2MWUVw15xL9TuDuy8YezJDcDo6fmru,989.63915000,pubkeyhash,,,
6b5cea9e6159c8e363946fa7c6eb3ff0758da7ea6616cf5712dc8f5137e39180,0,,0.00000000,nulldata,,,
6b5cea9e6159c8e363946fa7c6eb3ff0758da7ea6616cf5712dc8f5137e39180,1,RAPiExSshPf9DmX4U4U8Rr125LzdxdhYeD,992.66931000,pubkeyhash,,,
6b7ec0bd748a6dc9168f17a16201b2a6c00433d3448880ddb5c86dcbff38cc41,0,,0.00000000,nulldata,,,
6b7ec0bd748a6dc9168f17a16201b2a6c00433d3448880ddb5c86dcbff38cc41,1,RUnekCvYN8xg6gdGKaXWhysKP6MKTd73Py,989.69679000,pubkeyhash,,,
6b95b58bfe7737cb01489ad4e14966adaf68f7e4d40e5c024ab74fad9408d748,0,,0.00000000,nulldata,,,
6b95b58bfe7737cb01489ad4e14966adaf68f7e4d40e5c024ab74fad9408d748,1,RHvHsfzHzKck2b8ECPeYPifunLQ3dSajP9,990.45303000,pubkeyhash,,,
6b9e3392fd05cfd4f43616628e49b4cd0fa3bc51052623e21f6f1c3dff61b964,0,,0.00000000,nulldata,,,
6b9e3392fd05cfd4f43616628e49b4cd0fa3bc51052623e21f6f1c3dff61b964,1,RXmBhjRKsM6wKszSERRuq3eqH1NcAWZttf,991.57083000,pubkeyhash,,,
6ba9261aca35f5638eb879afac5b7c89ed5e1586726a30fde998b4047a58bf6a,0,RSEpQPXsiXjvdtyX5EmbxXFLbGP8hX8q8V,5000.00000000,pubkeyhash,,,
6ba9261aca35f5638eb879afac5b7c89ed5e1586726a30fde998b4047a58bf6a,1,RH6SgASNWvhU2JGTxynSp8EkZLB1T9wcA2,0.02493709,pubkeyhash,,,
6bfaa7ce16f12a7946d3b2fc7631fd62bcdf85ae20fee5a9ea02fff4bd552865,0,,0.00000000,nulldata,,,
6bfaa7ce16f12a7946d3b2fc7631fd62bcdf85ae20fee5a9ea02fff4bd552865,1,RHEwMXDkdejDNCrs6V1haHYKN9fAvSWZLK,993.79248000,pubkeyhash,,,
6c018d0799a10e5e202c003434b58edef9b19738673accdbb30a9f015dd032fa,0,,0.00000000,nulldata,,,
6c018d0799a10e5e202c003434b58edef9b19738673accdbb30a9f015dd032fa,1,RN38k9XSwHHQhuYw76jZhK83D4UYXSkbYD,992.85423000,pubkeyhash,,,
6c179902cf2f000e55db374752405779208a4066902bb08547ec5f6e87045fd4,0,,0.00000000,nulldata,,,
6c179902cf2f000e55db374752405779208a4066902bb08547ec5f6e87045fd4,1,RFxMuRExVU3moMhadmkVDjYgF2hKRpsqu5,994.35828000,pubkeyhash,,,
6c24093eeb17330cedb645d76dead8494e6be37afd736b96074609eb204f2992,0,,0.00000000,nulldata,,,
6c24093eeb17330cedb645d76dead8494e6be37afd736b96074609eb204f2992,1,RQQWCyZJU65WuDRyzS8HcDStvjAK9Myyda,994.21752000,pubkeyhash,,,
6c41df60198cae3e959476434b4e70ff899d04349537d7d4b7bdfaf917fa1765,0,,0.00000000,nulldata,,,
6c41df60198cae3e959476434b4e70ff899d04349537d7d4b7bdfaf917fa1765,1,RMmhzSjzXL3Xd22ZPeRLP3VkBHF3hUZUFA,989.24447000,pubkeyhash,,,
6c625348223652f86ec5e6e5e575a08127ae8c5355a2794e544f6e76c5738db2,0,,0.00000000,nulldata,,,
6c625348223652f86ec5e6e5e575a08127ae8c5355a2794e544f6e76c5738db2,1,RYNW3oEd9Swdqho29GHkNKYfKtCmmJUMFp,988.93535000,pubkeyhash,,,
6c85617c053e168bfd8140c396c210f7431a80eea95cfe2e81bf2bac9b84450d,0,,0.00000000,nulldata,,,
6c85617c053e168bfd8140c396c210f7431a80eea95cfe2e81bf2bac9b84450d,1,RLrn554qamzRAYLv7gCwMcnn4thrikg4hc,991.56531000,pubkeyhash,,,
6cc2c84a24abe2005490dda9bc5f62db5bc9cc4a689c0a9a16daf40f90c9019a,0,,0.00000000,nulldata,,,
6cc2c84a24abe2005490dda9bc5f62db5bc9cc4a689c0a9a16daf40f90c9019a,1,RDb6ioEamzAAJfKTNfGvJWdjoCNjkSJADZ,990.61863000,pubkeyhash,,,
6cc81ece813c6ae6f23b621350f2fc51cda838ac801e1ab2606e2e51175c2750,0,,0.00000000,nulldata,,,
6cc81ece813c6ae6f23b621350f2fc51cda838ac801e1ab2606e2e51175c2750,1,RN1F8qvBYq73p2iy7tkr8coRtG2je9sub8,990.76215000,pubkeyhash,,,
6ccf38989a86141df401f17f877f39f51f11b4352b6aed0f435a98019403fa32,0,,0.00000000,nulldata,,,
6ccf38989a86141df401f17f877f39f51f11b4352b6aed0f435a98019403fa32,1,RXJ4Qj4mG5d8rL9nNQL4rBcjkrfWy5hgBn,990.21843000,pubkeyhash,,,
6cd0a607bc7a0d615f4b9397ccba2bd36c62f24cf093c109f44dacd2bba44b3b,0,,0.00000000,nulldata,,,
6cd0a607bc7a0d615f4b9397ccba2bd36c62f24cf093c109f44dacd2bba44b3b,1,RMiopSvRcZnpmdPjQxGviJonRSYTJxWfjb,991.65363000,pubkeyhash,,,
6d02c314d3a067202c0e66d342f48a723c121735d7884701b090249a63b4b8f5,0,,0.00000000,nulldata,,,
6d02c314d3a067202c0e66d342f48a723c121735d7884701b090249a63b4b8f5,1,RBwQ3auJC8odHrRrfoUDaXEMxWUG8Tc1hY,991.81371000,pubkeyhash,,,
6d2edd7c1a49913405c21f1082937aebb3a780714e13ca6cdb1a7e1aa1cc5226,0,,0.00000000,nulldata,,,
6d2edd7c1a49913405c21f1082937aebb3a780714e13ca6cdb1a7e1aa1cc5226,1,RXWV4Jq6b3EkAGqL13QfhJH8L8Ssyzwf3P,993.29583000,pubkeyhash,,,
6d4a7b00b1799b40b5b353c8b529d450cc846e7ccff27b57a378e670fa994f36,0,,0.00000000,nulldata,,,
6d4a7b00b1799b40b5b353c8b529d450cc846e7ccff27b57a378e670fa994f36,1,RPDhDMRiVT23cLXZFsgp8fJScM5smz2m5e,992.23875000,pubkeyhash,,,
6d601de8006ed5692911414ea654417458fde0fe70ae5a631018a28a5cb3a5dd,0,RJQLnZss21JDUKGEQQGJSkXExu523diJe3,34.05458326,pubkeyhash,,,
6d601de8006ed5692911414ea654417458fde0fe70ae5a631018a28a5cb3a5dd,1,RX1r2eyM1UW7y2xHcrTejDfyCUk1yBmz4i,306.58421335,pubkeyhash,,,
6d6f724deb9d1536e056c0f1b25a0706f6cbc036adc35278e111a0c188f6cbb4,0,,0.00000000,nulldata,,,
6d6f724deb9d1536e056c0f1b25a0706f6cbc036adc35278e111a0c188f6cbb4,1,RAu8QuwuL7Q7GRYrqt3s9KTd6XSzeAjWBK,991.10715000,pubkeyhash,,,
6d989584b59a474a5089cacc74faec975a3ceafb71593fa8d44a0c8fa83f8546,0,,0.00000000,nulldata,,,
6d989584b59a474a5089cacc74faec975a3ceafb71593fa8d44a0c8fa83f8546,1,RDSHpXkNxfycSv8mMnxprcY4zZQcnGhkBQ,992.47611000,pubkeyhash,,,
6db86d1ddc32b2409c975c32ee942a6309079751ccecdedb33ec10eef7527673,0,,0.00000000,nulldata,,,
6db86d1ddc32b2409c975c32ee942a6309079751ccecdedb33ec10eef7527673,1,RCq8Bc9zw68Ge52PqRV7Ba7bd6w5eJrLhG,992.20287000,pubkeyhash,,,
6dbc171a9325acd5c62342f9b459f4dc218b88538bf3c78e4f709f758cf19e1f,0,,0.00000000,nulldata,,,
6dbc171a9325acd5c62342f9b459f4dc218b88538bf3c78e4f709f758cf19e1f,1,RJVsVT5nP4Lf7qFKvCY9FXnwfSzP3YKUkA,991.28379000,pubkeyhash,,,
6dcf5fd1319a301a5d20e2724bc91e144a711ac41ffd558158f3a401c0987f09,0,,0.00000000,nulldata,,,
6dcf5fd1319a301a5d20e2724bc91e144a711ac41ffd558158f3a401c0987f09,1,RRRvHFMfXhqL2JnnrNK8iSMS4beSPbNkzD,995.00900000,pubkeyhash,,,
6de7ed85311fb1f27cb4fa14b0c40ac36490e9c7cd1f3c7068cfee8e3e84ad07,0,,0.00000000,nulldata,,,
6de7ed85311fb1f27cb4fa14b0c40ac36490e9c7cd1f3c7068cfee8e3e84ad07,1,RWWU9YKFnW3bdf8qyAqgGFZMdzEwJAeh5o,990.00867000,pubkeyhash,,,
6df051aa868b6b5d73f3390a668b415908827013ffaaff59bc4f02717d813581,0,,0.00000000,nulldata,,,
6df051aa868b6b5d73f3390a668b415908827013ffaaff59bc4f02717d813581,1,RNgGH2ZquonB7dxFG917Pu86XoxcXJaqT2,989.29415000,pubkeyhash,,,
6e0e76c237684131571c3b4a57afc1978404f73a2aeb7c8e725e2638eb46b64b,0,,0.00000000,nulldata,,,
6e0e76c237684131571c3b4a57afc1978404f73a2aeb7c8e725e2638eb46b64b,1,RGZEomWYT13ekgabgXaVgFAyXLYgyZDnGv,993.23235000,pubkeyhash,,,
6e178104b1e723b7b3bc257b022809b9bafd892fbcbcf2213bba6d99bb22992e,0,,0.00000000,nulldata,,,
6e178104b1e723b7b3bc257b022809b9bafd892fbcbcf2213bba6d99bb22992e,1,RWV8Mi3q5Apw1Jjr8jCvoKH1GFzLa28Nhc,989.09543000,pubkeyhash,,,
6e3929ee2a1204f466c817d7c3842cf02317ba66cd3e0827e3d0436531d7f1ed,0,,0.00000000,nulldata,,,
6e3929ee2a1204f466c817d7c3842cf02317ba66cd3e0827e3d0436531d7f1ed,1,RA3sCAfhXuXshgAufbjeHFbZ6Y1u8Ghurh,994.31412000,pubkeyhash,,,
6e4168b10cfb8b892b1f5e9af7657834ef900e98f9d94611e16ba7504378e0dd,0,,0.00000000,nulldata,,,
6e4168b10cfb8b892b1f5e9af7657834ef900e98f9d94611e16ba7504378e0dd,1,RCospDjJJQ7DJuDW4XKWmS9PTazCB4X6Fq,995.09700000,pubkeyhash,,,
6eb01f250fbba8158509283ef15855a6fc0824888a50bbf33939b2aa06203ee1,0,RX1r2eyM1UW7y2xHcrTejDfyCUk1yBmz4i,306.20743917,pubkeyhash,,,
6eb01f250fbba8158509283ef15855a6fc0824888a50bbf33939b2aa06203ee1,1,RCJohEJxKJZwJWAL8F6tjC5L2NeMxXdxo6,0.00507581,pubkeyhash,,,
6eb5149ab8d4ed5e1587f3321bcdd4d808c7e5400d9e068acdf8b88f8d76ae82,0,,0.00000000,nulldata,,,
6eb5149ab8d4ed5e1587f3321bcdd4d808c7e5400d9e068acdf8b88f8d76ae82,1,RH7i9g6arDWntTbKbc3XhN5WKUFztknRs6,990.41991000,pubkeyhash,,,
6ec09b4a9173f3092d30883cb4c6b9ad92bcaee8fcf5b752acb9411f968d1785,0,,0.00000000,nulldata,,,
6ec09b4a9173f3092d30883cb4c6b9ad92bcaee8fcf5b752acb9411f968d1785,1,RWpAqHNyxioqzYfe8xyyXbzYPyGW1AKdDC,992.34639000,pubkeyhash,,,
6ec57c543b54f54353c1f4ce3475a66be06f9065c2dd81ea99fe25bfb7d9ddb0,0,,0.00000000,nulldata,,,
6ec57c543b54f54353c1f4ce3475a66be06f9065c2dd81ea99fe25bfb7d9ddb0,1,RLwZeZUVRBR9qmKfX61KnwV1iXqywemATi,990.52755000,pubkeyhash,,,
6ed9fef029feb5b1f101428f81e31c268e11e387d4b384ebf2e347e62e666cf3,0,RFHBYcXcw5jw66oPTC7JkQA6npndKfh6uY,0.89645067,pubkeyhash,,,
6edf93cc91b5e8a8a2429fa2e0675583d41c8bd823788ecf533866a4d48d1ad0,0,,0.00000000,nulldata,,,
6edf93cc91b5e8a8a2429fa2e0675583d41c8bd823788ecf533866a4d48d1ad0,1,RWfYevN9cPn4FRSyqu9MNTuVjPqTBcrxvC,992.72727000,pubkeyhash,,,
6eef5c2806bea9f62ea5c621b92886dee23d99f462701ad3c72396239141aef2,0,,0.00000000,nulldata,,,
6eef5c2806bea9f62ea5c621b92886dee23d99f462701ad3c72396239141aef2,1,RAqLMXqe39qXieQQVqPW2Ce61Ao1GBv26f,989.22239000,pubkeyhash,,,
6efa105357c7fc88a12c00ff3cf5632d72ff6540006357b08529a4c7b0f8e16c,0,,0.00000000,nulldata,,,
6efa105357c7fc88a12c00ff3cf5632d72ff6540006357b08529a4c7b0f8e16c,1,R9SvHuawRohREirABQenCVccYar6hK2QC2,989.03747000,pubkeyhash,,,
6f209d64fd0e10c31c41b7a5205c9aa9f8843e14088c1634d75c47ab00d575d7,0,,0.00000000,nulldata,,,
6f209d64fd0e10c31c41b7a5205c9aa9f8843e14088c1634d75c47ab00d575d7,1,RGHThLHvx22Wjp4vwbomArqYsLZDbyFc5Y,993.61308000,pubkeyhash,,,
6f3d6784fea31e7699c40ebc02de424b2da3fdb87e3dcaf8077086b55370c578,0,,0.00000000,nulldata,,,
6f3d6784fea31e7699c40ebc02de424b2da3fdb87e3dcaf8077086b55370c578,1,RFnemaRzFUpddAdbZ9TdBxEsprBMkbp81k,992.29395000,pubkeyhash,,,
6f55029d0678444c0041900706155a55fe5e11ea9c99235a0cfdec968947dc29,0,,0.00000000,nulldata,,,
6f55029d0678444c0041900706155a55fe5e11ea9c99235a0cfdec968947dc29,1,RGPF2Xxz9gRdyB2xuyJTzrup5zEXiw9JcY,991.20375000,pubkeyhash,,,
6f6fe95124ded71cb2598966f6f54f9ceee36fdabea6efe6cf92fe61d254e5f1,0,,0.00000000,nulldata,,,
6f6fe95124ded71cb2598966f6f54f9ceee36fdabea6efe6cf92fe61d254e5f1,1,RMutre64LqFfJjsxpp6omMd7rMk1JcCwaw,994.95380000,pubkeyhash,,,
6fc414ad6d828bba906e57c3ca31d741506ae77d8dbf143e059eafcfc454fc5a,0,,0.00000000,nulldata,,,
6fc414ad6d828bba906e57c3ca31d741506ae77d8dbf143e059eafcfc454fc5a,1,RGotaL3mi4hLMufgtwj6DNjeqFfN7A125Y,989.60879000,pubkeyhash,,,
6fce0cf45bfef46cd7db0ae288949428a67859b44785e7ae45c0b21356eca888,0,RLkuVP17vezbktjCRtMQtXs1HMsxm9ax46,1250.00000000,pubkeyhash,,,
6fce0cf45bfef46cd7db0ae288949428a67859b44785e7ae45c0b21356eca888,1,RSimn4SPGzjZJ3Cuxm97yit4LMZEri8WP4,26.36100623,pubkeyhash,,,
6fee5e507f2d3b9bef3ab4d8936659aef79377ee2ba04eba2917db95e8f9d901,0,,0.00000000,nulldata,,,
6fee5e507f2d3b9bef3ab4d8936659aef79377ee2ba04eba2917db95e8f9d901,1,RBFxT2HKrzHa5UJvDrEHhUPTSPrfxZB48S,989.04851000,pubkeyhash,,,
6ffcdb470592366cedc914fe9b90e6502a4277772aee23da5e2159917c73927a,0,,0.00000000,nulldata,,,
6ffcdb470592366cedc914fe9b90e6502a4277772aee23da5e2159917c73927a,1,RJtxFgcZFj4AsdhHio7Guznj5QuJ5x2QLX,994.86824000,pubkeyhash,,,
700a36c15cf1e5188e10028b152a8c66a8b7ee5bf2d21f7665c27aae8a18702c,0,,0.00000000,nulldata,,,
700a36c15cf1e5188e10028b152a8c66a8b7ee5bf2d21f7665c27aae8a18702c,1,RBw1RFRNgQtLw142HmN6iSoaYDFMZhqmUJ,994.26996000,pubkeyhash,,,
7060d6117929fdc68fd8afc46f702af466c7faca60b08b8e9018f448488ceacb,0,,0.00000000,nulldata,,,
7060d6117929fdc68fd8afc46f702af466c7faca60b08b8e9018f448488ceacb,1,RETBJnfhqMQPhVrJFs4BzfCkjCeGaufiK5,992.35467000,pubkeyhash,,,
709e8d4a05ad8d984caebc4f443ca252b530b6975e7145641f8a7ab929e72ae8,0,,0.00000000,nulldata,,,
709e8d4a05ad8d984caebc4f443ca252b530b6975e7145641f8a7ab929e72ae8,1,RYBbMDZXrD95T8vcP7RD8Jyc592FBkLe3b,992.45403000,pubkeyhash,,,
70be3d072a09ab64f4ae90cdf7eba964a9469d4e078ec6fb4c4ab4b34b060538,0,RPB4LNDihynGDJHXSrCFH977AYQo9T3bDd,12.54725000,pubkeyhash,,,
70be3d072a09ab64f4ae90cdf7eba964a9469d4e078ec6fb4c4ab4b34b060538,1,RHeKzyM3r85f5ohUMuinY6XmkgU96ahe8D,59.40448000,pubkeyhash,,,
70be3d072a09ab64f4ae90cdf7eba964a9469d4e078ec6fb4c4ab4b34b060538,2,RFGiEw2KZzrhJ3pgQxKdxjunWctF9UXFEK,15.35111000,pubkeyhash,,,
70be3d072a09ab64f4ae90cdf7eba964a9469d4e078ec6fb4c4ab4b34b060538,3,RDFsxgnppvqXHNCtJdQHWRzNbhrfRKxnUK,8.86719000,pubkeyhash,,,
70be3d072a09ab64f4ae90cdf7eba964a9469d4e078ec6fb4c4ab4b34b060538,4,REgGvYgD6X2nePPX2LVNRL6TjVAu4vRKAX,3.50482000,pubkeyhash,,,
70be3d072a09ab64f4ae90cdf7eba964a9469d4e078ec6fb4c4ab4b34b060538,5,RJsKbfQ24M6Lk67cDxBAVJo181TQPD151f,3.96045000,pubkeyhash,,,
70be3d072a09ab64f4ae90cdf7eba964a9469d4e078ec6fb4c4ab4b34b060538,6,RRtbbrgReKUG8yC2wNrNHFdh79bsLQGKu9,2.52347000,pubkeyhash,,,
70be3d072a09ab64f4ae90cdf7eba964a9469d4e078ec6fb4c4ab4b34b060538,7,RRJ31nVCPLRDUtaNV3tBAyXmaZdr64sTQp,112.36451000,pubkeyhash,,,
70be3d072a09ab64f4ae90cdf7eba964a9469d4e078ec6fb4c4ab4b34b060538,8,RA5E2TTrCZWR6HUjXQBPxTcyy8BLtb9qXr,2.97910000,pubkeyhash,,,
70be3d072a09ab64f4ae90cdf7eba964a9469d4e078ec6fb4c4ab4b34b060538,9,RXmBDTiVk7dGVvYs39Q9MdtY7F91pB9F3V,6.34372000,pubkeyhash,,,
70be3d072a09ab64f4ae90cdf7eba964a9469d4e078ec6fb4c4ab4b34b060538,10,RDvf4VnGJB2o1kJhfvZWEKuzoJBRi1VbyZ,85.24073022,pubkeyhash,,,
70be3d072a09ab64f4ae90cdf7eba964a9469d4e078ec6fb4c4ab4b34b060538,11,RTcKV77xAWyYReddg5BMxaaLXYu3zB5w3q,10.51446000,pubkeyhash,,,
70be3d072a09ab64f4ae90cdf7eba964a9469d4e078ec6fb4c4ab4b34b060538,12,RKdG6oAvG47jogDVVAB7tZLLB9PiTcymyt,1.08649000,pubkeyhash,,,
70be3d072a09ab64f4ae90cdf7eba964a9469d4e078ec6fb4c4ab4b34b060538,13,REey3nTPBvAouACe4bCAfV3AFYaUszufZy,4.76655000,pubkeyhash,,,
70be3d072a09ab64f4ae90cdf7eba964a9469d4e078ec6fb4c4ab4b34b060538,14,RGJh3Ts1ZcFhEujRtJRivxhNA28qY8ZV6N,14.75529000,pubkeyhash,,,
70be3d072a09ab64f4ae90cdf7eba964a9469d4e078ec6fb4c4ab4b34b060538,15,RQnBdumHGmkoQgi8qsXy3QYte61oDYdCzD,1.26173000,pubkeyhash,,,
70be3d072a09ab64f4ae90cdf7eba964a9469d4e078ec6fb4c4ab4b34b060538,16,RRzgEfBnJSCTe8UmQpum4p94GTohKh5bDE,12.68745000,pubkeyhash,,,
70be3d072a09ab64f4ae90cdf7eba964a9469d4e078ec6fb4c4ab4b34b060538,17,RPDC8yb7kMEfZTkMU5WW1ykHtQcuJAr6s2,4.41607000,pubkeyhash,,,
70be3d072a09ab64f4ae90cdf7eba964a9469d4e078ec6fb4c4ab4b34b060538,18,RLHf2Meu3FeJ6zP1zS8Tc1Q1cpi5tPUdCp,0.31543000,pubkeyhash,,,
70be3d072a09ab64f4ae90cdf7eba964a9469d4e078ec6fb4c4ab4b34b060538,19,RD3sa4RUGSTMtmbpm8KdpdBh4syP2nKzG5,0.03505000,pubkeyhash,,,
70fa81d2d9a414572e7f23b697fb54b02ed9f047937c3e7fb6082fd676b6f8d8,0,,0.00000000,nulldata,,,
70fa81d2d9a414572e7f23b697fb54b02ed9f047937c3e7fb6082fd676b6f8d8,1,RSyVLgutWT1R6dvRuM5mKb4iZsaqG2Xgak,989.92863000,pubkeyhash,,,
71081899f46e81476ec94be388df3acc39bd55df1a7b116a208c4c62279d1acf,0,RX1r2eyM1UW7y2xHcrTejDfyCUk1yBmz4i,306.38395318,pubkeyhash,,,
71081899f46e81476ec94be388df3acc39bd55df1a7b116a208c4c62279d1acf,1,RVboKqme6ntokXsfrqtCCVHLoxECoyXS1z,34.03233580,pubkeyhash,,,
7124f100cd673f92115a51e61dc3668cc9e15abefbf41c33b210499c97c7d7e7,0,,0.00000000,nulldata,,,
7124f100cd673f92115a51e61dc3668cc9e15abefbf41c33b210499c97c7d7e7,1,RMwKhgRdsVbDqNkP9CVu4sd5LK4ph2U5yN,995.30092000,pubkeyhash,,,
712e0151578d735cb76adc4cea974fe29315b981f2657b2f55edaa63828d44a3,0,,0.00000000,nulldata,,,
712e0151578d735cb76adc4cea974fe29315b981f2657b2f55edaa63828d44a3,1,RLZELQjxdmFQ3LpkjFbtqRWopajcy3GG2W,989.31623000,pubkeyhash,,,
7130fc5278a315688a4e5806137c3fe571245dd439479fa6f227f9bab82dd801,0,,0.00000000,nulldata,,,
7130fc5278a315688a4e5806137c3fe571245dd439479fa6f227f9bab82dd801,1,RUcPncCX6PoPgmUmThmFCNyU8T741hZbzb,991.49079000,pubkeyhash,,,
713ba3af07e16e62e8be6275ba8285dc4f16b265806ca7abf8ad7633dc53eb0b,0,RMKd7jAm9y682pLc6QiHSUFTxZReSRKZfe,0.76388714,pubkeyhash,,,
7143745c6c2f4afc7bb1e3942b6f9eb50a30942d933ee31689341e01dffa6e6b,0,,0.00000000,nulldata,,,
7143745c6c2f4afc7bb1e3942b6f9eb50a30942d933ee31689341e01dffa6e6b,1,RFQqEG76zM9d5cErtKYumpQX1t9xzJ2z2Z,990.58827000,pubkeyhash,,,
7152c43151dfb772f8ea4ff870880e0ec71aa8cf81b5d9eba3bddba03f4b57a2,0,,0.00000000,nulldata,,,
7152c43151dfb772f8ea4ff870880e0ec71aa8cf81b5d9eba3bddba03f4b57a2,1,RKGFtSrRZj4jB9aUdH9yrXSLzt654wjKuo,991.69779000,pubkeyhash,,,
716ceb0a05b037e08be3eb23fcc759932cef1c14b1a0588ea0172e0c58b95c1f,0,,0.00000000,nulldata,,,
716ceb0a05b037e08be3eb23fcc759932cef1c14b1a0588ea0172e0c58b95c1f,1,RWKhKvH94kkShpxqnpKn5aJxrkrTYEsGFG,990.24879000,pubkeyhash,,,
71b394c406017c0fd4aeb9f3f1c40bf66623151439b886d116491de893376646,0,,0.00000000,nulldata,,,
71b394c406017c0fd4aeb9f3f1c40bf66623151439b886d116491de893376646,1,RR8KLfRygQbcZR8fQ6Pzox33mCuEksgrt7,991.01055000,pubkeyhash,,,
71b7d620321b35588aa299a74421a2ce964755628d99de23fedced3deee53b06,0,,0.00000000,nulldata,,,
71b7d620321b35588aa299a74421a2ce964755628d99de23fedced3deee53b06,1,R9j2cSitDonEVg9npfoxjrYvEWNxuoMmUG,993.72900000,pubkeyhash,,,
71c144dc280dbaee0627438db5d7ff4c91f3adb04c367fd41edb81410bea521f,0,,0.00000000,nulldata,,,
71c144dc280dbaee0627438db5d7ff4c91f3adb04c367fd41edb81410bea521f,1,RFW4fttJ5ghS75i3zWhus7x8XxHfBZHSEG,993.82836000,pubkeyhash,,,
71df81904663401faa4d7c0c9e85823b780e9417e3b5e28f1956e1158d994a3f,0,,0.00000000,nulldata,,,
71df81904663401faa4d7c0c9e85823b780e9417e3b5e28f1956e1158d994a3f,1,RENGzXDkzLNpKHB8y4XTzJ4bykHTjftxu6,989.30519000,pubkeyhash,,,
71e20cb4fed583fd5e815779c84424ac2f621b6befb1ddb31d3c2c4b701058be,0,,0.00000000,nulldata,,,
71e20cb4fed583fd5e815779c84424ac2f621b6befb1ddb31d3c2c4b701058be,1,RSEMC1TJCNmuDNdwo2oVFmEeWDKY9K8D5H,991.76127000,pubkeyhash,,,
71e49f2b7ed18603253b1f96efb5118a3d74ae284b118f6f44380212dcb4cd41,0,,0.00000000,nulldata,,,
71e49f2b7ed18603253b1f96efb5118a3d74ae284b118f6f44380212dcb4cd41,1,RPZVmXaEtB1Aj5vRLg34EELDKAWPaHvCUd,992.68863000,pubkeyhash,,,
720bde912e37e9d9f726087038f46c37bbee58159ad71c586a631e66c564d2a2,0,,0.00000000,nulldata,,,
720bde912e37e9d9f726087038f46c37bbee58159ad71c586a631e66c564d2a2,1,RKbdbswwEThghF5r6iTCvFBWuePnQzBbjS,994.07676000,pubkeyhash,,,
721b5140ebd5ab2f7fe17c225f025b9f5f9e657054cf38c0ad7834a1a3bbbc19,0,,0.00000000,nulldata,,,
721b5140ebd5ab2f7fe17c225f025b9f5f9e657054cf38c0ad7834a1a3bbbc19,1,RBipJvWXYwE54VVPjyHchWpoySNhUM88pL,994.74128000,pubkeyhash,,,
7222ee66268cc1cbc968f588f8caf0297405246e41a959391a24467ec972e44a,0,,0.00000000,nulldata,,,
7222ee66268cc1cbc968f588f8caf0297405246e41a959391a24467ec972e44a,1,RYUGEx7eRExZML7FMV71eXn3TvA4TtQ4cE,991.19271000,pubkeyhash,,,
722ba5f7f6b29bc6cdd7529e09f2861e1dc33969f765dbf80e56122078d0d5f2,0,,0.00000000,nulldata,,,
722ba5f7f6b29bc6cdd7529e09f2861e1dc33969f765dbf80e56122078d0d5f2,1,RXtHvr4zeJRvFw2ZNTr7jzUtGNzhwZ6bP1,993.16887000,pubkeyhash,,,
7237e293718eafda600efad678f291c1ac528d313980c8bd70eccf1eda574cbe,0,,0.00000000,nulldata,,,
7237e293718eafda600efad678f291c1ac528d313980c8bd70eccf1eda574cbe,1,RWWVCLoqBFx4SBmw3G4GT34kqEjeJz4Z5r,989.44319000,pubkeyhash,,,
724d1bf188cefe0455073119afca51bc343bcefc45f0bbf5ca3587b52ee86ffe,0,,0.00000000,nulldata,,,
724d1bf188cefe0455073119afca51bc343bcefc45f0bbf5ca3587b52ee86ffe,1,RCVxoGtJ3hihjLT3WChjod7v1cYwncteey,989.05127000,pubkeyhash,,,
7272eb4b1e05f8307afd6725d449c2a8a12fd89184319d16222a4e47cc98a7ba,0,,0.00000000,nulldata,,,
7272eb4b1e05f8307afd6725d449c2a8a12fd89184319d16222a4e47cc98a7ba,1,RVL4gbuazJUkpDRJ1wZgjEyyk7aB4pWKjc,995.15740000,pubkeyhash,,,
727e1865ba82b698f57d726fb787c39ecf72bf3bd7132db4e15dae3344c83b57,0,,0.00000000,nulldata,,,
727e1865ba82b698f57d726fb787c39ecf72bf3bd7132db4e15dae3344c83b57,1,RPSSarepCkgb48JfgfzZaZcJcajxBByocU,989.00159000,pubkeyhash,,,
72c1e5078be712c081e8b91e005a53d7c813c73fb576bd4df898045f08bce909,0,,0.00000000,nulldata,,,
72c1e5078be712c081e8b91e005a53d7c813c73fb576bd4df898045f08bce909,1,RNpDqLi3VYLqvM1F9GgNAqKcsKz9xACZzA,993.13851000,pubkeyhash,,,
7314fc845a539eee4bb19d9e686bbaf795180c98ea25d1464dee1550bf624c94,0,RRT3v8uKazr662SdurzZdt5oe7MzvLDqsi,144182.24516272,pubkeyhash,,,
7314fc845a539eee4bb19d9e686bbaf795180c98ea25d1464dee1550bf624c94,1,RQbaRfBHeJgQrZRxcPaeN9wrdpZSoAjiw5,855817.58221984,pubkeyhash,,,
731b72688259f5befbb3db737cf15f8e8424294b38f26e9af2fa18bb83d9e2b3,0,,0.00000000,nulldata,,,
731b72688259f5befbb3db737cf15f8e8424294b38f26e9af2fa18bb83d9e2b3,1,RJnAow8QMT4ogyBmGWX6Zh9s2r1zPJDDYX,994.99244000,pubkeyhash,,,
731dbf0f722beb7b996d4bf559daf8d18ab746566731177d45dae4de517539ef,0,,0.00000000,nulldata,,,
731dbf0f722beb7b996d4bf559daf8d18ab746566731177d45dae4de517539ef,1,RPSpV4xiRubw95H4ypwrcwCbP2MVyL8xq9,993.86976000,pubkeyhash,,,
731e4fd71771863f07d079cb812d48e453825fe9bd9d7e63460b9d988080f1e2,0,,0.00000000,nulldata,,,
731e4fd71771863f07d079cb812d48e453825fe9bd9d7e63460b9d988080f1e2,1,RXapjPVPZ8qpWTm66fSsdaWykuxTUBp4b3,993.35379000,pubkeyhash,,,
731f7a530d033c2b10c5d1ddcff480548b04ada7d6af21a5900ac7c0079a35ce,0,,0.00000000,nulldata,,,
731f7a530d033c2b10c5d1ddcff480548b04ada7d6af21a5900ac7c0079a35ce,1,RKQytNTb1NnYTcxQqJEj6SN6itsxtPq5g6,990.19083000,pubkeyhash,,,
7359333b250d2ce06447d71a75fc7a0994e246998461977d37e72d51b35d7ae9,0,,0.00000000,nulldata,,,
7359333b250d2ce06447d71a75fc7a0994e246998461977d37e72d51b35d7ae9,1,RGCZS1AedPZThyTvJo3eSiYWkUUziASgV3,990.81735000,pubkeyhash,,,
737d3023f733a595a5887b6522f0ce418b5b507a93ab8272976352522544da58,0,,0.00000000,nulldata,,,
737d3023f733a595a5887b6522f0ce418b5b507a93ab8272976352522544da58,1,RXu9rZFwDg19v27fjEKTFqqXQqrM8RM57d,991.31691000,pubkeyhash,,,
73893e0d7f99c24d5dcb90b4e41ea8b4709c74fdd9725066a599dfa9006a9475,0,,0.00000000,nulldata,,,
73893e0d7f99c24d5dcb90b4e41ea8b4709c74fdd9725066a599dfa9006a9475,1,RXe8gXaEyY3Zg9kVcp6oWmfDFVsCCWdw1M,990.77319000,pubkeyhash,,,
73e4579df284bd74e2b56a465e318f4a2c20d215ce5f5892dc10aa91ee5ebbc2,0,,0.00000000,nulldata,,,
73e4579df284bd74e2b56a465e318f4a2c20d215ce5f5892dc10aa91ee5ebbc2,1,RK33RUysKRGyVFqSw45DF8y7D2GKtVxsmN,992.90115000,pubkeyhash,,,
73ea1531b8451e255fd9f79029cd677901fa58e349642da3b4c4cac1e0404dd8,0,,0.00000000,nulldata,,,
73ea1531b8451e255fd9f79029cd677901fa58e349642da3b4c4cac1e0404dd8,1,RPtjvHHwCWvZ82735ykcPnLUNmxZqb9zR2,994.14576000,pubkeyhash,,,
740a535b04be3774c570263f3a7b2c803af9b1fabc401f711614e2137a966de3,0,,0.00000000,nulldata,,,
740a535b04be3774c570263f3a7b2c803af9b1fabc401f711614e2137a966de3,1,RMSfWCpzgNxwiwMebFJmgT2HDJUKzDZZZm,992.94255000,pubkeyhash,,,
742041224fc95d9b4633be5b60ac885ce52f4d8d6db391d15d6b7a4fce22f3e1,0,,0.00000000,nulldata,,,
742041224fc95d9b4633be5b60ac885ce52f4d8d6db391d15d6b7a4fce22f3e1,1,RAdvzk3215kH5ECMeP1q4QTEn38djzP2Pu,991.04919000,pubkeyhash,,,
742a8f33fe2f8b4d91b35ed2ef9fcf52a01a725ea926db0726456b31d2c1189d,0,,0.00000000,nulldata,,,
742a8f33fe2f8b4d91b35ed2ef9fcf52a01a725ea926db0726456b31d2c1189d,1,RW8AYP7fazLbP39Un1zGP5XzApS3bsETSZ,990.20739000,pubkeyhash,,,
74320a5a91efcc043f30a32d094701814fe09fceb84a3cda1120727a0fcb28f4,0,,0.00000000,nulldata,,,
74320a5a91efcc043f30a32d094701814fe09fceb84a3cda1120727a0fcb28f4,1,RVMhnB43kt5DnseiBoW6BWSdx91zQfsAoy,995.11632000,pubkeyhash,,,
7436756e74fc8567cdb3e601ed2d1ae3f56d820e77298f05bb6a6f155925094f,0,,0.00000000,nulldata,,,
7436756e74fc8567cdb3e601ed2d1ae3f56d820e77298f05bb6a6f155925094f,1,RLJeEZqcWxG7nDtH8CGAaNa5hQHz7td4Mo,993.30411000,pubkeyhash,,,
747182bfe04cb7b4d5e0f20483db83257bc92295e7f9b315277f042901e300e7,0,,0.00000000,nulldata,,,
747182bfe04cb7b4d5e0f20483db83257bc92295e7f9b315277f042901e300e7,1,RWqcJoEDQBwy68hE9BHa6pdh6hE52T1Jae,993.57996000,pubkeyhash,,,
74a76d94a63d0d213b2e06a8c16f3e454d6fbaf1bc35d49a6320ad7851f2cb97,0,,0.00000000,nulldata,,,
74a76d94a63d0d213b2e06a8c16f3e454d6fbaf1bc35d49a6320ad7851f2cb97,1,RThZ53eRXCvkQPLkwso4Xc34JodqRkUzPa,994.42420000,pubkeyhash,,,
74b55ab8e55be9cbbb5815105939cb8adfcc6f7c424bf9a97d002532e4b2a8fd,0,,0.00000000,nulldata,,,
74b55ab8e55be9cbbb5815105939cb8adfcc6f7c424bf9a97d002532e4b2a8fd,1,RTtcRpsna88oQdqT43WN4ZjBMBvhSa6Q4h,994.56188000,pubkeyhash,,,
74ebab674f668c7a9b25ab027c69357b22c679b671e07efdf3456978d87a002f,0,,0.00000000,nulldata,,,
74ebab674f668c7a9b25ab027c69357b22c679b671e07efdf3456978d87a002f,1,RM6Am91BFMqgp3xivnVYGpq7A6u1FDhWjq,989.13959000,pubkeyhash,,,
75139ac80fb91ff775af7586ca6ec753956afb83612ac86304410e4a65fd8607,0,,0.00000000,nulldata,,,
75139ac80fb91ff775af7586ca6ec753956afb83612ac86304410e4a65fd8607,1,RXEDn6aggVP5hJ6o2HdtPsbSveMkre5j5S,991.02987000,pubkeyhash,,,
75181fcba77f058f656cf8c0a2fa8520cf2ba9a5202142f5ba2a298d16602d59,0,,0.00000000,nulldata,,,
75181fcba77f058f656cf8c0a2fa8520cf2ba9a5202142f5ba2a298d16602d59,1,RR77UheeK7r6ddaKuVaV62232EYUfsZ2fU,991.04643000,pubkeyhash,,,
753dfcf3cd09b166a61bebc641ddfe622ab8912ff8e00ae40991d53ce4d27d0b,0,,0.00000000,nulldata,,,
753dfcf3cd09b166a61bebc641ddfe622ab8912ff8e00ae40991d53ce4d27d0b,1,RFX1aDaEXtkzjTocnz431Dza3oCCAorv8g,992.78799000,pubkeyhash,,,
753e115015529bb97f173b2d6bdcc6a14619c4b9ac3de67fc5c01342218df508,0,,0.00000000,nulldata,,,
753e115015529bb97f173b2d6bdcc6a14619c4b9ac3de67fc5c01342218df508,1,RSNCCvh2Dgac36aZwFbeFS16wBotW4YeWj,991.32795000,pubkeyhash,,,
754ed06a1d99e3b77720d96585bed91f91e6e531164438d962dbfb9e27d96aee,0,,0.00000000,nulldata,,,
754ed06a1d99e3b77720d96585bed91f91e6e531164438d962dbfb9e27d96aee,1,RF8v82PWfUDMAN1a6494NbhRRVQS9uQExJ,993.43092000,pubkeyhash,,,
7564a52823d4f47baaa6d583523e17dd62f842fb5c67eb96b62886b4d2eb09dc,0,,0.00000000,nulldata,,,
7564a52823d4f47baaa6d583523e17dd62f842fb5c67eb96b62886b4d2eb09dc,1,RHALRztL1omuP1wqqat9vbKXDjuYgCUwyL,991.93791000,pubkeyhash,,,
758eaa7547922747b774cab981a739a91b08049c084415dffde580fe4f84f6b5,0,,0.00000000,nulldata,,,
758eaa7547922747b774cab981a739a91b08049c084415dffde580fe4f84f6b5,1,RTdpaAw9Nk4LC9dnYrXvqGKXZGN7RBA6vp,993.53580000,pubkeyhash,,,
758fe9836685b786302c2341023a2a615dbbf94ebaf988fd28a01e8ad9ad18e0,0,,0.00000000,nulldata,,,
758fe9836685b786302c2341023a2a615dbbf94ebaf988fd28a01e8ad9ad18e0,1,RBPjMRD6PRFzD4KnLbRDWaDYmp2UBU289p,989.13683000,pubkeyhash,,,
75921660d2bb463a8c84444c4b459709df6d44b9ca570df809282c95375171f7,0,,0.00000000,nulldata,,,
75921660d2bb463a8c84444c4b459709df6d44b9ca570df809282c95375171f7,1,RTPHYxuFsRoGK6axRMuqh27fRKzEdcgByo,989.95071000,pubkeyhash,,,
759aa1d8e2fed05cfcfd535df1570f8672dd41340b2e38a8e22ea1101c34cc19,0,RX1r2eyM1UW7y2xHcrTejDfyCUk1yBmz4i,306.29284340,pubkeyhash,,,
759aa1d8e2fed05cfcfd535df1570f8672dd41340b2e38a8e22ea1101c34cc19,1,RBhGNAmuVaMXAJ2VTn3d6wLYs1okwM2E67,34.01972812,pubkeyhash,,,
759ca1fa60381dc645f0d14ad3f5692e50f704551c608f139e614e24cf5e929c,0,,0.00000000,nulldata,,,
759ca1fa60381dc645f0d14ad3f5692e50f704551c608f139e614e24cf5e929c,1,RSM2L2LVuraWjFAzWXvKQikeptSpR3g6B7,991.64811000,pubkeyhash,,,
75ba6b75f4e639ce0b5610331efd4614d6f66cd3d8177cc8971724abc62c38cc,0,,0.00000000,nulldata,,,
75ba6b75f4e639ce0b5610331efd4614d6f66cd3d8177cc8971724abc62c38cc,1,RAffzQL31CFebmTZTszXnZ4nfgUUNhg7Ks,993.53028000,pubkeyhash,,,
75cb97e841cc8de728545bd55145fb51148443ef01f61b1229763c044773fda0,0,,0.00000000,nulldata,,,
75cb97e841cc8de728545bd55145fb51148443ef01f61b1229763c044773fda0,1,RGFgPGkPbbf8siLjVFoLLQmhnrGEMHUKb5,990.32883000,pubkeyhash,,,
75eb75fc3efe5d3db9ad1d5e4105e08e9698686d1ae44c70bfa0ba617f8e3329,0,,0.00000000,nulldata,,,
75eb75fc3efe5d3db9ad1d5e4105e08e9698686d1ae44c70bfa0ba617f8e3329,1,RLTdZMZYvnYB9ewhVgvnZiLF2GhFeu1Gi9,990.80079000,pubkeyhash,,,
75f068f0ba124f1f9c1b89901f0230ddd622da20e8d2d3f0f2e94c340ec442ed,0,,0.00000000,nulldata,,,
75f068f0ba124f1f9c1b89901f0230ddd622da20e8d2d3f0f2e94c340ec442ed,1,RUGJC38KTM4SbKT6XouwTPR4CQiMmvgK8P,990.59379000,pubkeyhash,,,
760247093cc8060eef67cb0270d2f72355e68286ccbca2eaf4d87bdc9c2a0359,0,,0.00000000,nulldata,,,
760247093cc8060eef67cb0270d2f72355e68286ccbca2eaf4d87bdc9c2a0359,1,RAdQ6Jy9AToHZ35AmoDhSb5ueEkpmogjts,992.84043000,pubkeyhash,,,
7605f6f2adbecda24431da9456e4e3414e4278d8c3e4bb35ccaa9d26a29db1ed,0,,0.00000000,nulldata,,,
7605f6f2adbecda24431da9456e4e3414e4278d8c3e4bb35ccaa9d26a29db1ed,1,RVrqXGEsX4beQrirjECBRmAdGBuMqX4YDQ,990.44199000,pubkeyhash,,,
764e683d4d9b7e9c0be35f086b75cc8fb48043e7993553c5f49ad12c8736e16e,0,,0.00000000,nulldata,,,
764e683d4d9b7e9c0be35f086b75cc8fb48043e7993553c5f49ad12c8736e16e,1,RQjGuMjv6eYygQnG78zxr4s28KMLw5CftR,993.49164000,pubkeyhash,,,
7650b1b3473705207043bcbe540e68c676f2db7284e1d0c38a46e33b4cf92ed7,0,,0.00000000,nulldata,,,
7650b1b3473705207043bcbe540e68c676f2db7284e1d0c38a46e33b4cf92ed7,1,RGb1piLz3ijXkEiiacc6pRFpHnyeDPtfLr,989.68023000,pubkeyhash,,,
765126add00cd00115e71774127dc14cae33010b685412f34b465ad266de1b5a,0,,0.00000000,nulldata,,,
765126add00cd00115e71774127dc14cae33010b685412f34b465ad266de1b5a,1,RMK2qu8EpJxWcLiCb6sxfmofEY5MV5mNxn,991.53495000,pubkeyhash,,,
765dba1fdb236504d37d098ed07499cc539de9b4b608c524403f1773c9312849,0,,0.00000000,nulldata,,,
765dba1fdb236504d37d098ed07499cc539de9b4b608c524403f1773c9312849,1,RVn87y8H6Hnx8ERKvxBzLpWTSUMkSPu613,995.26504000,pubkeyhash,,,
765df0c0ac607eb4d4c9c863d2e389ef114e8539b72e47f4ca4ee9dbb2c5117d,0,,0.00000000,nulldata,,,
765df0c0ac607eb4d4c9c863d2e389ef114e8539b72e47f4ca4ee9dbb2c5117d,1,RTWmgq7dUHPm4Mx9vpDBhHZZoizJi2YGKn,993.62688000,pubkeyhash,,,
76917dfee0ee19c6932e2e043bf371828e8b9d43550bc3f9fdae7dc2f220525e,0,,0.00000000,nulldata,,,
76917dfee0ee19c6932e2e043bf371828e8b9d43550bc3f9fdae7dc2f220525e,1,RMRFJnSLpaGg2e7h2fzAYZoDnmKNa7ECce,993.37587000,pubkeyhash,,,
76b7d31a98e90ef67e53f61eb82cfd5c9405c9b09de105b8870fd017bc305288,0,,0.00000000,nulldata,,,
76b7d31a98e90ef67e53f61eb82cfd5c9405c9b09de105b8870fd017bc305288,1,RBEi3od1NaZYNK1T5rw3NHyF2fZbyouBxk,995.24020000,pubkeyhash,,,
76c05b53b22a631ff328c73b7104c6a86e02282cf5a2d095cbfee9b8986e0004,0,,0.00000000,nulldata,,,
76c05b53b22a631ff328c73b7104c6a86e02282cf5a2d095cbfee9b8986e0004,1,RYE6WAYumMmLwpf9Doq8K9JMdB6jZLmuWe,991.09887000,pubkeyhash,,,
76c09b0f93c3ef9601b7c7949818e5dae7d2d648ab4fd78e2bbad74af53eea26,0,,0.00000000,nulldata,,,
76c09b0f93c3ef9601b7c7949818e5dae7d2d648ab4fd78e2bbad74af53eea26,1,R9KKrSJnXexCBGpA72x2vFXfT5ni2ki1A4,993.83664000,pubkeyhash,,,
76d35f00180efa807bcd1c2aca6e0b7e6948759ee19446ea0a951d72f62968e2,0,,0.00000000,nulldata,,,
76d35f00180efa807bcd1c2aca6e0b7e6948759ee19446ea0a951d72f62968e2,1,RHgAtFwoeJMZXyNCg6Gy4dzNkoKgjxQHmT,993.89184000,pubkeyhash,,,
76e783c3f55880410b884f20beb403f121ca5ed1b1e8c6ceadf8661b33d5430c,0,RX1r2eyM1UW7y2xHcrTejDfyCUk1yBmz4i,306.11234379,pubkeyhash,,,
76e783c3f55880410b884f20beb403f121ca5ed1b1e8c6ceadf8661b33d5430c,1,REc5Y9t2ibhJRjKZ9j7rAJh4VmhUkYjx5m,34.00225937,pubkeyhash,,,
7706a0f102288d6732256b064b001454e00fd12907813f25c94aa876eb74948e,0,,0.00000000,nulldata,,,
7706a0f102288d6732256b064b001454e00fd12907813f25c94aa876eb74948e,1,RKFj63iNkz1ZsTRRh5p8EtGGyxojw4zHip,993.26823000,pubkeyhash,,,
775d6ade58a025d86552d918849f66aa3bdabf1c84df002cf94de7de0cb39742,0,,0.00000000,nulldata,,,
775d6ade58a025d86552d918849f66aa3bdabf1c84df002cf94de7de0cb39742,1,RQH8BbhwhWuZNsfgNZhuMwmp1wri1d2ojy,991.37211000,pubkeyhash,,,
77631d02d5ea78406dcee9ea16c50e5f74822f893c952e5a382ada097b8c51bb,0,,0.00000000,nulldata,,,
77631d02d5ea78406dcee9ea16c50e5f74822f893c952e5a382ada097b8c51bb,1,RVmNW2bRySjcP5WRaFtf625A1fCXLV9vJw,993.56616000,pubkeyhash,,,
776aacb3419d9145ba4c883f43440b8074737085dad817eaf1d7ca556adcdc28,0,,0.00000000,nulldata,,,
776aacb3419d9145ba4c883f43440b8074737085dad817eaf1d7ca556adcdc28,1,RTrsAeakkJFxr4QSJtwYW81oFx1iZZbGJ2,994.01328000,pubkeyhash,,,
77997d8de9a26de4b87f41f0fa047103edfc40f4598407805af55a82e993980f,0,RBEW2onAA6QXxZcFS3RtNvu1cX5DriPy3f,128.74200383,pubkeyhash,,,
77997d8de9a26de4b87f41f0fa047103edfc40f4598407805af55a82e993980f,1,RM3TgpnxWUHCAbktvCTD9DSqdc92FA4zLi,2523.46429722,pubkeyhash,,,
77b45eee4e6b94052796cce9162215ef7eb0bd210e13494e3c0232feeba46a51,0,,0.00000000,nulldata,,,
77b45eee4e6b94052796cce9162215ef7eb0bd210e13494e3c0232feeba46a51,1,RN3WCY5EKNb46T2Y27ky2k6V9tBMU5Jnev,989.75199000,pubkeyhash,,,
77fc16e841808bbf6d8a57f8bcd628db4ffeaeed733557d219b8b2e90af3ad8a,0,,0.00000000,nulldata,,,
77fc16e841808bbf6d8a57f8bcd628db4ffeaeed733557d219b8b2e90af3ad8a,1,RCxgmXw5zrg4TiSPjg6iXtS2vU5AhzT9fJ,992.80179000,pubkeyhash,,,
7803f30d5b92f9127556e003442ae2881863e60da8de53fc0066da60f9ced021,0,,0.00000000,nulldata,,,
7803f30d5b92f9127556e003442ae2881863e60da8de53fc0066da60f9ced021,1,RSNdBozDH77Cj8ECeFGXuZq1nAf1VwLzj5,993.56064000,pubkeyhash,,,
7849e9aca8c659a7aec63eded5f5650a56493d04be9c47af2acc18df7f6e6314,0,RX1r2eyM1UW7y2xHcrTejDfyCUk1yBmz4i,306.01752430,pubkeyhash,,,
7849e9aca8c659a7aec63eded5f5650a56493d04be9c47af2acc18df7f6e6314,1,RKXggbsmo7Dmho9kAyoaM4C6SEwvsC5Abu,33.99170074,pubkeyhash,,,
785704c5dbdd503b9c090dace6d985f8603210995d7a8b276e4ea1587465df25,0,,0.00000000,nulldata,,,
785704c5dbdd503b9c090dace6d985f8603210995d7a8b276e4ea1587465df25,1,RLzCNt5ocxQnZMdsHaju98NPNFCcPyZwj1,993.85320000,pubkeyhash,,,
7858c2128abc67e64285026874bd03eba9fb87888e3bd1220221e23a73282199,0,,0.00000000,nulldata,,,
7858c2128abc67e64285026874bd03eba9fb87888e3bd1220221e23a73282199,1,RY3u19XoPCefnkAcyoXnTybcemDBGoSbSt,993.39243000,pubkeyhash,,,
78a1c4bb8c5bc81adeb65af2835d6890d259f6d070b10db88341d2f6f7d0b296,0,,0.00000000,nulldata,,,
78a1c4bb8c5bc81adeb65af2835d6890d259f6d070b10db88341d2f6f7d0b296,1,RTKGCvJbAg6mn3ZK1wbAADXx4JNDJSwk8n,990.60483000,pubkeyhash,,,
78deb80ca9a402a7d9973112be8118f6229886c7650c7c36d190888c6a2c59e6,0,,0.00000000,nulldata,,,
78deb80ca9a402a7d9973112be8118f6229886c7650c7c36d190888c6a2c59e6,1,RL1AbHfw3Yrt1tyEsyoUuxmWhevEQUJ5Sw,989.54531000,pubkeyhash,,,
78e08c5b91f58b17e5bd606b59995fab1f7d37e3c2ec50bafb968cb7b2fbd02f,0,,0.00000000,nulldata,,,
78e08c5b91f58b17e5bd606b59995fab1f7d37e3c2ec50bafb968cb7b2fbd02f,1,RHsWL8U2gZoHu1xv29zGrfwndQivajdUQn,993.93324000,pubkeyhash,,,
78e976f85722e7f57b4e54884c009fbe6ba3ea0799bd8b5621d1abe0fcaf747f,0,,0.00000000,nulldata,,,
78e976f85722e7f57b4e54884c009fbe6ba3ea0799bd8b5621d1abe0fcaf747f,1,RJQirGbzKqmpRTzShe9jBUL46rsVWngxV6,991.41903000,pubkeyhash,,,
790422435663ae62685b11dcee3764c6472af07134c7a9d2103e37d8858fa7dd,0,,0.00000000,nulldata,,,
790422435663ae62685b11dcee3764c6472af07134c7a9d2103e37d8858fa7dd,1,RPwDRZXBBP4AzZy9p2QpZnQb1eDqoGG8ow,993.89736000,pubkeyhash,,,
7937c99f4bb362a7983aac0d7eac5132e115048e949639417197ff2d5b26e693,0,,0.00000000,nulldata,,,
7937c99f4bb362a7983aac0d7eac5132e115048e949639417197ff2d5b26e693,1,RBGLHuWWW9RVYwP5PerHtShRSp2nsGabx8,994.92068000,pubkeyhash,,,
7939e2d6fc4b4c0282632503bf1a858d77ca7caecc8c2158424caa6c57ba214b,0,RJxJei727WEzzrpewrhkRDNdPyREjRVWdb,34.02743630,pubkeyhash,,,
7939e2d6fc4b4c0282632503bf1a858d77ca7caecc8c2158424caa6c57ba214b,1,RX1r2eyM1UW7y2xHcrTejDfyCUk1yBmz4i,306.33985111,pubkeyhash,,,
794d6d3be8bb77d5ac7d059d28b7e38892ab02250525b26936b502b407c66c21,0,,0.00000000,nulldata,,,
794d6d3be8bb77d5ac7d059d28b7e38892ab02250525b26936b502b407c66c21,1,RD58gqZQFbRDrZDF7ugZAb2j7i9AmF8ao2,991.09611000,pubkeyhash,,,
7963cadb30750a258bea3385b2ab8e05da56f96262f5e18ca311581310f01173,0,RRQYcWJni8aFJApt4aqv5rpWjbMHUnYD4K,34.04439923,pubkeyhash,,,
7963cadb30750a258bea3385b2ab8e05da56f96262f5e18ca311581310f01173,1,RX1r2eyM1UW7y2xHcrTejDfyCUk1yBmz4i,306.49254155,pubkeyhash,,,
79718f726a1ddc6193d6c047bb7e93ed787e34b109bf5225dd31e8c7bfab7bad,0,,0.00000000,nulldata,,,
79718f726a1ddc6193d6c047bb7e93ed787e34b109bf5225dd31e8c7bfab7bad,1,RKwj4SVmMXAHdo3e5FzuHSSW2heNPgzm7S,994.67228000,pubkeyhash,,,
7977de193d1e6f4df5e6bc6df137f1515c5f5f06f74391edb6e325029894505f,0,,0.00000000,nulldata,,,
7977de193d1e6f4df5e6bc6df137f1515c5f5f06f74391edb6e325029894505f,1,R9iQCbUWCEZcWhjjJqUkYzSvNfZiYwiHny,992.72175000,pubkeyhash,,,
798e4c36b013d565b41f7cfe92e963c8a500cc0746358f9c2e40c5ff40a55303,0,,0.00000000,nulldata,,,
798e4c36b013d565b41f7cfe92e963c8a500cc0746358f9c2e40c5ff40a55303,1,RX5csiV5dTm57zgit4TLEyJ57iKxXpgMYn,992.76591000,pubkeyhash,,,
79917a6136d181886118df1747f6a5c00f9242884a0636432e432514acde3aaf,0,,0.00000000,nulldata,,,
79917a6136d181886118df1747f6a5c00f9242884a0636432e432514acde3aaf,1,RVotBaLwL7n8BKuS8TFX4arx3HbM7R8yB8,994.97036000,pubkeyhash,,,
79924063a7450ae4aaa34f8e6098f17db0ecda3e8a87fd2c902bb3e9151ec246,0,,0.00000000,nulldata,,,
79924063a7450ae4aaa34f8e6098f17db0ecda3e8a87fd2c902bb3e9151ec246,1,RGTj1kixjWB9MYL2fqFfEe9AaftiPhYxS8,991.09059000,pubkeyhash,,,
79a266494268d1cace01eb82532feca27848ebeed38ed6e2deed7bc5f28f8228,0,,0.00000000,nulldata,,,
79a266494268d1cace01eb82532feca27848ebeed38ed6e2deed7bc5f28f8228,1,RW9FhqTgxgGfWWHMrA3uQ4pA5Foomfs1k9,992.16975000,pubkeyhash,,,
79a3743e762b56564eb088428897cd612bf17d008e6d771061796a46341efced,0,,0.00000000,nulldata,,,
79a3743e762b56564eb088428897cd612bf17d008e6d771061796a46341efced,1,RC7Sc56ESvKMLGxdwNcMcuuTz4xwRqsSK7,994.00224000,pubkeyhash,,,
79c19f10195cc48a5848537711bd25b9f42bba3f1a9850f4f70a696a8f7ddc43,0,,0.00000000,nulldata,,,
79c19f10195cc48a5848537711bd25b9f42bba3f1a9850f4f70a696a8f7ddc43,1,RRT2rYnHo2e6H9VC9f39TJTu2T43kn97cG,992.80731000,pubkeyhash,,,
79c6cad0927134c1162d8e8d37eb112b5ca41c68df8713252ec6c26b0f89cd95,0,,0.00000000,nulldata,,,
79c6cad0927134c1162d8e8d37eb112b5ca41c68df8713252ec6c26b0f89cd95,1,RGzHaGKEWtXz3YatCaKTnsRPPSVjxRk8dH,994.84064000,pubkeyhash,,,
79d9131943e53df084a9656e2fad1dcae1d3411f127a67dc59a4910af7fd53ab,0,,0.00000000,nulldata,,,
79d9131943e53df084a9656e2fad1dcae1d3411f127a67dc59a4910af7fd53ab,1,RXfQT1g9uQasKftbQK78Xa1i9aYVaW9F4w,990.83115000,pubkeyhash,,,
79e4ae5efce1dca0e7bf04995e1f6ad851388a4853131370f6f23b830de7c9fb,0,,0.00000000,nulldata,,,
79e4ae5efce1dca0e7bf04995e1f6ad851388a4853131370f6f23b830de7c9fb,1,RFhtvU1sjbtjef8NEKa8TV7fB73NrSztSW,990.11079000,pubkeyhash,,,
79f14a5305d8ed305e6f07f9ff6201703f56d6fb4d769f7bc347043781ca1e0e,0,,0.00000000,nulldata,,,
79f14a5305d8ed305e6f07f9ff6201703f56d6fb4d769f7bc347043781ca1e0e,1,RYKTVoHdWmvGw2eDhP6hNtjz6ZwK4z4Xws,991.84407000,pubkeyhash,,,
7a27075be0a6b18a9c2fab5bea3d8995abd77ad6952c4de7d8ca59bbe14d8777,0,,0.00000000,nulldata,,,
7a27075be0a6b18a9c2fab5bea3d8995abd77ad6952c4de7d8ca59bbe14d8777,1,REA1ugdiPL8H4U3aQB1CXai74fTJCE5mYC,991.35279000,pubkeyhash,,,
7a60815491567e3cab1bc4591ec5cd38b01ea940d9aa5d550b5d28daccd9975a,0,,0.00000000,nulldata,,,
7a60815491567e3cab1bc4591ec5cd38b01ea940d9aa5d550b5d28daccd9975a,1,RNuE3ETF1AdzEHpKCCoiKtaXEa5dxCMweC,994.07400000,pubkeyhash,,,
7a681b96932dd9c8197a6b4f9161cee08256c603ef8f1e97400d6dd16a217b79,0,,0.00000000,nulldata,,,
7a681b96932dd9c8197a6b4f9161cee08256c603ef8f1e97400d6dd16a217b79,1,RDuWBxbRpxtTZ7pJUaxX7GZZ7XA68jUHRs,991.79163000,pubkeyhash,,,
7a85eaea8a0de6e25d7ee466b4b250ead59bdf7d4c4dfa2149f23a2cd05d1b6c,0,,0.00000000,nulldata,,,
7a85eaea8a0de6e25d7ee466b4b250ead59bdf7d4c4dfa2149f23a2cd05d1b6c,1,RFyF7ZPKkAxAHBeYYKAmQbqqv37Y2VnCs5,990.70971000,pubkeyhash,,,
7ab4980ae19cdd8c2c48856310a6bf4f58df17b469f59490a0ae796a2f52f87b,0,,0.00000000,nulldata,,,
7ab4980ae19cdd8c2c48856310a6bf4f58df17b469f59490a0ae796a2f52f87b,1,R9cDyaZoXyC7PGWzEryorWXMXFSXS8E9iQ,993.05571000,pubkeyhash,,,
7ab662a2d3eb07a06e0b724efc937b811de7b6a7c04bf0cdab768e8451dd92c7,0,,0.00000000,nulldata,,,
7ab662a2d3eb07a06e0b724efc937b811de7b6a7c04bf0cdab768e8451dd92c7,1,RKGg7F6AYAXF8HfPBiQDDKvUN2nB1ETJzP,995.08596000,pubkeyhash,,,
7ae123e3b011e55b9225a6d9134b25e9c8ae394f815166ab6cef79feaaf9011e,0,,0.00000000,nulldata,,,
7ae123e3b011e55b9225a6d9134b25e9c8ae394f815166ab6cef79feaaf9011e,1,RTd9KE6b6uJP3SXrtDxjke6BkyMqdGGpV5,990.64347000,pubkeyhash,,,
7b33441e41ead8d1f344d723b404b4e7d4c27a5b5719850a0c5475b7c07b555a,0,R9Hxcm5u2F9gWYY8Fv3Ne6VqBtqHUEnnkx,34.03799034,pubkeyhash,,,
7b33441e41ead8d1f344d723b404b4e7d4c27a5b5719850a0c5475b7c07b555a,1,RX1r2eyM1UW7y2xHcrTejDfyCUk1yBmz4i,306.43484836,pubkeyhash,,,
7b38291f35fa9908d1dae7f878419875e79256e21b2c023cbbcca91f1b1f89bf,0,,0.00000000,nulldata,,,
7b38291f35fa9908d1dae7f878419875e79256e21b2c023cbbcca91f1b1f89bf,1,RKvVFCpqiGkieNHTsyY8Jx69FSuYuoeaMH,992.12283000,pubkeyhash,,,
7b3abfdc4fcad25b1454b3f751f9443fd7bb729cafc1048f1e7920214284fd83,0,,0.00000000,nulldata,,,
7b3abfdc4fcad25b1454b3f751f9443fd7bb729cafc1048f1e7920214284fd83,1,REt1F2j9d2hm8jP5qwecmLMqxi8W45MUyH,991.81647000,pubkeyhash,,,
7b3b2572e2ea918ef84d4bca44b34b4053361c182ee790a32ddf5d3af3bf3e5b,0,,0.00000000,nulldata,,,
7b3b2572e2ea918ef84d4bca44b34b4053361c182ee790a32ddf5d3af3bf3e5b,1,RB47rZqQtw828snfae7xq8yLHXzXE1c33g,989.72163000,pubkeyhash,,,
7b3db99c3f496c926d908cf1397ea7376c53ca71acaec62b34e46c3b4f7d97f9,0,,0.00000000,nulldata,,,
7b3db99c3f496c926d908cf1397ea7376c53ca71acaec62b34e46c3b4f7d97f9,1,RBEZm4J6kqi42996rsfBkWRSUADFzsjfxM,990.25155000,pubkeyhash,,,
7b8ce4d9a8f7a8b07b44b2b00cc150d969e96d415c224d353d60b1102b131fe7,0,,0.00000000,nulldata,,,
7b8ce4d9a8f7a8b07b44b2b00cc150d969e96d415c224d353d60b1102b131fe7,1,RKmYZf4GGHtsz9FzHi3JzDDfG6LPfLP24R,989.59775000,pubkeyhash,,,
7ba08bf6de4cd63818adf5c2c4a83a621e58d739ba94870296853be347ed22e0,0,,0.00000000,nulldata,,,
7ba08bf6de4cd63818adf5c2c4a83a621e58d739ba94870296853be347ed22e0,1,RFeyjGXvQkbXdrTxnmYUwCt7WovZRvsJg1,994.12644000,pubkeyhash,,,
7ba1f01af947973adb73670f5227783e2bc17837e48e33e3f8de6a907012e397,0,,0.00000000,nulldata,,,
7ba1f01af947973adb73670f5227783e2bc17837e48e33e3f8de6a907012e397,1,RD2QN1iwN5imMruApmY8yZG4FpajgiAvmw,992.78247000,pubkeyhash,,,
7bbc170580bfb0d0ec4a164953565e875a79a4bff7e9b5c693293ab4a1f11c19,0,,0.00000000,nulldata,,,
7bbc170580bfb0d0ec4a164953565e875a79a4bff7e9b5c693293ab4a1f11c19,1,RHjdb4K3vbzK6BsyDn93QVnsWfGfLi7n5k,994.79924000,pubkeyhash,,,
7bbffb1deb7ac927cbc9a7c416c39c483a2ceceaac127282e612e258fd9a2e23,0,,0.00000000,nulldata,,,
7bbffb1deb7ac927cbc9a7c416c39c483a2ceceaac127282e612e258fd9a2e23,1,RP9z8KLzuEnMcyC2ywtdSoCtebWVpKVvG9,991.44111000,pubkeyhash,,,
7bcd54e784cc2b404a62a7d0a643ec5965c68ff4b0b7c304dc7166143313d505,0,RAAg9iFXmepNMH35ve1wx84kfCfZ15xYL6,33.99283073,pubkeyhash,,,
7bcd54e784cc2b404a62a7d0a643ec5965c68ff4b0b7c304dc7166143313d505,1,RX1r2eyM1UW7y2xHcrTejDfyCUk1yBmz4i,306.02769502,pubkeyhash,,,
7bf0d72684e1e5591d55b1afec388bb96265c9b2decb9ec8a8a81cb56b46dcd8,0,,0.00000000,nulldata,,,
7bf0d72684e1e5591d55b1afec388bb96265c9b2decb9ec8a8a81cb56b46dcd8,1,RFKJwz6mUeFrkEtvctrHffHe17ymnbbLsK,990.10251000,pubkeyhash,,,
7bf8ad18a8ba6fbf8a59aac739511ee60b869c26c50ee94c3a9b8ead0d2b152d,0,rNE4txZm3VjNpKUFd23nHyuuCKNmdzem9k,189660.23382105,scripthash,,,
7c0f89784c4821613972874e2ff77d8ef18387129522b3ed521249b87c2ee30d,0,RQghK2uMJESjR7hFYL9nMnp75J4tgyRijT,0.00693320,pubkeyhash,,,
7c0f89784c4821613972874e2ff77d8ef18387129522b3ed521249b87c2ee30d,1,RX1r2eyM1UW7y2xHcrTejDfyCUk1yBmz4i,306.60798813,pubkeyhash,,,
7c2fca53572f1642b526762e593bab996109d96459955b7cac797e614acc396c,0,,0.00000000,nulldata,,,
7c2fca53572f1642b526762e593bab996109d96459955b7cac797e614acc396c,1,RELm4zzgPrnkNubCktkuFi5NVPJSMc1ohF,990.03075000,pubkeyhash,,,
7c471b6e89db93d8fd1aaed3b96afddf00b442f2ce00ef47476e4e6c166760be,0,RHvY8nbzytTk2RJQhDspkP9hfPsAJFXCE7,40.85269997,pubkeyhash,,,
7c471b6e89db93d8fd1aaed3b96afddf00b442f2ce00ef47476e4e6c166760be,1,RGbPRrMsWBZVray88kR9di8xtj1XDyaMt1,67.07120433,pubkeyhash,,,
7c851da2e441c2749b1a666e654d492f2f65a2d75e93716ace35464495456730,0,RF8QARajYikHGdEK1UxVtEBYd9tQTsTWon,34.00075337,pubkeyhash,,,
7c851da2e441c2749b1a666e654d492f2f65a2d75e93716ace35464495456730,1,RX1r2eyM1UW7y2xHcrTejDfyCUk1yBmz4i,306.09877864,pubkeyhash,,,
7c92894fa94520cc43d991439bba9694dc04e14b38ea5482d53f33e57f8f188c,0,,0.00000000,nulldata,,,
7c92894fa94520cc43d991439bba9694dc04e14b38ea5482d53f33e57f8f188c,1,RHQePZ7RJqaojWjQXmiPn3nnJ7qK3kTrWS,989.12303000,pubkeyhash,,,
7cc0637176916dea8a0086d13454d6364c9f9ff71cd1d1ef4e77ecadfb054d48,0,,0.00000000,nulldata,,,
7cc0637176916dea8a0086d13454d6364c9f9ff71cd1d1ef4e77ecadfb054d48,1,RXdaGvd28Hff4cSDCDh5vFfxP5TrkKTUy2,993.23511000,pubkeyhash,,,
7cc1aec976589e44933fa43909cd005c70278fcf89737f47853e67d6252042ca,0,,0.00000000,nulldata,,,
7cc1aec976589e44933fa43909cd005c70278fcf89737f47853e67d6252042ca,1,RNKkxKPGQBntEi64C8bYpk6jrR2ZHhbWWx,991.66191000,pubkeyhash,,,
7cf0ac920bd975d0a3ec823d266491ba9819a792726788bd1e117b15ff651ad9,0,,0.00000000,nulldata,,,
7cf0ac920bd975d0a3ec823d266491ba9819a792726788bd1e117b15ff651ad9,1,RUcbiZvGT1LdGh4Z4U3zEjzVq9zNxSTuxY,990.15219000,pubkeyhash,,,
7cf730a982533b4da447094f9bade55963e82a8cef5fff5e1796185e6cba56bb,0,,0.00000000,nulldata,,,
7cf730a982533b4da447094f9bade55963e82a8cef5fff5e1796185e6cba56bb,1,RHLLW3JCt6KEZS3NaWtxYjeW5QfTs1ncpj,994.43492000,pubkeyhash,,,
7d13e3baa67d33fffb6a3022ebbe1cc1c522c11f4c856181d514b9c90dbe7bf3,0,,0.00000000,nulldata,,,
7d13e3baa67d33fffb6a3022ebbe1cc1c522c11f4c856181d514b9c90dbe7bf3,1,RTBfrhiQGEWR8AkB5wCapTkRZmiMr6hxVU,990.43095000,pubkeyhash,,,
7d4bcaf50df59e8419ead3854aa5608ffc690047153ca804de7455106ff4dd40,0,,0.00000000,nulldata,,,
7d4bcaf50df59e8419ead3854aa5608ffc690047153ca804de7455106ff4dd40,1,R9gL5vVbaaS3ziRx92H8HENd5wAxWaHh8t,989.78787000,pubkeyhash,,,
7d52c89400bfc0f79537ce816f24a3a5109dfa65cc6e4ca65225d642cabf95ac,0,,0.00000000,nulldata,,,
7d52c89400bfc0f79537ce816f24a3a5109dfa65cc6e4ca65225d642cabf95ac,1,RUhmUWn26bsXsnC5UVLwu3xQp7soe46XYt,991.47699000,pubkeyhash,,,
7d77c8e66bd6e4964ffc88a36db23fec499418137cd66d34257ca04ed5fc29a6,0,RGuXsooH9zk2uDfCCxCQXqRqZzXy5jkiR9,1240003.60000000,pubkeyhash,,,
7d77c8e66bd6e4964ffc88a36db23fec499418137cd66d34257ca04ed5fc29a6,1,RTacWkAJvtvq9bZ6b1qopgCTkQJG9KS4Kq,34895032.28300161,pubkeyhash,,,
7d7cdba6177ad16899a8a42eb5a8248f2278659208fb8b4ef2cb7733970c03c9,0,,0.00000000,nulldata,,,
7d7cdba6177ad16899a8a42eb5a8248f2278659208fb8b4ef2cb7733970c03c9,1,RYWNDhANjFn5ZYzJioBUS59xAa1XrAApgx,994.94276000,pubkeyhash,,,
7d7f2e1c6a5c4d8abaa2f2804d42c2be24ae561d568ce5eb0076731984d072fc,0,,0.00000000,nulldata,,,
7d7f2e1c6a5c4d8abaa2f2804d42c2be24ae561d568ce5eb0076731984d072fc,1,RDNSUyPvp4nqf6YxE7hGSpyV35GJFqa4Me,988.90223000,pubkeyhash,,,
7d886fc2d327c7d9b75a20fc87e93d74f68f27f55a8a0a846c0bf96709f6002f,0,,0.00000000,nulldata,,,
7d886fc2d327c7d9b75a20fc87e93d74f68f27f55a8a0a846c0bf96709f6002f,1,RUnSRbK3VdhULL3BeDLjidGNCRzGCzS9vj,992.36295000,pubkeyhash,,,
7d9aaeff116150a6ada13d4faf1111acfbf9723deffa1d247612e44da6099cfb,0,,0.00000000,nulldata,,,
7d9aaeff116150a6ada13d4faf1111acfbf9723deffa1d247612e44da6099cfb,1,RCSzvHLbgkMjgEfc4WbbnWs8G21U64aVnu,992.03175000,pubkeyhash,,,
7da996021de8006c10c35f0efe360fe1b2f5b92aa285e11c44ea9b61f990712b,0,,0.00000000,nulldata,,,
7da996021de8006c10c35f0efe360fe1b2f5b92aa285e11c44ea9b61f990712b,1,RU6qZkFcfUtvw6ziT5MzoAUQ47r8cXDLdU,994.76612000,pubkeyhash,,,
7dccf20ea99360dfb941e005fa798dc4a8c1643110f1a56713ab729a1d3e0ed9,0,,0.00000000,nulldata,,,
7dccf20ea99360dfb941e005fa798dc4a8c1643110f1a56713ab729a1d3e0ed9,1,RBKTcT5WobEs46aYjuoDHjSvZ8tk4BPhvR,994.93448000,pubkeyhash,,,
7dcff172338b7f7e8dd4d44b58e2e2b2207774e2e23800b0bec4ba1c8d242f29,0,,0.00000000,nulldata,,,
7dcff172338b7f7e8dd4d44b58e2e2b2207774e2e23800b0bec4ba1c8d242f29,1,RWnCVQphYqwMwFPutrvUyzQ7EE2HX6HdLN,994.08780000,pubkeyhash,,,
7dfb40d01f7018268ab77cae5b999c764d59738fb77d020af13ce095c4b997b8,0,,0.00000000,nulldata,,,
7dfb40d01f7018268ab77cae5b999c764d59738fb77d020af13ce095c4b997b8,1,RAD48XBgDrbQ4trgqaix1QqndhXeJb9bRm,994.59224000,pubkeyhash,,,
7e10e737262f4a6b4c3f5f15f041351aa1832fa7f048d91eaca3ee8daefbb741,0,RMKd7jAm9y682pLc6QiHSUFTxZReSRKZfe,229.66863243,pubkeyhash,,,
7e127374c507b25e549f330f27af8b628d7aec142b48264eca8f0e66f725f3cd,0,,0.00000000,nulldata,,,
7e127374c507b25e549f330f27af8b628d7aec142b48264eca8f0e66f725f3cd,1,RUK4aYFEj2NjEpyAY5j2dq8m3CdhGERet1,992.58927000,pubkeyhash,,,
7e3c8f4cb24442374dc4dbdcf469af218eab8b20b033ff2f7a7524d966f12d5f,0,,0.00000000,nulldata,,,
7e3c8f4cb24442374dc4dbdcf469af218eab8b20b033ff2f7a7524d966f12d5f,1,RHaUGau9whJoQ3iCmHmWnUK5NXrcc7U8G7,991.99863000,pubkeyhash,,,
7e6dbf858bbe13f6a19ac746af85a6f2f466b92deab4f4e24f183e3b0c8e297b,0,,0.00000000,nulldata,,,
7e6dbf858bbe13f6a19ac746af85a6f2f466b92deab4f4e24f183e3b0c8e297b,1,RN68ZNQgzUmvE8xU2w4Ug1HmZZQt7KgqS6,990.13011000,pubkeyhash,,,
7eb5d5f909bafb6120bd5d2ce5d514ac0a48aac58cbcec83934915ee748218d6,0,RDKqazgGxpDs8w2TJTtcF53kh5nB3wAMk3,34.05345165,pubkeyhash,,,
7eb5d5f909bafb6120bd5d2ce5d514ac0a48aac58cbcec83934915ee748218d6,1,RX1r2eyM1UW7y2xHcrTejDfyCUk1yBmz4i,306.57402561,pubkeyhash,,,
7ed55ae1d9400e780de706063950c474c302fd9a3450f954d52649a3170ddf4d,0,,0.00000000,nulldata,,,
7ed55ae1d9400e780de706063950c474c302fd9a3450f954d52649a3170ddf4d,1,RL51T6jbPu3GKe5yqsZUPzxeWsjykxXe3j,995.31748000,pubkeyhash,,,
7f0bddf9116787039b0e4259e364c1b4d4db9845207ff52558d50374f3d0b458,0,,0.00000000,nulldata,,,
7f0bddf9116787039b0e4259e364c1b4d4db9845207ff52558d50374f3d0b458,1,RU38nXmuXaE32XXiFp2jeVT6UxLXPD1jRY,995.25676000,pubkeyhash,,,
7f2344493dc0879a63efd4cc767d41a096ef879a5f0b7a5a2d8839e04dd1396e,0,,0.00000000,nulldata,,,
7f2344493dc0879a63efd4cc767d41a096ef879a5f0b7a5a2d8839e04dd1396e,1,RSpt4HdFUwjs4iLKy2yobVrRD2wzRF7aQf,990.37299000,pubkeyhash,,,
7f2b6515b2000703fe047e86a38e27af9a4ba63d2c4f2f9f7f1f0e556c92172d,0,,0.00000000,nulldata,,,
7f2b6515b2000703fe047e86a38e27af9a4ba63d2c4f2f9f7f1f0e556c92172d,1,RGJSNM24XtvzxRgxwWFczfkdhBWDasfgjp,993.01983000,pubkeyhash,,,
7f44df40b816e710491af0e03b6cb440cf64ef6abbd6a6fe116f1cb260d9aa2e,0,,0.00000000,nulldata,,,
7f44df40b816e710491af0e03b6cb440cf64ef6abbd6a6fe116f1cb260d9aa2e,1,R9ZZxRrXo78duRHAkWtFmCzY7FmL6LKVhk,991.25895000,pubkeyhash,,,
7f4bfb57b6f74b82c740cb4f03f7a2b39ab3e62c6ea8a3187b0a7e2cda66a8cc,0,,0.00000000,nulldata,,,
7f4bfb57b6f74b82c740cb4f03f7a2b39ab3e62c6ea8a3187b0a7e2cda66a8cc,1,RKoWa9bK2wVvEX9udFbcHXt6JeeULgjadz,991.12095000,pubkeyhash,,,
7f76b670d29af840a52280d7df5035677cc1434d1087038602a74d187f26a25d,0,RHvY8nbzytTk2RJQhDspkP9hfPsAJFXCE7,36.91868292,pubkeyhash,,,
7f76b670d29af840a52280d7df5035677cc1434d1087038602a74d187f26a25d,1,RGdRcRA1XsjFkrSCqVgBpHfdZJsVRtK4Qm,841.94889414,pubkeyhash,,,
7f8de6cc965ff3a59d6ca1625861232d9e8bb276703cf15e09fb7823c79f1d7a,0,,0.00000000,nulldata,,,
7f8de6cc965ff3a59d6ca1625861232d9e8bb276703cf15e09fb7823c79f1d7a,1,RUJkQDkNyXPbje8e4SfL41HvJ5NkJ4tHJU,992.00967000,pubkeyhash,,,
7fad6e9dc0356f35341994f16ea13aa3aa1342ca52d3a00f8d1eebe4325d637b,0,,0.00000000,nulldata,,,
7fad6e9dc0356f35341994f16ea13aa3aa1342ca52d3a00f8d1eebe4325d637b,1,RFdJxuGxhBdBD6BuoS7GP4JWobi7op1WUo,994.32792000,pubkeyhash,,,
7faf9d52634b89832e267d4698dfcff5060a765e12de1a0d527f0e28d23cd7f8,0,,0.00000000,nulldata,,,
7faf9d52634b89832e267d4698dfcff5060a765e12de1a0d527f0e28d23cd7f8,1,RCkSPc6SRta8q4aZ1j5afU5G9F6JqBfRMf,989.61983000,pubkeyhash,,,
7fc0eafdb9ba10ae0e925c862322d66aad6fd85f7cdca9267d3ff92333b29b62,0,,0.00000000,nulldata,,,
7fc0eafdb9ba10ae0e925c862322d66aad6fd85f7cdca9267d3ff92333b29b62,1,RTUFN1cQk2oJXBHZyyskLHjbo77XrWtJD7,994.06020000,pubkeyhash,,,
7fcbdf81e129886af77ca2ec6002d673a1c426125e9ee09c8ce6231f4bb4edcb,0,,0.00000000,nulldata,,,
7fcbdf81e129886af77ca2ec6002d673a1c426125e9ee09c8ce6231f4bb4edcb,1,RG5w3tuMT57WUxTeozSCJvdPiEumwpz8ij,995.09148000,pubkeyhash,,,
7fcd91961253e9475c9ddfd4a667e20a770b6a6b834ebbd36b8e7a29d2757120,0,,0.00000000,nulldata,,,
7fcd91961253e9475c9ddfd4a667e20a770b6a6b834ebbd36b8e7a29d2757120,1,RAcMnHizHmCWbyDo43KiC2zvcWj4UvfDTz,994.45700000,pubkeyhash,,,
7feabe2c70042a80a7ce58294da47b39135f109af81c1bfe7f331ba94369b699,0,,0.00000000,nulldata,,,
7feabe2c70042a80a7ce58294da47b39135f109af81c1bfe7f331ba94369b699,1,RMTDPYkkU8qhWrCcVeKEG43p9t2ViimruT,991.47975000,pubkeyhash,,,
7ffbedaf4d294944545de8c752d3d49016685729428746f04140bcc9807b790b,0,,0.00000000,nulldata,,,
7ffbedaf4d294944545de8c752d3d49016685729428746f04140bcc9807b790b,1,RDCZDe425mLh9vHBWyWThm3A8VzraoQohU,994.57568000,pubkeyhash,,,
80069b149722662b7eaa72f7450399d733f9d59ced719bfc1689a8bdf7d19229,0,,0.00000000,nulldata,,,
80069b149722662b7eaa72f7450399d733f9d59ced719bfc1689a8bdf7d19229,1,RQF6eP8tx8bChaobNnhXAwviMFQVMjkYqG,989.58119000,pubkeyhash,,,
801ac96d627986438dfae2f0a977716653804b7fb797ad89a8a3ea9b170ed9b4,0,RMKd7jAm9y682pLc6QiHSUFTxZReSRKZfe,3.66513793,pubkeyhash,,,
80216b2fa356a2dce31eee7848e6920686e985ab6a450caf1036efed2766d913,0,r8oy7RjrFPWMM4VBJqNM9sCD2bGm4KWL7j,858.53000000,scripthash,,,
80216b2fa356a2dce31eee7848e6920686e985ab6a450caf1036efed2766d913,1,r6gwBb4etwXHqcbcNAGETBiAUM2FEXimyL,1227722.18970000,scripthash,,,
802abc68989b3b822e9cb68b91d21e3036da84f0cab7bd7db135cf67cbc14b99,0,,0.00000000,nulldata,,,
802abc68989b3b822e9cb68b91d21e3036da84f0cab7bd7db135cf67cbc14b99,1,RVoxCg1vspzyHaD9NokuKRtMr8oSsX9joq,993.54684000,pubkeyhash,,,
802c928c002cbb47fdf09a555e04627a0f7078ef97dc5504759fc8c85debc287,0,RFFkTBhahhqHJVTjG9qwot6ZSxE89v9NSn,54.17239900,pubkeyhash,,,
803306b866c57543c5e1f79f618d5b8f6e4997d9ea2e201369ac0349f29b62d0,0,,0.00000000,nulldata,,,
803306b866c57543c5e1f79f618d5b8f6e4997d9ea2e201369ac0349f29b62d0,1,RNh4a8swh5ekrNRv1CvTD3JzWTW2pioXuY,991.23411000,pubkeyhash,,,
809faf373c16fefe2773d7cebf562d9ad7f6f877a4b822a8a0573fcb7b1ded47,0,,0.00000000,nulldata,,,
809faf373c16fefe2773d7cebf562d9ad7f6f877a4b822a8a0573fcb7b1ded47,1,RULkQU8itsidpszNf9KxoA2NV9zQTaDRPR,990.38403000,pubkeyhash,,,
80b160c6b181eedbe8b9d4b74496c70feefa1321c55c55c222e4861bfb401511,0,RM2NTxnFeAvcJeiUkM8muJXqArVGf7pjbg,34.00489864,pubkeyhash,,,
80b160c6b181eedbe8b9d4b74496c70feefa1321c55c55c222e4861bfb401511,1,RX1r2eyM1UW7y2xHcrTejDfyCUk1yBmz4i,306.13608614,pubkeyhash,,,
80b72b637c8f04dbd054dc36f72810bee17d19bfff91218713d338b8f75adead,0,,0.00000000,nulldata,,,
80b72b637c8f04dbd054dc36f72810bee17d19bfff91218713d338b8f75adead,1,RMywuuULTHGXaa1mXYZr8ZsKnDhtAEyyDr,995.38372000,pubkeyhash,,,
80ba58f4790a5ca685ab04000d978a07e80ad9c4dd799e6121c5a64ee9f51277,0,,0.00000000,nulldata,,,
80ba58f4790a5ca685ab04000d978a07e80ad9c4dd799e6121c5a64ee9f51277,1,RCAtmPNe6eGHsxHpEB9RgfQhMCEWLFTGVT,993.63516000,pubkeyhash,,,
80c93c71bc98a0b06258e2b4f019c4f5ca29445fa518d18f7cdea06a62900074,0,RTcYPgx3RrAbgxMAuE16xSvVwpq3oDmybM,0.90013798,pubkeyhash,,,
81036ceaf9afbc13b4c1ffa827f8e047122815a27965e0ac374028bdf53fdf03,0,,0.00000000,nulldata,,,
81036ceaf9afbc13b4c1ffa827f8e047122815a27965e0ac374028bdf53fdf03,1,RRZziMVZ6zEfJA9zmJjjBx6AnGRbXaVZ9a,991.22307000,pubkeyhash,,,
8123980972aa6a2db8d66daf3b608997b3ca52d34ccdf2c80aacd9f6b06701be,0,,0.00000000,nulldata,,,
8123980972aa6a2db8d66daf3b608997b3ca52d34ccdf2c80aacd9f6b06701be,1,RNBRUghxKz6uB8e9rz9gb8PhSX5kKQ8GPP,990.43371000,pubkeyhash,,,
812d583805c8b932ca482c6edc44712d9888f90964a31b16abebc7c5431d8455,0,,0.00000000,nulldata,,,
812d583805c8b932ca482c6edc44712d9888f90964a31b16abebc7c5431d8455,1,RQ1dtQvH35njj6raTRhE9fuxrCwcihqnMs,993.09159000,pubkeyhash,,,
812f05f722c5077cf583e17e8b917f42dcb9a9b6d10a194cce467f84b4b889e3,0,,0.00000000,nulldata,,,
812f05f722c5077cf583e17e8b917f42dcb9a9b6d10a194cce467f84b4b889e3,1,R9bUrtgMVhL2cxxMaLEzShE5cdcwQfpE8M,994.71644000,pubkeyhash,,,
813a01c08c92f0905d617ffde90d0b59c2d1e9b6f12e26ecf95983a674e0d7f9,0,,0.00000000,nulldata,,,
813a01c08c92f0905d617ffde90d0b59c2d1e9b6f12e26ecf95983a674e0d7f9,1,R9QxZxHFcMEruGMDxoz3mCbfBkmLm1RMgR,989.43767000,pubkeyhash,,,
81640eb91f966a998df9015df9e7e9e56009802da1f308cdc2ee480ab7b1c9b2,0,,0.00000000,nulldata,,,
81640eb91f966a998df9015df9e7e9e56009802da1f308cdc2ee480ab7b1c9b2,1,RQPEb8onY9rGsxwHsR2k1AzRFeMHjEEouL,990.09975000,pubkeyhash,,,
816bb0060a5e0a01b5dd34f2acd2df908fbd5b1a103d5412af4437ace01cb810,0,,0.00000000,nulldata,,,
816bb0060a5e0a01b5dd34f2acd2df908fbd5b1a103d5412af4437ace01cb810,1,RJcVP3Gx8VDUBEmJXcGc3qzA2tqhFtsKbE,995.29264000,pubkeyhash,,,
820bfbe65a239282c9d1b780fc3c7ce0eb6084c01da91d430805cbdde943a57a,0,,0.00000000,nulldata,,,
820bfbe65a239282c9d1b780fc3c7ce0eb6084c01da91d430805cbdde943a57a,1,RPE1UwykFsSRiE8bDD11i1Z4cV91XBLUuq,992.13663000,pubkeyhash,,,
8219630392a633aa69ec3acb43689101a19d44841c25d7a1125c84cbad4660e6,0,,0.00000000,nulldata,,,
8219630392a633aa69ec3acb43689101a19d44841c25d7a1125c84cbad4660e6,1,RLwmVdiDt9f42DwkTFeD65D8DzwaSScWr1,988.98227000,pubkeyhash,,,
822f0545a7ee9707b9294b3be403705b366705d238d3ea1d17301e4fb8d71792,0,,0.00000000,nulldata,,,
822f0545a7ee9707b9294b3be403705b366705d238d3ea1d17301e4fb8d71792,1,RHeseTjkEDaqhpfGeoDYPzJCNxvNNrxUrN,989.35487000,pubkeyhash,,,
8247dffacc540291042b0e1ea718c610d161f3307a4473ccf4dd9e432bb89091,0,REZAECZM563Dp8HEWXJ8KsjATeUqiGmAC5,40.30979664,pubkeyhash,,,
8247dffacc540291042b0e1ea718c610d161f3307a4473ccf4dd9e432bb89091,1,RHEeSjJXtvEFXhUPHZKgPw8N7G8USnXJXV,191.03072322,pubkeyhash,,,
825b6b393c59b798a8e8193d269c26eeece04d8e9e8b8c3d1b5c665e763f5838,0,,0.00000000,nulldata,,,
825b6b393c59b798a8e8193d269c26eeece04d8e9e8b8c3d1b5c665e763f5838,1,RYTyYReuNhEua2WKgDTox3mAsjCo8KB2CJ,990.94155000,pubkeyhash,,,
829d54df49b9cc5c1d8b740aa8ae3a77d7d4e3d36cd92bcb5330e3e67d7cd32f,0,,0.00000000,nulldata,,,
829d54df49b9cc5c1d8b740aa8ae3a77d7d4e3d36cd92bcb5330e3e67d7cd32f,1,RNEVGFmzAMF41crcWpgYA6tPu5fmN1k7bx,990.33159000,pubkeyhash,,,
82c4ff87d6fda52010535fd6f8e1de943c8d4d9e7ffaa9cbc499da9a6c16a6c0,0,,0.00000000,nulldata,,,
82c4ff87d6fda52010535fd6f8e1de943c8d4d9e7ffaa9cbc499da9a6c16a6c0,1,RVNgEwywMRE1bXNWHQtufsnMUng6fBaEE1,994.52324000,pubkeyhash,,,
82ff3cf55ad6caa29eea9e6c0bbf720894c689feb8d81580d8bad9d7f1b318e1,0,,0.00000000,nulldata,,,
82ff3cf55ad6caa29eea9e6c0bbf720894c689feb8d81580d8bad9d7f1b318e1,1,RDb41ReNHMotEV1GLB5AFDKWkmrYJPQRmM,989.57015000,pubkeyhash,,,
832ab7a2f5aa9dd29a9a932fd429bcea61ba8ca1f2f7762bc66db475c8eb2fc2,0,,0.00000000,nulldata,,,
832ab7a2f5aa9dd29a9a932fd429bcea61ba8ca1f2f7762bc66db475c8eb2fc2,1,RVT5wH4zUzMsHivdPtXT6eG4JztzSaveMx,993.89460000,pubkeyhash,,,
833f882319b1114aa45b9e2571b6472006d0b27505419721a2748baa627191c0,0,,0.00000000,nulldata,,,
833f882319b1114aa45b9e2571b6472006d0b27505419721a2748baa627191c0,1,R9jGPk9WEpaY1NCM9wmLTd9ucV4bdQJ7f5,989.48183000,pubkeyhash,,,
83809b416e66bad82a3ad98507c4c0551463bae5b354190c29cc35f38288c1f0,0,,0.00000000,nulldata,,,
83809b416e66bad82a3ad98507c4c0551463bae5b354190c29cc35f38288c1f0,1,RRayyUmNfQYBAt1C9ac1FBqtLuFamFrd3h,989.65847000,pubkeyhash,,,
838590b2f8f1db876b0eebb4b2bfbf2107efa058adec10e085dece56c9b9e2e5,0,,0.00000000,nulldata,,,
838590b2f8f1db876b0eebb4b2bfbf2107efa058adec10e085dece56c9b9e2e5,1,RGa1rfa6QgeosmFHEvvdtTGE6MyEE6pS2m,991.96551000,pubkeyhash,,,
839140bfa9ad97967e6736c29af1c0d391859a222f48158160d49fcd63a9f966,0,,0.00000000,nulldata,,,
839140bfa9ad97967e6736c29af1c0d391859a222f48158160d49fcd63a9f966,1,RVByVEfxeSoWGktSRSs41pVUbGtqKq3S2t,992.39055000,pubkeyhash,,,
83e4d4acc8d61bf03360ef0c86f595e68b3a22a99e65c3ffbe43a94931cf5ce0,0,,0.00000000,nulldata,,,
83e4d4acc8d61bf03360ef0c86f595e68b3a22a99e65c3ffbe43a94931cf5ce0,1,RADrJFWiAMMuVR3J2bQsYHtUGoFdAJhsKw,995.34784000,pubkeyhash,,,
83e5b6f28711ac98cd5f51618eb04f438f0b53760b8ef1c2b009b7178874e7c5,0,RX1r2eyM1UW7y2xHcrTejDfyCUk1yBmz4i,306.52988486,pubkeyhash,,,
83e5b6f28711ac98cd5f51618eb04f438f0b53760b8ef1c2b009b7178874e7c5,1,RAm8i8AU5MF9nXeVASafaoopVPdmxtwgHC,34.04854791,pubkeyhash,,,
83ef6a3f060a02a272906b87f55ed5fae46c3a4827fbe9620d4524e67c52bb82,0,,0.00000000,nulldata,,,
83ef6a3f060a02a272906b87f55ed5fae46c3a4827fbe9620d4524e67c52bb82,1,RBmKRpzkM8x1g5rrx8bkGhYHHckoCKaKrA,989.06783000,pubkeyhash,,,
83eff10272add5133e9ded15e6e9cec18d209e1a05d9d98afd97252f1130d14f,0,,0.00000000,nulldata,,,
83eff10272add5133e9ded15e6e9cec18d209e1a05d9d98afd97252f1130d14f,1,RFD1oQSw4LsoiWcnPcLznnAp95ccfGCfSC,989.52599000,pubkeyhash,,,
8404cdd1ddc9727c60df9348622163b6c5c78c32170cb36141e98710ea757a35,0,,0.00000000,nulldata,,,
8404cdd1ddc9727c60df9348622163b6c5c78c32170cb36141e98710ea757a35,1,RH7S4nKBsvBKFgCTxTdZPYEPULRk7v9QGf,995.25952000,pubkeyhash,,,
8414a2f72ed96037a0ecab57e15a357a22be8103fdfda6cc2a00cc6ed35a8ff6,0,,0.00000000,nulldata,,,
8414a2f72ed96037a0ecab57e15a357a22be8103fdfda6cc2a00cc6ed35a8ff6,1,RADqkxVnUSaNp6RDsKvYmweXnWabGMdPna,992.91495000,pubkeyhash,,,
841ca4ad44257b41456891f4d1176583ec54cf1d9dd3bf48e0683d9e9d3e26f6,0,,0.00000000,nulldata,,,
841ca4ad44257b41456891f4d1176583ec54cf1d9dd3bf48e0683d9e9d3e26f6,1,RMZUS9mzQ5j4928Avxfnzb8osDBtgS18Cm,991.45215000,pubkeyhash,,,
84785d2fc8f8e878f432ccea497e25a294138252547047e77175d2b0fe4027ad,0,,0.00000000,nulldata,,,
84785d2fc8f8e878f432ccea497e25a294138252547047e77175d2b0fe4027ad,1,RCDukiDxmBiE1hZqie6Y74EVsVcLkVJoCs,993.36483000,pubkeyhash,,,
847ebf80c698500c8153a7dd533155dc91fec9577301b88c1d8e838f66db6491,0,,0.00000000,nulldata,,,
847ebf80c698500c8153a7dd533155dc91fec9577301b88c1d8e838f66db6491,1,RGWk4RBk45tQU9r6C6Qv7fe35ibn2qBdT9,992.01795000,pubkeyhash,,,
8492f20adf27b25f7ce7f1067f4b8007596ad44ee0f20e56851ce7131f9c8ac3,0,,0.00000000,nulldata,,,
8492f20adf27b25f7ce7f1067f4b8007596ad44ee0f20e56851ce7131f9c8ac3,1,RKYNKtH3Xb5GtFjdZLUuuMAo1Xs7yEVcWs,991.29207000,pubkeyhash,,,
849374228c2bbf608b30a4c084905695a656c3cba21025eaf42633e1ece95b05,0,,0.00000000,nulldata,,,
849374228c2bbf608b30a4c084905695a656c3cba21025eaf42633e1ece95b05,1,RK7NzzEoDPXJ7758UtoZJP6yKHmifKZXU1,990.56619000,pubkeyhash,,,
84e1182d47978109a6df51617e4b447a16e548a9e93f0a6284111c30dca2b839,0,,0.00000000,nulldata,,,
84e1182d47978109a6df51617e4b447a16e548a9e93f0a6284111c30dca2b839,1,RYVpR9tU8dJnr8Lp2L5U5MoySnqszwoXAK,990.20187000,pubkeyhash,,,
84fca02c69c543035410fedfd725dafd834c0b31447ea9fb801ce218b929131b,0,,0.00000000,nulldata,,,
84fca02c69c543035410fedfd725dafd834c0b31447ea9fb801ce218b929131b,1,RNYDEtN46TytebeVBMEQWavCrRshZenwtz,992.02071000,pubkeyhash,,,
84fd92503548801bba4b9edcb08b90471ecd89e95880b2076e8aa1509c401af4,0,,0.00000000,nulldata,,,
84fd92503548801bba4b9edcb08b90471ecd89e95880b2076e8aa1509c401af4,1,RNc9ZNLeBoebg7AM6Mqn3feJVDkUhuvAyr,990.54135000,pubkeyhash,,,
84febce903e13d60c667c84b03934bd7432346ead4ab784b77096ecd82b0ede0,0,,0.00000000,nulldata,,,
84febce903e13d60c667c84b03934bd7432346ead4ab784b77096ecd82b0ede0,1,RFrjxBzRY7BdPQ91Gamir3Q49fXteX6iP3,991.58463000,pubkeyhash,,,
8512c6476600d8234ee82d6715bfa4d4b3fcdd99256c98de5c4b59e2f4f6d1b0,0,,0.00000000,nulldata,,,
8512c6476600d8234ee82d6715bfa4d4b3fcdd99256c98de5c4b59e2f4f6d1b0,1,RMB7jj3RjfBXhfeJf4iAacA4A65anU9731,990.07215000,pubkeyhash,,,
852a466330bd5f52401cb7169c37efd479779e05b5042fc3fd2472d79e1ab4fc,0,,0.00000000,nulldata,,,
852a466330bd5f52401cb7169c37efd479779e05b5042fc3fd2472d79e1ab4fc,1,RWFAdjXJjGshftiSx7KBgyPVfhbDwTrw8F,993.03915000,pubkeyhash,,,
8533ed2b34d62638ff31216d6c46b0649f3c91268b5ee82bb52c27eff5a4ee61,0,,0.00000000,nulldata,,,
8533ed2b34d62638ff31216d6c46b0649f3c91268b5ee82bb52c27eff5a4ee61,1,RKU34Fj7RnhikadCSdJGBvBnG1FFEL6RvD,993.38691000,pubkeyhash,,,
85368abdc51b92cf704febaafbb2c80dec561e07cfdccbec987d54c6e9f29d2d,0,,0.00000000,nulldata,,,
85368abdc51b92cf704febaafbb2c80dec561e07cfdccbec987d54c6e9f29d2d,1,RUcxSjMsQUpFudQpnWVUWxLBcDyP9DJ6MB,993.45024000,pubkeyhash,,,
853db29e844ad8f9897c47c786f4d955fb3b2432ff87d245b88fd6859c67c6cb,0,,0.00000000,nulldata,,,
853db29e844ad8f9897c47c786f4d955fb3b2432ff87d245b88fd6859c67c6cb,1,RDB2BPaeaokzBhi6TK3WnkUk37xkMv5j1h,990.45027000,pubkeyhash,,,
854a72566ee740a0d589bc3ef73128c5af16cd414c7e7aa0bd5d77156dad37a9,0,,0.00000000,nulldata,,,
854a72566ee740a0d589bc3ef73128c5af16cd414c7e7aa0bd5d77156dad37a9,1,REPL41DQXmGuwqCxZ9czRZ6tWz92NksLTw,990.40887000,pubkeyhash,,,
855277f7e6783748e306056d2abfa423f2fcde7b93fc6771b3640d66ef164685,0,,0.00000000,nulldata,,,
855277f7e6783748e306056d2abfa423f2fcde7b93fc6771b3640d66ef164685,1,RWxFKBdEvUFLKL3SLMKJwvAr9BrRN2LMxn,992.45679000,pubkeyhash,,,
857b10e14b4db25dc5edde8a319909d88810670032d9f24f5671f3ab89139886,0,,0.00000000,nulldata,,,
857b10e14b4db25dc5edde8a319909d88810670032d9f24f5671f3ab89139886,1,RVjcgR2CYRtzmeYbY7x95U9bjyKCTzSQ8E,992.79903000,pubkeyhash,,,
85852c24261d6b9f5709deccc0e1eebfd42892ebd6930b6541525e6fbf72b049,0,,0.00000000,nulldata,,,
85852c24261d6b9f5709deccc0e1eebfd42892ebd6930b6541525e6fbf72b049,1,RBQtPzg9tUebb8pGwUn6T2nNxFc4bTu5WC,989.22515000,pubkeyhash,,,
8586099efd0b7a4a44ac0dc12ea5490d233e48c3a037a9cd3183d5ed340ba50e,0,,0.00000000,nulldata,,,
8586099efd0b7a4a44ac0dc12ea5490d233e48c3a037a9cd3183d5ed340ba50e,1,RRoo31TFVBmfqFe79xHdmTcnQTYZRD2gEH,990.13563000,pubkeyhash,,,
859ca1f67593df335abb16a140e57230b76b269ec881aa897c6f8f212e46ea4e,0,,0.00000000,nulldata,,,
859ca1f67593df335abb16a140e57230b76b269ec881aa897c6f8f212e46ea4e,1,RPgup1iLAGkfWxGMu3LAomHQtiNtNWfifU,991.45767000,pubkeyhash,,,
859e7b37db6298766c0d90c43ae778dbcd07a05ad3fb2fd1522fc9ceb0b6644b,0,RA5fKaypUgo2Jsjwyd7dAGwy5utao1szpo,750.90181015,pubkeyhash,,,
859e7b37db6298766c0d90c43ae778dbcd07a05ad3fb2fd1522fc9ceb0b6644b,1,RHvY8nbzytTk2RJQhDspkP9hfPsAJFXCE7,26.05237578,pubkeyhash,,,
85bfef4225ca59474d21f44760b2c3a73f1f5b257a487f293c7f0a98b808f562,0,,0.00000000,nulldata,,,
85bfef4225ca59474d21f44760b2c3a73f1f5b257a487f293c7f0a98b808f562,1,RGDrmTNHpXmL5o9Hg2zyPs5oKQSfV5AKv9,992.42091000,pubkeyhash,,,
85d76071c887a41aee8346558738ca4ee53be79388d0be6f956123fdaa86dac0,0,,0.00000000,nulldata,,,
85d76071c887a41aee8346558738ca4ee53be79388d0be6f956123fdaa86dac0,1,RAY72yQa8uy35YxUJLmUFtZpTQGL2ZSCbg,992.85975000,pubkeyhash,,,
85e4becbb5046e1cd6f3775b43c1ee4823dc113a7d81257b893be8329d6977a2,0,,0.00000000,nulldata,,,
85e4becbb5046e1cd6f3775b43c1ee4823dc113a7d81257b893be8329d6977a2,1,RJhHeSGR9QbwChUXJvFzPYQ6Pa31eDnRys,995.03352000,pubkeyhash,,,
85fab4e47d7f51c54923d12411db24dadf60e605e6f859c6f5957af3018ae72d,0,,0.00000000,nulldata,,,
85fab4e47d7f51c54923d12411db24dadf60e605e6f859c6f5957af3018ae72d,1,RKpUzxhTpo94moSy9ZNPtq2zcHNqWfB53v,994.25064000,pubkeyhash,,,
86089415e75b8ff8953bd2255e62d2ea5056cc0a32600ea44790ce03c76c8f67,0,,0.00000000,nulldata,,,
86089415e75b8ff8953bd2255e62d2ea5056cc0a32600ea44790ce03c76c8f67,1,RSuPKqLds6VR8z322QKmEyx5FC2xoQwojc,991.59567000,pubkeyhash,,,
8612ace080bebeae42e38059b177d80c361bbc90abfa31a92b42f0dc8abf36fc,0,,0.00000000,nulldata,,,
8612ace080bebeae42e38059b177d80c361bbc90abfa31a92b42f0dc8abf36fc,1,RX8xqEPsU4oGfGtmDi8TyUsBvE1PutW586,989.20307000,pubkeyhash,,,
862784671d0059d40268bd9fafb97b4592df9570d0c8a71bdbfe3db841a4a31c,0,,0.00000000,nulldata,,,
862784671d0059d40268bd9fafb97b4592df9570d0c8a71bdbfe3db841a4a31c,1,RPQQNqfsLjRWEav568HEy9qEQqaA1pFkzi,989.09819000,pubkeyhash,,,
86388bfe8d46cb3974257e308ff85927ee31ef2840a4351342b07089cd504f6f,0,,0.00000000,nulldata,,,
86388bfe8d46cb3974257e308ff85927ee31ef2840a4351342b07089cd504f6f,1,RBL8n14ekmyDhFCPzJi5Jx6iy8xgxG4vWD,992.03727000,pubkeyhash,,,
863c19f95fb2cf2b0ab4559d3a5d11c88b346455e7c930ef2030a56b0a7bd439,0,,0.00000000,nulldata,,,
863c19f95fb2cf2b0ab4559d3a5d11c88b346455e7c930ef2030a56b0a7bd439,1,REdDEiPsJRdHKeqqfimsS85vnXwy6Qjb9P,994.08228000,pubkeyhash,,,
86454263a752a4fa4884d35b84d061ee8894d0b4438d7c1883ed3b42399fa0c7,0,,0.00000000,nulldata,,,
86454263a752a4fa4884d35b84d061ee8894d0b4438d7c1883ed3b42399fa0c7,1,RNhSg77iuJcTFMqGco3f9aQpkhaEYLNgaF,990.04731000,pubkeyhash,,,
865d8d5172b7a4d00e01d143364553f2c5847d5c00dcbcc3e6e1ec420b33e7bd,0,,0.00000000,nulldata,,,
865d8d5172b7a4d00e01d143364553f2c5847d5c00dcbcc3e6e1ec420b33e7bd,1,RPcghdC43ZdmuzVnQBA5sU2Q3KCxeLfJRw,991.71711000,pubkeyhash,,,
866a5e1960bbca2179a1e5de6d01020f940e4da8feeccce51bac7ae2bc70f7f1,0,,0.00000000,nulldata,,,
866a5e1960bbca2179a1e5de6d01020f940e4da8feeccce51bac7ae2bc70f7f1,1,RRLdgXkYMTQTqwBuNUBeLEYGE9c464sTVb,990.25431000,pubkeyhash,,,
866d119ccba64c8ded3d7133b529691280c372be1f96803cc259b93b1d30085d,0,,0.00000000,nulldata,,,
866d119ccba64c8ded3d7133b529691280c372be1f96803cc259b93b1d30085d,1,RV1eExZq5m9Jbwy3rM1c9pkKHMABTfuHZ4,989.57843000,pubkeyhash,,,
86739c6392e7d1e98893cfa46e5252fee2328189495b1b504875eb1a36d5aa0f,0,,0.00000000,nulldata,,,
86739c6392e7d1e98893cfa46e5252fee2328189495b1b504875eb1a36d5aa0f,1,RG2S3K8dZrzMuj9V46D7TYGYKRSVGeKn65,993.67932000,pubkeyhash,,,
86bd1bdf85c3ced78a990bc6bb5592c497635f801e058cef74c07e7d4281da30,0,,0.00000000,nulldata,,,
86bd1bdf85c3ced78a990bc6bb5592c497635f801e058cef74c07e7d4281da30,1,RGBDqEb43AdEQVnuQKaayMrikBH4SkNiDB,990.98295000,pubkeyhash,,,
86ce4026f931e0dca58c61874d654becf8add713fdf5df8a617c55b15149577d,0,,0.00000000,nulldata,,,
86ce4026f931e0dca58c61874d654becf8add713fdf5df8a617c55b15149577d,1,RK6VcLCaX9LWsV196D8PkKu7zWJfPcMQpz,989.57291000,pubkeyhash,,,
870700d89687a2ecc9e5520dd2a138fd8a70414e3a7a0a1bdb4eabe564f5103f,0,,0.00000000,nulldata,,,
870700d89687a2ecc9e5520dd2a138fd8a70414e3a7a0a1bdb4eabe564f5103f,1,RGpZn5gFPBQBaf5sLMsknC2JbmZr2KTF7M,991.99587000,pubkeyhash,,,
8707dad9788af244137936159bd0ab411391774c92d8f3e7463d3f59cc097e89,0,,0.00000000,nulldata,,,
8707dad9788af244137936159bd0ab411391774c92d8f3e7463d3f59cc097e89,1,RVxgM3D5DoahxBGgmfs2c3MychwA4LYgwn,990.46683000,pubkeyhash,,,
87850e6c5954bdb208ee7c9ed2f5c125808eaae23a34b363ed212f099139a20c,0,,0.00000000,nulldata,,,
87850e6c5954bdb208ee7c9ed2f5c125808eaae23a34b363ed212f099139a20c,1,RKbwqy1rhahiGoNxYUFCxTr3nyT6h5srt8,993.98844000,pubkeyhash,,,
87be008fad3cd032d169ae58ff18703a45d59df33878cce057932c6dd818b291,0,,0.00000000,nulldata,,,
87be008fad3cd032d169ae58ff18703a45d59df33878cce057932c6dd818b291,1,RLZsq8SEhjnEVoimVNYCJ2vc3AaQYdANXr,989.19479000,pubkeyhash,,,
87cd974ea95b27781bee7bced82694571487e5d543cd5d1bc71700fd74411742,0,,0.00000000,nulldata,,,
87cd974ea95b27781bee7bced82694571487e5d543cd5d1bc71700fd74411742,1,RD1C84jyVBL5kRsW5JQ4SeFHSJNCbCenxB,992.59755000,pubkeyhash,,,
87d3724bd6883dd4749cd3ad0f0ad61c68788b89e7fd8e7aa1175ee69c32772d,0,,0.00000000,nulldata,,,
87d3724bd6883dd4749cd3ad0f0ad61c68788b89e7fd8e7aa1175ee69c32772d,1,RYBDMsxFrYvubmbmKfvbgA6X2jEHQf3e7e,989.49563000,pubkeyhash,,,
87d5a39b6d7e46ab2fa3d1f2c73b605fa0e79e48be5a5cced54da46e39153902,0,,0.00000000,nulldata,,,
87d5a39b6d7e46ab2fa3d1f2c73b605fa0e79e48be5a5cced54da46e39153902,1,RFPFA8ZB4Qd4sxsc64UC9nLZeczwq94mCM,989.49011000,pubkeyhash,,,
87ec321b4166e7a3a94de102d8f4948c2f3df8d9021ceef1f38f7f0bfba40547,0,,0.00000000,nulldata,,,
87ec321b4166e7a3a94de102d8f4948c2f3df8d9021ceef1f38f7f0bfba40547,1,RSFHV1sTtUbQJoRQHNJHhpRLkKAGZCEX5v,991.72815000,pubkeyhash,,,
8812cd50ed557a88cbe89fffa573959855a2ad4ea1be10a65ad5529e7074cb04,0,,0.00000000,nulldata,,,
8812cd50ed557a88cbe89fffa573959855a2ad4ea1be10a65ad5529e7074cb04,1,RAcAGikjuRefaBWCpWMkgmzAELMrBMQR3f,991.41627000,pubkeyhash,,,
8843104f5cf7a7a73dbf57e127f1ab939ba19b2141e9bc5f03dc075dba25a38a,0,,0.00000000,nulldata,,,
8843104f5cf7a7a73dbf57e127f1ab939ba19b2141e9bc5f03dc075dba25a38a,1,RP9o7pMEMjYb5MWiCiBkDiTzBTpnYQgXNP,992.39607000,pubkeyhash,,,
884fc66bd935f515c55d25c084d3badb607581698a703561295033ad6e4e31c4,0,,0.00000000,nulldata,,,
884fc66bd935f515c55d25c084d3badb607581698a703561295033ad6e4e31c4,1,RFJVjrzX1J9GhRizeLAHbx4rXgFhyLz3G3,991.91307000,pubkeyhash,,,
8859059fd1a80719b8e0379d668cd7a5fd2715b736f7796c8327a8045b6cb097,0,,0.00000000,nulldata,,,
8859059fd1a80719b8e0379d668cd7a5fd2715b736f7796c8327a8045b6cb097,1,RXHxKgkRo5xhw5XkuAs765JGQoppjV2WEe,993.16611000,pubkeyhash,,,
8861b61dce9a2412f9ebf0f42546513affcff7f471e1379975b9453a56facdec,0,,0.00000000,nulldata,,,
8861b61dce9a2412f9ebf0f42546513affcff7f471e1379975b9453a56facdec,1,RWhxHVn2XsEugGeAh939qf1MoLCUTUjmWc,989.91207000,pubkeyhash,,,
8864021a7613e161d1981b5d9d7648c48e7727e72cd5abb484625e7622905c1e,0,,0.00000000,nulldata,,,
8864021a7613e161d1981b5d9d7648c48e7727e72cd5abb484625e7622905c1e,1,RK3facozJm3ndz15s13Yd8Th4qtnAN6dut,992.04003000,pubkeyhash,,,
886a9ebd5b846b32d93f91a01dc317e092f851e6f8fb5ad1887b5e24b098ffa2,0,RX1r2eyM1UW7y2xHcrTejDfyCUk1yBmz4i,306.48235887,pubkeyhash,,,
886a9ebd5b846b32d93f91a01dc317e092f851e6f8fb5ad1887b5e24b098ffa2,1,RWgFoCNj16mGFHLWCiHpf34RAkGBkD3F3o,34.04326857,pubkeyhash,,,
88ab957f8ef1b389b6b0b0bbce3cc01f36552f387653100bf4a59c1cb6040157,0,,0.00000000,nulldata,,,
88ab957f8ef1b389b6b0b0bbce3cc01f36552f387653100bf4a59c1cb6040157,1,RQ1FNxcZB45teF5AF9JRhepQ19f69Lqvdy,990.30399000,pubkeyhash,,,
88ad1ba2df732ca9b3570e913207373e9c7d0494dff7bab6354c3d42ef9013c0,0,,0.00000000,nulldata,,,
88ad1ba2df732ca9b3570e913207373e9c7d0494dff7bab6354c3d42ef9013c0,1,RVacez1rhShCnmE1HMU3eSaRwHVSk2aXtk,993.17991000,pubkeyhash,,,
88bfdcdc0a33d172d215bd4e4bed3a10bf5fb3ece7a9db9fec3d4c7d845833a5,0,,0.00000000,nulldata,,,
88bfdcdc0a33d172d215bd4e4bed3a10bf5fb3ece7a9db9fec3d4c7d845833a5,1,RFGS5DG6Zc5UXAEXfvjE6mHiDskBkQogUx,993.99120000,pubkeyhash,,,
891359f63af4f82a8fbb3a75f79459947af075ed3efc0e67f46ee4d9ea55170e,0,,0.00000000,nulldata,,,
891359f63af4f82a8fbb3a75f79459947af075ed3efc0e67f46ee4d9ea55170e,1,RRbR28yWqVFWdpkvRUdnnWeHxHzUekyZLB,995.31472000,pubkeyhash,,,
892f2b482182d3067be916c16ee3cd168bac898b4eac82c0cdbb893128146399,0,,0.00000000,nulldata,,,
892f2b482182d3067be916c16ee3cd168bac898b4eac82c0cdbb893128146399,1,RCqSnARHvrMAkDdGrLD66NchdoEWDJ6T3N,990.98571000,pubkeyhash,,,
8941a215a19a93af86f378c25834bff6c5474f270e53151ec480a89b674bb9b7,0,,0.00000000,nulldata,,,
8941a215a19a93af86f378c25834bff6c5474f270e53151ec480a89b674bb9b7,1,RC69x6F4yL8bGZPWqXooaC4exGLRiQLfsn,992.96739000,pubkeyhash,,,
894709acc9990c80b6cbc91e6ea733192be0c195752f4529e440c968c7a1b318,0,,0.00000000,nulldata,,,
894709acc9990c80b6cbc91e6ea733192be0c195752f4529e440c968c7a1b318,1,RQQFHz3AgMSuPa4FzaG9PM12hYYJC8rwAP,992.74659000,pubkeyhash,,,
894d8a60d4904ff990e57134dd96f572140104229db070ecbccf4d98ad6de0ac,0,,0.00000000,nulldata,,,
894d8a60d4904ff990e57134dd96f572140104229db070ecbccf4d98ad6de0ac,1,RPH3U83henc8ZXwff2un6dbTygrjcmRRCn,994.09332000,pubkeyhash,,,
8956e832f25c0a07da771a96d813cba4d2648c997f73d73144b0f143089b2b74,0,,0.00000000,nulldata,,,
8956e832f25c0a07da771a96d813cba4d2648c997f73d73144b0f143089b2b74,1,RH1zgZ7AVQV1azvFRdZ3cFgHLBV8CAPQ2m,989.56187000,pubkeyhash,,,
8968832940487555dc11487a1759218e2145e184a6020faf1841af5c6ffaf525,0,,0.00000000,nulldata,,,
8968832940487555dc11487a1759218e2145e184a6020faf1841af5c6ffaf525,1,RWhaUY2xUUNPva7UmnxaHqzCp1RRn2qzGN,990.39507000,pubkeyhash,,,
896cbbb829cda86d4b5d080c7bfba3669d68e741a7a58b648a4fab90ee3a7fe3,0,,0.00000000,nulldata,,,
896cbbb829cda86d4b5d080c7bfba3669d68e741a7a58b648a4fab90ee3a7fe3,1,RWR67g8ye4Bd1rC4KnLDiGzGUStGZSLNoa,993.81732000,pubkeyhash,,,
897f7f42f2d5ee433f35cc7a1f917bbe9af05ae859be4a1c8e4d57267850de0a,0,,0.00000000,nulldata,,,
897f7f42f2d5ee433f35cc7a1f917bbe9af05ae859be4a1c8e4d57267850de0a,1,RJLZrsf941YRBoXdwoWsoHXjhZ8nnwF7vk,993.19095000,pubkeyhash,,,
898185cf1a45823f9a451d5ce0aa41684c16e70ff79d85bb1838c7e27d87efcd,0,,0.00000000,nulldata,,,
898185cf1a45823f9a451d5ce0aa41684c16e70ff79d85bb1838c7e27d87efcd,1,RAJFUWKT4TvNfCo2WbhDaYD8HDwTFp4oAv,988.93811000,pubkeyhash,,,
898598452d6767a128e72ad3672153695e716cc9193af000e91decb630fc6aa7,0,,0.00000000,nulldata,,,
898598452d6767a128e72ad3672153695e716cc9193af000e91decb630fc6aa7,1,RVrFMo2Rz6UtviBVPE7QNjyBobyu7G1Tn2,988.90775000,pubkeyhash,,,
89a07f2316f1331ecb3fd4cd5f7db861dcac1a31bdbbe3a863b06752af4f0a9d,0,,0.00000000,nulldata,,,
89a07f2316f1331ecb3fd4cd5f7db861dcac1a31bdbbe3a863b06752af4f0a9d,1,RLAfoQWesCkPKFgMnj1vQewRDCKc2UCGmP,988.89671000,pubkeyhash,,,
89c425209f776fbb8d3db38c72f557349912312a4813d77f3210873d9ae62871,0,,0.00000000,nulldata,,,
89c425209f776fbb8d3db38c72f557349912312a4813d77f3210873d9ae62871,1,RBSscfPRhMu95ESkB1QMjrwao9vDdc7FMj,991.69227000,pubkeyhash,,,
89da009d60eda085250ce66f2021b9744c18d8b82432d97998432cb4c2293d9b,0,,0.00000000,nulldata,,,
89da009d60eda085250ce66f2021b9744c18d8b82432d97998432cb4c2293d9b,1,RTHo7HdSH58Sp61PDsvmGs4Eburb1ppddH,990.31503000,pubkeyhash,,,
89e2742d23be0e2703d1ae3966317c92c4eb147582c158fd5a5c7e3b0a3a5b34,0,,0.00000000,nulldata,,,
89e2742d23be0e2703d1ae3966317c92c4eb147582c158fd5a5c7e3b0a3a5b34,1,RSzCzuehTD88VinvcSPUd8Tj11U7ha5NNQ,990.09423000,pubkeyhash,,,
89efa7a4b659d879a9f653ab0f766b7f3723396c15d3fff7a66fb4bf25d45b79,0,RCTRdNB2enZSiMb86PFESgRWwcEWQV8hqg,125000.49391494,pubkeyhash,,,
89f7ea543238c9066b26b74e92c443b326bbaa962c71918a99cec4f3fd6efb5e,0,RUJ55FXfqsMkC7J8PZq6bkczmEXrBfT4Sq,34.02894373,pubkeyhash,,,
89f7ea543238c9066b26b74e92c443b326bbaa962c71918a99cec4f3fd6efb5e,1,RX1r2eyM1UW7y2xHcrTejDfyCUk1yBmz4i,306.35341991,pubkeyhash,,,
8a07468ee48328f577c1d07100f62051497840d30ecb117f715cbe2c83011071,0,,0.00000000,nulldata,,,
8a07468ee48328f577c1d07100f62051497840d30ecb117f715cbe2c83011071,1,RPyqzhEbg25aTwwcHDRac8gNF5qz9uvjhm,991.22031000,pubkeyhash,,,
8a177f376adc1dc63a0e3e5ee81a969510de2494b2647cfe932f1487ef80d947,0,,0.00000000,nulldata,,,
8a177f376adc1dc63a0e3e5ee81a969510de2494b2647cfe932f1487ef80d947,1,RXNQ1oizNGiTGHqZReqYRCQAcAzxFGFYmR,992.21943000,pubkeyhash,,,
8a1f05cc816cfd03d0217df50719855fc2bc8da945e29cf9bbc78403b4a48600,0,,0.00000000,nulldata,,,
8a1f05cc816cfd03d0217df50719855fc2bc8da945e29cf9bbc78403b4a48600,1,RMRZxREBY73EzBS4gnrHvh7U7vz3c6EWM8,993.33171000,pubkeyhash,,,
8a54f0f75198d6af45ecd664c55e9e45ec6d71c37806fb172314cb61f3f908d4,0,,0.00000000,nulldata,,,
8a54f0f75198d6af45ecd664c55e9e45ec6d71c37806fb172314cb61f3f908d4,1,RR5rrB2HTwuPkbvhoAX2MTmEXW1bUmNGA4,991.19823000,pubkeyhash,,,
8a6fd2e71b134244e376d6bd829fc673eee219514e798d722cdcc05a24dcaab4,0,,0.00000000,nulldata,,,
8a6fd2e71b134244e376d6bd829fc673eee219514e798d722cdcc05a24dcaab4,1,RWyPtFh4Kgcsd9ByfUD8y7KvHrCYekFGGo,992.10903000,pubkeyhash,,,
8a7850a0e0f5962eac55ed1f14f780cb98dcc4ae4ca2d8d998e53f506f385f3c,0,,0.00000000,nulldata,,,
8a7850a0e0f5962eac55ed1f14f780cb98dcc4ae4ca2d8d998e53f506f385f3c,1,RPWymJ6N9voZQGpyDkCXLNuVJM8waCEGZV,994.30584000,pubkeyhash,,,
8a84e362606a611017043f466f70946d7039664e0c6be6da0ec04cee895548c1,0,,0.00000000,nulldata,,,
8a84e362606a611017043f466f70946d7039664e0c6be6da0ec04cee895548c1,1,RRvomp4MWYEvLfMNiczh9Th81ddBZifg9d,990.51927000,pubkeyhash,,,
8b107188918a7de1cebe112395e74c9f050631d152af2c4357dd9689d7f1b668,0,,0.00000000,nulldata,,,
8b107188918a7de1cebe112395e74c9f050631d152af2c4357dd9689d7f1b668,1,RXwwi7P9x5BKDtW8aYncjV2ucsbmcD9WZo,992.40987000,pubkeyhash,,,
8b12beb5262438d0bf38cf005225af10b41a5ad8dc6f695efd91798ebd693d7c,0,,0.00000000,nulldata,,,
8b12beb5262438d0bf38cf005225af10b41a5ad8dc6f695efd91798ebd693d7c,1,RBPTuc7YdLQSPNqjZmY9tzAPTV7iL9SMWf,992.30499000,pubkeyhash,,,
8b325b0a2d5fd2ae7f7f3abdfeb4098f54b63bbdb4c714b99572674ea69f1e10,0,,0.00000000,nulldata,,,
8b325b0a2d5fd2ae7f7f3abdfeb4098f54b63bbdb4c714b99572674ea69f1e10,1,RWMPExPAddx7vYVjPx8SXcGYHyrAaz3cf4,993.87528000,pubkeyhash,,,
8b508047f95a9e09c286bc5e39a1d8139b15f94f5ef1bae2a02a011db2bfd0e3,0,,0.00000000,nulldata,,,
8b508047f95a9e09c286bc5e39a1d8139b15f94f5ef1bae2a02a011db2bfd0e3,1,RFpbDNdsp1FZZWCyycn3biTW4tBeXZgu3G,992.57547000,pubkeyhash,,,
8b76a9d7ce729534d08701999da4e913c42c71a20973141cb7b250ad0f4cb4f1,0,,0.00000000,nulldata,,,
8b76a9d7ce729534d08701999da4e913c42c71a20973141cb7b250ad0f4cb4f1,1,RDJLrCNpvrVrrULEzMonxUuEmWDzrDvjdm,995.26228000,pubkeyhash,,,
8ba1eaed1f0e642c5a4f2ef3d0f140c217f4520f5cc6b38bf2cf7ba6ff3db705,0,RHGrjTaNiEiVMzARvvALKVogzxTNoCtXtZ,50.80746154,pubkeyhash,,,
8ba1eaed1f0e642c5a4f2ef3d0f140c217f4520f5cc6b38bf2cf7ba6ff3db705,1,RKvF18oHToQBMKfAe6o5hHHtDo2iVeznMe,691.99311502,pubkeyhash,,,
8ba28ca0314a5df8cfac60644e138aee4ed1c5de14e7b53924b2d1f552072683,0,,0.00000000,nulldata,,,
8ba28ca0314a5df8cfac60644e138aee4ed1c5de14e7b53924b2d1f552072683,1,RGFTzSkagC88sPZFU1aPBhm7asuDTQoegX,992.69967000,pubkeyhash,,,
8bb63e90f94af9f3404c604709dd84e30bca0cf20b9ffc1d2df78ffa640ff079,0,RMKd7jAm9y682pLc6QiHSUFTxZReSRKZfe,0.50165647,pubkeyhash,,,
8bb85fd5b36e159610781a6c003c0d419b86adec5fb448aa22a622d7e7d5edba,0,,0.00000000,nulldata,,,
8bb85fd5b36e159610781a6c003c0d419b86adec5fb448aa22a622d7e7d5edba,1,RTJQshMvSCEUUEcnJou9qbzkcrq29fEyNi,994.34724000,pubkeyhash,,,
8bb8897ad4492017ec621ead7e3416d62b4f06a13e9c61c570bec16344319e4e,0,,0.00000000,nulldata,,,
8bb8897ad4492017ec621ead7e3416d62b4f06a13e9c61c570bec16344319e4e,1,RXc3SDhQgkJCyB7CQBs9LQ2pTietNfRYeY,989.28863000,pubkeyhash,,,
8bc70a256bbd846fc03ab9d34a0087cafb4e4b5a4666ff7156d35df125f51e67,0,,0.00000000,nulldata,,,
8bc70a256bbd846fc03ab9d34a0087cafb4e4b5a4666ff7156d35df125f51e67,1,RNG4aGeojFfbRX27Yz49kRzRyamedPxPgS,991.00503000,pubkeyhash,,,
8bcc0bc8cb293e190487169d9f68366b53d8fd0d7bf77b61c380e51464bb935f,0,,0.00000000,nulldata,,,
8bcc0bc8cb293e190487169d9f68366b53d8fd0d7bf77b61c380e51464bb935f,1,RQU9YTcne6v7VEnsJm6nGfMSR7UjdApxRr,992.08695000,pubkeyhash,,,
8bce4086eb6607cc7056f249bb1cf30751b38447d16a1d0f314fed9776393ae9,0,,0.00000000,nulldata,,,
8bce4086eb6607cc7056f249bb1cf30751b38447d16a1d0f314fed9776393ae9,1,RAzbcJuYeXCRLwkDUyhFPqHfhaqKZWLNPM,990.97743000,pubkeyhash,,,
8bd17cd054bd8d81e38cc08088dcb1eb4e95522504e9fa2175188c505c3c8d28,0,,0.00000000,nulldata,,,
8bd17cd054bd8d81e38cc08088dcb1eb4e95522504e9fa2175188c505c3c8d28,1,RYFSn17B46HWABmQm9jGLQbEyFYQ5857SH,994.61156000,pubkeyhash,,,
8be457b419e8da32fc3dce1d9193aafa9046d2549d9e91ee56c779f36c1bd36a,0,,0.00000000,nulldata,,,
8be457b419e8da32fc3dce1d9193aafa9046d2549d9e91ee56c779f36c1bd36a,1,RVPNuhnpKnQFGpBF3T6ivCkjHq24PpJPPF,994.28100000,pubkeyhash,,,
8be8ed8459a942f7f1a8badac738b64f8dc42b4fa9f79c0dd8880ea1ab60351d,0,R9sjVWpvgson4qW6ykxsK2pus3cqASEkhU,33.99245403,pubkeyhash,,,
8be8ed8459a942f7f1a8badac738b64f8dc42b4fa9f79c0dd8880ea1ab60351d,1,RX1r2eyM1UW7y2xHcrTejDfyCUk1yBmz4i,306.02430477,pubkeyhash,,,
8c09b043dfc2a1019cdec6bcde2cdc56881e70eb4e81ea7f61cc953cc959a4c3,0,,0.00000000,nulldata,,,
8c09b043dfc2a1019cdec6bcde2cdc56881e70eb4e81ea7f61cc953cc959a4c3,1,RQ1S1iwCDyM3kX3zv2v6xy45bQkSmvu5kR,989.14787000,pubkeyhash,,,
8c112051139271f3afec2f1acb47cc4581908e653d4fbffa7af50963d9f0a45f,0,,0.00000000,nulldata,,,
8c112051139271f3afec2f1acb47cc4581908e653d4fbffa7af50963d9f0a45f,1,RLk8beG5cW3v6tonwbAVJ528ENSvm4a7uw,992.81283000,pubkeyhash,,,
8c19893a0f5a8761aabca4dae8ed2c5e83e826fcc25ec0fa9381334bfb1378d9,0,,0.00000000,nulldata,,,
8c19893a0f5a8761aabca4dae8ed2c5e83e826fcc25ec0fa9381334bfb1378d9,1,RHAriwyDQ6hFRiC6CVaCsFxG8NkBkrD5uU,990.66003000,pubkeyhash,,,
8c5145fbc8f64fc00cb22b1535a729e4b9a3e022e731358a791fcd215c740764,0,RKbtRgCeiJo6AkNHnkas2tQzvmAqoT1dtJ,33.99320737,pubkeyhash,,,
8c5145fbc8f64fc00cb22b1535a729e4b9a3e022e731358a791fcd215c740764,1,RX1r2eyM1UW7y2xHcrTejDfyCUk1yBmz4i,306.03108533,pubkeyhash,,,
8c7132f22bd374b30d9c57fcbd400b25ad171593ac5e62ae851710699e0143ca,0,,0.00000000,nulldata,,,
8c7132f22bd374b30d9c57fcbd400b25ad171593ac5e62ae851710699e0143ca,1,RRQBMbVqbpV9v2T5P4D38T6vPV2cniqicw,993.22683000,pubkeyhash,,,
8c74aff3835a82e092ae3f5ef6692347f77da218ba5947002d2a303a926f6417,0,,0.00000000,nulldata,,,
8c74aff3835a82e092ae3f5ef6692347f77da218ba5947002d2a303a926f6417,1,RSuFvXMphTHALKWTmWksW38TG8JvCpT6C2,990.59931000,pubkeyhash,,,
8c926e4ebdc3de06bf3a62e8da21023a31128d6b205b2edb20ba6088b8eb1d8d,0,,0.00000000,nulldata,,,
8c926e4ebdc3de06bf3a62e8da21023a31128d6b205b2edb20ba6088b8eb1d8d,1,RWzgiWmdjp554jztToocJ31z55gi3jMNff,990.67935000,pubkeyhash,,,
8cdc841aa52e6a43f4c0dd8d82c1db78531b81eee5770ce2f5b531ecff2178f4,0,,0.00000000,nulldata,,,
8cdc841aa52e6a43f4c0dd8d82c1db78531b81eee5770ce2f5b531ecff2178f4,1,RXvMF9keRwMQkv5DxFS9jdxAV21JV3T7Rk,990.69867000,pubkeyhash,,,
8cdea875bbee85bdac22ce757334dbcfe2ea814e93964e64af7239c3d560907a,0,,0.00000000,nulldata,,,
8cdea875bbee85bdac22ce757334dbcfe2ea814e93964e64af7239c3d560907a,1,RTa9JF6ispLa9ypXktudJYze8z9rUJPYo1,990.41715000,pubkeyhash,,,
8d0e440a937fbf35934d43b488fc18e81c13d2e580bc3d0e2a4930a21dd728f1,0,,0.00000000,nulldata,,,
8d0e440a937fbf35934d43b488fc18e81c13d2e580bc3d0e2a4930a21dd728f1,1,RMJnhsFJ27vQpcvdnVFqbhz5vPy5E6P9Ce,991.43559000,pubkeyhash,,,
8d12727747e36805ff1862a0cd4e10e3f18923ce9d9a5c6fb9d43b78bfe7d46c,0,,0.00000000,nulldata,,,
8d12727747e36805ff1862a0cd4e10e3f18923ce9d9a5c6fb9d43b78bfe7d46c,1,RSr23m3HVjQjVy8SaortePk3HcLjgcn2tJ,990.72903000,pubkeyhash,,,
8d34c27af32d086b5c1da4f1d1351d269edb55cfda0f40d65ec0c1bbdbe5749a,0,,0.00000000,nulldata,,,
8d34c27af32d086b5c1da4f1d1351d269edb55cfda0f40d65ec0c1bbdbe5749a,1,RX9nPb9FqhKu2hCgMqKPf6G2iwqY1ptQF5,991.89375000,pubkeyhash,,,
8d36234149f7aafa7064c651338d487f7b82157e26611a6f384afe8014b02589,0,,0.00000000,nulldata,,,
8d36234149f7aafa7064c651338d487f7b82157e26611a6f384afe8014b02589,1,RTqNt4Kvo6N9YV25XHh3V8uKn7eTjMfZsz,991.02435000,pubkeyhash,,,
8d47b1ce7dc507a24b8a5eea912e3c1f920ba03321f7c7a31d8caf6dfec84671,0,,0.00000000,nulldata,,,
8d47b1ce7dc507a24b8a5eea912e3c1f920ba03321f7c7a31d8caf6dfec84671,1,RWc1UBcRsbbmhaR6fkHiZBX98uGCBPRbgL,991.19547000,pubkeyhash,,,
8d61ac25bfe85f3aa3bfcdc4078c251a4d81bc0dc53a02452fdbd6812f3c25e7,0,,0.00000000,nulldata,,,
8d61ac25bfe85f3aa3bfcdc4078c251a4d81bc0dc53a02452fdbd6812f3c25e7,1,RSVZF8YHKwcko6y9HQgDui6o7zWMVP34H7,992.05107000,pubkeyhash,,,
8d64a7a2c529807b1fb91211e48a19f5bc84134ca1cc0b40bff5ffc764eeb014,0,RMKd7jAm9y682pLc6QiHSUFTxZReSRKZfe,3.71730941,pubkeyhash,,,
8d7999b5fa21f2876d3fde726f28a52f2940b8c45650ea2e8626b2c4f8856901,0,,0.00000000,nulldata,,,
8d7999b5fa21f2876d3fde726f28a52f2940b8c45650ea2e8626b2c4f8856901,1,RVpcnpxbi9yJB8HtYk4rzgoXdgGduXB3Pk,989.49839000,pubkeyhash,,,
8dd262aac6f11a6b329d1b5b9d046fcf89be2fedc927a4cf5169abfc8865910f,0,,0.00000000,nulldata,,,
8dd262aac6f11a6b329d1b5b9d046fcf89be2fedc927a4cf5169abfc8865910f,1,RP5iAAvwMMxfXQBNyt9EMtUDEAxft2C3sM,989.21687000,pubkeyhash,,,
8de9f8858152595f7cd61c46692e7d8a581342c05b9ddde59d0898a4248c95b3,0,,0.00000000,nulldata,,,
8de9f8858152595f7cd61c46692e7d8a581342c05b9ddde59d0898a4248c95b3,1,RCsQ9XYFkziUE96Ybc2DvXiGwtcJRRjf7d,992.33259000,pubkeyhash,,,
8df9db2514c3059ef2fd831f94f4d3b22297a516586e3cdc6fbc8cd3c834917e,0,,0.00000000,nulldata,,,
8df9db2514c3059ef2fd831f94f4d3b22297a516586e3cdc6fbc8cd3c834917e,1,RLEicSeP9GePUBKKXCUNcPcDgqrWTDMMTk,994.05744000,pubkeyhash,,,
8dfa6c5c8941ff121f94821d014722e56cc0e34ea3b0a50edf3ab1e88870b07b,0,,0.00000000,nulldata,,,
8dfa6c5c8941ff121f94821d014722e56cc0e34ea3b0a50edf3ab1e88870b07b,1,RQDjabNjr75KJMh9rL11LF6zKQDy1QchWG,989.78511000,pubkeyhash,,,
8e0a5bce73cd509eea1bf0da8a6523f0e0c672a3c39b7ac822973f7640bd8f0e,0,,0.00000000,nulldata,,,
8e0a5bce73cd509eea1bf0da8a6523f0e0c672a3c39b7ac822973f7640bd8f0e,1,RSbD2ajDhr5QoCJDPSL8E8MAJXGS4H1qEf,991.60947000,pubkeyhash,,,
8e0b5b72c9a2298477480759beedb668eee5d1192f80a73aa1b916503566a67c,0,,0.00000000,nulldata,,,
8e0b5b72c9a2298477480759beedb668eee5d1192f80a73aa1b916503566a67c,1,RMRHbQGokB5gL4EEiV4AnL45Umd2fjqFUk,989.56739000,pubkeyhash,,,
8e0daf7ec79abc724d288a7c0fb947b36ce650fef0ab82f0cec19571a52b5e91,0,,0.00000000,nulldata,,,
8e0daf7ec79abc724d288a7c0fb947b36ce650fef0ab82f0cec19571a52b5e91,1,RWmSFBpQ6a42q8kjufz3n1A9HibQ9RyT9y,989.15891000,pubkeyhash,,,
8e23540127ea64e8a2f17da479cc13b0e5a36d75250935432171e175a1b36aa7,0,,0.00000000,nulldata,,,
8e23540127ea64e8a2f17da479cc13b0e5a36d75250935432171e175a1b36aa7,1,RJd6ZmMtCaNCGa5g1UgEL9f1AetJ9UkejM,992.21391000,pubkeyhash,,,
8e57978778642d71327945ba8542bccfa6deaf41c706da7de92503744210b742,0,,0.00000000,nulldata,,,
8e57978778642d71327945ba8542bccfa6deaf41c706da7de92503744210b742,1,RE6VzkS7z9wyXfxWVKzyR5mcbZriMyyzNX,994.60052000,pubkeyhash,,,
8e6550cff5eaa8d78249cc4d740a8c5d5bf848d4271f8cb76443b0e37ea2d7b5,0,RX1r2eyM1UW7y2xHcrTejDfyCUk1yBmz4i,306.11573670,pubkeyhash,,,
8e6550cff5eaa8d78249cc4d740a8c5d5bf848d4271f8cb76443b0e37ea2d7b5,1,RYTJyseswRmmpRvjmh2eM34ur7wcmXk4vM,34.00263548,pubkeyhash,,,
8e8fea614fc783c07c09d5e2b7c1e8fcc816fc5c63115a7a0e2977aa74488e38,0,,0.00000000,nulldata,,,
8e8fea614fc783c07c09d5e2b7c1e8fcc816fc5c63115a7a0e2977aa74488e38,1,RC9YmqL2hcbztB966FBo75eKJTPqpLCZaK,993.07227000,pubkeyhash,,,
8ec71a1ab765f8a0efe05f4d8acd97852d1648ed56b397a87ae9abd833382797,0,RX1r2eyM1UW7y2xHcrTejDfyCUk1yBmz4i,306.37716770,pubkeyhash,,,
8ec71a1ab765f8a0efe05f4d8acd97852d1648ed56b397a87ae9abd833382797,1,RELmJCoWjE3jfJcbNR4K7QBKbSL6w4zbPy,34.03158193,pubkeyhash,,,
8ed8dcb7bbf7569348ceee5face471449d18a3cda5e932287dbe5a75c3dc9f53,0,,0.00000000,nulldata,,,
8ed8dcb7bbf7569348ceee5face471449d18a3cda5e932287dbe5a75c3dc9f53,1,RQnzTW326Rqiv8AbHZtmzy13Axh2jFVqYF,994.44320000,pubkeyhash,,,
8f08645765f18b8e57e27df7facec0abd59294dcf9ec61b112f6f3b412821980,0,,0.00000000,nulldata,,,
8f08645765f18b8e57e27df7facec0abd59294dcf9ec61b112f6f3b412821980,1,RHhpQe8X3ZzgxqUe6QxP79CwDhBjcX1FxN,989.55911000,pubkeyhash,,,
8f2a8490d8b60ce55c8ae345b4a1dbb7c8eb7c97e9c4aececf78ae07ef07af4b,0,,0.00000000,nulldata,,,
8f2a8490d8b60ce55c8ae345b4a1dbb7c8eb7c97e9c4aececf78ae07ef07af4b,1,RLGiQBqNkM7VTAnuUrkJZ4wmPEbab1uA6z,994.41316000,pubkeyhash,,,
8f3b2d763ff318025b12a7e21a7c881097b4d616d8ab45936dd8e381334e967b,0,,0.00000000,nulldata,,,
8f3b2d763ff318025b12a7e21a7c881097b4d616d8ab45936dd8e381334e967b,1,RQENQ2adBLGSNHfrcKh1rcsvZdMWkuxHvS,989.18099000,pubkeyhash,,,
8f65ffe3485be427cca1980968943190acb7f8dea3bf633e874b433cfa6f0fce,0,,0.00000000,nulldata,,,
8f65ffe3485be427cca1980968943190acb7f8dea3bf633e874b433cfa6f0fce,1,RW25bjeJHTS1oQ35kg7xJB7VJsfAo7g2sE,994.22580000,pubkeyhash,,,
8f6d6ad3ffafe1d48df726a48957683471d9dc3989d71423947f6a2eeb4b1935,0,RCTRdNB2enZSiMb86PFESgRWwcEWQV8hqg,125000.57244896,pubkeyhash,,,
8f7ae8b9568c7b0937b34699276399e083df2ae9e4c9ae227f44d5abf24bba30,0,,0.00000000,nulldata,,,
8f7ae8b9568c7b0937b34699276399e083df2ae9e4c9ae227f44d5abf24bba30,1,R9r6yYqMGJDejjy2Zut4fx9P6t32KRqKKp,995.20984000,pubkeyhash,,,
8f7dabd5323a17e612a641f31f3b240866ad0b6a99bf73284abd07ec3c0025e3,0,,0.00000000,nulldata,,,
8f7dabd5323a17e612a641f31f3b240866ad0b6a99bf73284abd07ec3c0025e3,1,RE4pWcuBJT1A9T5bGihSK27XqXmyei6843,992.29947000,pubkeyhash,,,
8fbb177c9e1f6e9ff81204c6a6d3d663b3ae738b5a039901dd866bb0a756ffea,0,,0.00000000,nulldata,,,
8fbb177c9e1f6e9ff81204c6a6d3d663b3ae738b5a039901dd866bb0a756ffea,1,RVZPzYwpAiRAC2NNJ4u9LXeJAr7uYY2vF8,993.55788000,pubkeyhash,,,
8fc3e228565e9de8ee146ea15ba856839d7673712201e0aa5def78ea50398b29,0,,0.00000000,nulldata,,,
8fc3e228565e9de8ee146ea15ba856839d7673712201e0aa5def78ea50398b29,1,RWTxnnWFtGcgXETZqYjPj1ZsUKfMVjH3K5,991.72539000,pubkeyhash,,,
8fe5be8a0308c71e1f98ef8546356e7abefb7a947a30e64d343e1d1f7eafc996,0,,0.00000000,nulldata,,,
8fe5be8a0308c71e1f98ef8546356e7abefb7a947a30e64d343e1d1f7eafc996,1,RJhUJFBJUZn65x5DY5E3qeFMt47QfFTehr,989.72991000,pubkeyhash,,,
8ff5fbc2e707335dfe3ebe93682030c2510d96044e486607aa26f9a16d8d1496,0,,0.00000000,nulldata,,,
8ff5fbc2e707335dfe3ebe93682030c2510d96044e486607aa26f9a16d8d1496,1,RBjPiiMm4ug5B5zRfKmdN54Rrih4LRmsKW,991.20927000,pubkeyhash,,,
900540f125fe8ea1ffe4a9ffbf742a8f7a119bfbbf7cf8cfdb5b5659462a5d51,0,,0.00000000,nulldata,,,
900540f125fe8ea1ffe4a9ffbf742a8f7a119bfbbf7cf8cfdb5b5659462a5d51,1,RMtfepnmb2brW5ZbDyBAj2rX4hyfJjy4Qx,995.32024000,pubkeyhash,,,
900ffed78d658406af81d02862f7a198eb0e810590a3837b1b62c0019b20cd61,0,,0.00000000,nulldata,,,
900ffed78d658406af81d02862f7a198eb0e810590a3837b1b62c0019b20cd61,1,RGnHXoprSDj1SJ7CXXbvK2G9NPPrpHkSU4,991.18167000,pubkeyhash,,,
90250f25c2ba8a87aa6de256f28cbe7e61549fa9ec031aae28dcd49a770b3898,0,,0.00000000,nulldata,,,
90250f25c2ba8a87aa6de256f28cbe7e61549fa9ec031aae28dcd49a770b3898,1,RRsV8MHz5W4hi97DKwtiNmCUY7MW5hMH5F,992.88735000,pubkeyhash,,,
90401e4ae1fb85788d6784195bb0ed2adfc937a9730ee69bdbc7d64c0148983f,0,,0.00000000,nulldata,,,
90401e4ae1fb85788d6784195bb0ed2adfc937a9730ee69bdbc7d64c0148983f,1,RKC7s6r8CyuASij9q9tSZ7KynLEMBDTs81,990.79803000,pubkeyhash,,,
904970e771f4445871d2e021599093427a72f3d3c864bee6c40a56ba991f8a40,0,,0.00000000,nulldata,,,
904970e771f4445871d2e021599093427a72f3d3c864bee6c40a56ba991f8a40,1,RKa5U5G24QGV4VtzejQDMaJoPwcjb3wGg5,992.26911000,pubkeyhash,,,
904a093474098019e0de72475e33b899e517cb851565aa1f3d0aae06cd2a6d9a,0,,0.00000000,nulldata,,,
904a093474098019e0de72475e33b899e517cb851565aa1f3d0aae06cd2a6d9a,1,REkdch8zYZBBNHyHnZezPQn8cBA2GskLWm,990.94707000,pubkeyhash,,,
905427396111f8a728a9cdbb68f2b6874d470570e1f0ac702b14170aa7ebb200,0,,0.00000000,nulldata,,,
905427396111f8a728a9cdbb68f2b6874d470570e1f0ac702b14170aa7ebb200,1,R9T6faVURYsnEMh9DvaeTwouMFmMik7929,990.72075000,pubkeyhash,,,
90597a98df79c3719bd89cd8b330580401f2a7b87a04b47394bfd6326cf30a01,0,,0.00000000,nulldata,,,
90597a98df79c3719bd89cd8b330580401f2a7b87a04b47394bfd6326cf30a01,1,REb3Ej886m8hhzVHTqS8ts8UghbkYrxzjv,990.41163000,pubkeyhash,,,
905d1a9878204eac8fa36a0fde48308b99d908129674af59dbb54984e36dcc99,0,,0.00000000,nulldata,,,
905d1a9878204eac8fa36a0fde48308b99d908129674af59dbb54984e36dcc99,1,RGXWovFmzqqgz4gGpCS7HDMWobs5DhTKJV,993.05847000,pubkeyhash,,,
9069e421e31fe3b41b272743b09f1274d0307e134f0126db0865afb5710818c9,0,,0.00000000,nulldata,,,
9069e421e31fe3b41b272743b09f1274d0307e134f0126db0865afb5710818c9,1,RDcd9WgJcrXX75s4YtbiALndB11FCWdGA5,992.52579000,pubkeyhash,,,
906ff8568de690efeafe86b544f533d2340a4dd66055ba748b3948a53c294ec0,0,,0.00000000,nulldata,,,
906ff8568de690efeafe86b544f533d2340a4dd66055ba748b3948a53c294ec0,1,RLdzH1cPxeag9CFkkw45rdACsC5boUFX7S,988.94087000,pubkeyhash,,,
909e1780b377c743d9ddd5d07e33bd3b220acd6b8d8baf81bc9f7cc8f22fc9f1,0,,0.00000000,nulldata,,,
909e1780b377c743d9ddd5d07e33bd3b220acd6b8d8baf81bc9f7cc8f22fc9f1,1,RP784kLD714uvmUvffpLD3NLbb5aq7s3Gk,993.48060000,pubkeyhash,,,
90af7acc658ca41b8343d7f73f7198b1f51492f4c3648e5c0cf79ea7a7cb63bf,0,,0.00000000,nulldata,,,
90af7acc658ca41b8343d7f73f7198b1f51492f4c3648e5c0cf79ea7a7cb63bf,1,RTzcPLyht9EA73kNnyuZzcyzp9tdbdfnnd,989.29691000,pubkeyhash,,,
90d85128e9f2c510f7709af4caa5ec7c3bf4927d8a7687a92750291aa5b7da0a,0,,0.00000000,nulldata,,,
90d85128e9f2c510f7709af4caa5ec7c3bf4927d8a7687a92750291aa5b7da0a,1,RSSX5Xeq5NzFLE9vqF1SYp8JhizAii7rnv,994.98416000,pubkeyhash,,,
90e7c22b73e5e18579ad696a440e482f4a5c28e7efd15eed8b5813341ef44a95,0,,0.00000000,nulldata,,,
90e7c22b73e5e18579ad696a440e482f4a5c28e7efd15eed8b5813341ef44a95,1,RQe98qoJ4t1Tq7rEAytBhPE9fGZxkDsjAB,989.76027000,pubkeyhash,,,
90f936dba16a4ea09588900a6202423fee12f42d9fd66f260294396de9c1c27a,0,,0.00000000,nulldata,,,
90f936dba16a4ea09588900a6202423fee12f42d9fd66f260294396de9c1c27a,1,RBH11MyNKwaU1h3ZP4TTyXxzw8pT2fzwpU,992.98671000,pubkeyhash,,,
910d3d17c9b13310ffb6aa29736097a2299a1375b058c1a4f40adbbc589036f3,0,,0.00000000,nulldata,,,
910d3d17c9b13310ffb6aa29736097a2299a1375b058c1a4f40adbbc589036f3,1,RW6KetEawWP9wvvPHabArZqneM4eDJ16bb,993.38415000,pubkeyhash,,,
913ab2e007476576c4fd1fdcf14ba8d58c351b23bfa4ca49425731b823ed8299,0,,0.00000000,nulldata,,,
913ab2e007476576c4fd1fdcf14ba8d58c351b23bfa4ca49425731b823ed8299,1,RJwK1CEgEaKfiV9kyNCrF21r2xjrGA7obG,994.74956000,pubkeyhash,,,
9160881fd7b34554c498ff15d25bf80ed1f910d67e25f0b7e82f9dc5ddf1c796,0,,0.00000000,nulldata,,,
9160881fd7b34554c498ff15d25bf80ed1f910d67e25f0b7e82f9dc5ddf1c796,1,REBgmbgysoxL9tNTj6vvR9iu1JeUF9hStq,989.27207000,pubkeyhash,,,
917227f3ff284b93b8dea60e8ee9b50daf2bfea2de25340b0ed6302774b4d711,0,,0.00000000,nulldata,,,
917227f3ff284b93b8dea60e8ee9b50daf2bfea2de25340b0ed6302774b4d711,1,RStkymcW1JjMm43prPdr4Jr2pdZdxCmaHx,991.48251000,pubkeyhash,,,
9197a129036b830bde8fc85e4bc3673711bc9e87f5676a10d5dd94ad537b3528,0,,0.00000000,nulldata,,,
9197a129036b830bde8fc85e4bc3673711bc9e87f5676a10d5dd94ad537b3528,1,RE7RUmM8puURjS8vdyqgwzauUX1D7grcY7,989.61431000,pubkeyhash,,,
919d96c5d92bd5870ac6aec8a2b4a30c46e3a853a085dc1121d65ca02aacd444,0,,0.00000000,nulldata,,,
919d96c5d92bd5870ac6aec8a2b4a30c46e3a853a085dc1121d65ca02aacd444,1,RWNDBfQtVRQFD54EmMV8EzUfvdFz3qZ1D9,993.62964000,pubkeyhash,,,
91b6c206cbb6757a0fd7fa5864289a79b52f948a12f84044dfe51f491acf5b64,0,,0.00000000,nulldata,,,
91b6c206cbb6757a0fd7fa5864289a79b52f948a12f84044dfe51f491acf5b64,1,RNTYoQhvhY6KhkGnwBtxVHCi5TjKACMeXr,988.88567000,pubkeyhash,,,
91bc9842e7f166ed562c27092df6b78e4ec3cf7b82ef445d379e2d07b0c9bec8,0,,0.00000000,nulldata,,,
91bc9842e7f166ed562c27092df6b78e4ec3cf7b82ef445d379e2d07b0c9bec8,1,RREjJNbLqLQJwoAbwAes2H2c3c32oqVgbh,991.40799000,pubkeyhash,,,
91cb7615ff54654a77050cb5b00d4ac0c19b3b82931bdf64b64fcbab4ada6546,0,,0.00000000,nulldata,,,
91cb7615ff54654a77050cb5b00d4ac0c19b3b82931bdf64b64fcbab4ada6546,1,RHgpovhGGBf86DVL4EKr18vWAo6jC2NCbC,990.33435000,pubkeyhash,,,
9203753e7d198ad23b5618fbf307cdbd6dbb1784e3299e1ad0ae1320d70791a2,0,,0.00000000,nulldata,,,
9203753e7d198ad23b5618fbf307cdbd6dbb1784e3299e1ad0ae1320d70791a2,1,RWrfZgnodA8LGBw9BS4w6vAzuzENoeorzg,992.50371000,pubkeyhash,,,
92198aecd430d527fc4220a823ff9fa074be6aaa37056116df0392d72a30690e,0,,0.00000000,nulldata,,,
92198aecd430d527fc4220a823ff9fa074be6aaa37056116df0392d72a30690e,1,RRXEXHuBoLMM56zYLeK5bkvehxmUGJ1AVS,993.27375000,pubkeyhash,,,
921e56e375f33d38416bcf09d95688ce9e324f0fd6250b46a3f5d9527297a007,0,,0.00000000,nulldata,,,
921e56e375f33d38416bcf09d95688ce9e324f0fd6250b46a3f5d9527297a007,1,RM2QqQHYhHBa63sojpe2Fun1B8xY8WLQuy,989.50943000,pubkeyhash,,,
921fc821b952d083d5666a8578355f6b09e7e61ea5ca42487554e172ae16d681,0,,0.00000000,nulldata,,,
921fc821b952d083d5666a8578355f6b09e7e61ea5ca42487554e172ae16d681,1,RC3eKZvg6V1tJLrRYZGpkfZ6CgP792g1NR,990.43923000,pubkeyhash,,,
922009726c251fc1ff8245e015fe69ec3430d526cd89a7c19ae94edf67a6713e,0,,0.00000000,nulldata,,,
922009726c251fc1ff8245e015fe69ec3430d526cd89a7c19ae94edf67a6713e,1,RPhgn4z1CwL5WMW7fzES2mPPiyoayFKA7t,991.70883000,pubkeyhash,,,
923d07afb9a925a817653fb943348598b8e35ec8b2476924108518f978e5b7f8,0,RHvY8nbzytTk2RJQhDspkP9hfPsAJFXCE7,32.60967443,pubkeyhash,,,
923d07afb9a925a817653fb943348598b8e35ec8b2476924108518f978e5b7f8,1,RPEvypNhP3nE6m9cd9ZhTdLV7o2nntFe7M,284.81691062,pubkeyhash,,,
925c8f8f4a4cb88f1085bafb44b0c1bf9f1a0250448dc08d40b36c161a25b93b,0,,0.00000000,nulldata,,,
925c8f8f4a4cb88f1085bafb44b0c1bf9f1a0250448dc08d40b36c161a25b93b,1,RKHkQQvA7jE5aQdumPm4G5hdZsqG7xtshr,991.52115000,pubkeyhash,,,
926fc73d222be8e7a567ad9a7b3ead70e5ee6d1080ecaff2a0ef195d4b05cabd,0,,0.00000000,nulldata,,,
926fc73d222be8e7a567ad9a7b3ead70e5ee6d1080ecaff2a0ef195d4b05cabd,1,RXmTxiRCbinRAAFUPrgVjuRg67yWWrTyzT,992.52303000,pubkeyhash,,,
9275bc5ec76245d0f480f77bd86807249ec67ccce400c0df20441017578c35ed,0,,0.00000000,nulldata,,,
9275bc5ec76245d0f480f77bd86807249ec67ccce400c0df20441017578c35ed,1,RLTUPivJXpFfXxBqCgkX5YJVJasWz8EGCK,995.04456000,pubkeyhash,,,
928d9e5d4ef9017563a357544a11ec4657e4c0fd30b4bdcc910770dc570f4c08,0,,0.00000000,nulldata,,,
928d9e5d4ef9017563a357544a11ec4657e4c0fd30b4bdcc910770dc570f4c08,1,RMgEEjcrYKordwpDqrryLcSdwjhpbaafGw,991.21203000,pubkeyhash,,,
92af774d4ef98d1bb024b7037290f6145d59ec79cc8530aa1c071631bc55d0f5,0,RVnPh8UFMjDPjPZkzKgGtWtjWsFMsrf2Bg,20.04767909,pubkeyhash,,,
92af774d4ef98d1bb024b7037290f6145d59ec79cc8530aa1c071631bc55d0f5,1,RHvY8nbzytTk2RJQhDspkP9hfPsAJFXCE7,32.34264683,pubkeyhash,,,
92af774d4ef98d1bb024b7037290f6145d59ec79cc8530aa1c071631bc55d0f5,2,RCgNmSJTr7Dx4kWpB4b4Tn7deo1jhsdT5e,830.46531645,pubkeyhash,,,
92b7d52d32c579644047597f4289b5af42c17d3b9ba8ce9e4dbabdf1d1e091e2,0,,0.00000000,nulldata,,,
92b7d52d32c579644047597f4289b5af42c17d3b9ba8ce9e4dbabdf1d1e091e2,1,RVddVpWEpBQ3Wp9XcsBc9XDdsp6CPxSZ7U,991.85235000,pubkeyhash,,,
92c4ad4bee02594d4bcc947417b4561829b92c0729d462ded1dec593047446c4,0,,0.00000000,nulldata,,,
92c4ad4bee02594d4bcc947417b4561829b92c0729d462ded1dec593047446c4,1,RFpLSRzDorqxVwBT5KmiuoBCfAGEqyR8eS,989.73819000,pubkeyhash,,,
92ca5a1803c1490f24ae6317233fd24f6a2f7cf5b7a54f535d26998e43a19bff,0,,0.00000000,nulldata,,,
92ca5a1803c1490f24ae6317233fd24f6a2f7cf5b7a54f535d26998e43a19bff,1,RKGEtmgRFiHmoBao3hGc6fLee4NbzcGZSa,991.29759000,pubkeyhash,,,
92f495377fb142394488f5407e8ef73fd5694d4f9e8d6fbbea55f784662d3dc7,0,,0.00000000,nulldata,,,
92f495377fb142394488f5407e8ef73fd5694d4f9e8d6fbbea55f784662d3dc7,1,RUBpcwy8RvyXqbm4qHbozzK9ttpeHfLG5p,989.88171000,pubkeyhash,,,
93071ac8a84c1dec18009157b03b703b90c79af5a16b1c2234140e37538abe70,0,,0.00000000,nulldata,,,
93071ac8a84c1dec18009157b03b703b90c79af5a16b1c2234140e37538abe70,1,RXH9LFtbvjBc4DDWGHbtpNvgh2ojRtp2KH,993.00603000,pubkeyhash,,,
932b647d5a54aa39821ed7dc1c91a7c350371fcb9310281fc71a7a3cb9f25c5a,0,,0.00000000,nulldata,,,
932b647d5a54aa39821ed7dc1c91a7c350371fcb9310281fc71a7a3cb9f25c5a,1,RHhYYjdgaYamkiuJpirTPbdXBRztQCqseD,992.68587000,pubkeyhash,,,
93917d6e9160de9f4fa604bc65e00a8c5be411f0ea5b65ed89840bd3b499f9d8,0,,0.00000000,nulldata,,,
93917d6e9160de9f4fa604bc65e00a8c5be411f0ea5b65ed89840bd3b499f9d8,1,RPxyFdtgeygYW8DeZWzPaoMSYVFwN8m5qj,993.61032000,pubkeyhash,,,
93a6072732cee879b7a6747059bf4065cbfe7e75217aeb1dd7d5d08edc4a047d,0,,0.00000000,nulldata,,,
93a6072732cee879b7a6747059bf4065cbfe7e75217aeb1dd7d5d08edc4a047d,1,RL4Epz8f3ZzA3NKkn4snhG4KVPCfozB3Gb,990.00039000,pubkeyhash,,,
93cadc6ddd539e5d9fdca9257644bcc2354ec1071dcb493415e5b0ef6164d8d6,0,,0.00000000,nulldata,,,
93cadc6ddd539e5d9fdca9257644bcc2354ec1071dcb493415e5b0ef6164d8d6,1,REEnUA9fk4ckNoY3kw1b3zyfkCy4UqarrV,991.38591000,pubkeyhash,,,
93cf1ae4aa399bb8e865570bf291433875871120ab49005fb705264e37acb755,0,,0.00000000,nulldata,,,
93cf1ae4aa399bb8e865570bf291433875871120ab49005fb705264e37acb755,1,RMM7AQzdv3fiZexEgrb43p9eqcPKBBR3D3,989.94519000,pubkeyhash,,,
93e0cbfd689b20cd45538e391f943a829b56e674744b984709d612455296ec9f,0,,0.00000000,nulldata,,,
93e0cbfd689b20cd45538e391f943a829b56e674744b984709d612455296ec9f,1,RUN1BapEANnCEWZ6hiCBNaf22SUEdC8fuF,991.72263000,pubkeyhash,,,
93ebed3d5deff86869327aeb8afeac3b497d655886ecd281bd2e02b53ad63a1f,0,,0.00000000,nulldata,,,
93ebed3d5deff86869327aeb8afeac3b497d655886ecd281bd2e02b53ad63a1f,1,RLHtTwB7j3yqoGf8mdv38CBq12bmRrEn3b,993.51372000,pubkeyhash,,,
9416869392eb41a71e8da5e724f249bef831064b6dcc27df4abd7504d604b0bf,0,,0.00000000,nulldata,,,
9416869392eb41a71e8da5e724f249bef831064b6dcc27df4abd7504d604b0bf,1,RRJD9esX9MUYewYi4csV8EBkcyTK1Teart,990.63795000,pubkeyhash,,,
941b9a899cf02b092df54252e1a2108c6b0e88573763f76ddab6df7c46b1f5ab,0,,0.00000000,nulldata,,,
941b9a899cf02b092df54252e1a2108c6b0e88573763f76ddab6df7c46b1f5ab,1,RW2Lsd3MD1iUKyNfbyrFon8puQU6bHhEcH,994.80476000,pubkeyhash,,,
9451a7fb0f259ad174969181f10ecd7ed380f577f23a08fd88044cbe5923415d,0,,0.00000000,nulldata,,,
9451a7fb0f259ad174969181f10ecd7ed380f577f23a08fd88044cbe5923415d,1,RJHFT5x42JF6wR8dLpGx6H64W5xHgPiEW6,990.50823000,pubkeyhash,,,
949d8c2569354425096e3f2e911826ded08cf179a6b34d996d4ae6ffaca40d30,0,RFsA1CmvRcwKgxe6o6gmNa6Q1pLK9hhVKC,0.00655595,pubkeyhash,,,
949d8c2569354425096e3f2e911826ded08cf179a6b34d996d4ae6ffaca40d30,1,RX1r2eyM1UW7y2xHcrTejDfyCUk1yBmz4i,306.60459186,pubkeyhash,,,
94ae8018f270ef770e0982841110e813cb2b06dfcb618e9262ff861ca34543b8,0,,0.00000000,nulldata,,,
94ae8018f270ef770e0982841110e813cb2b06dfcb618e9262ff861ca34543b8,1,RPDJgEaqtqZRU5PSKfFkrpp6dMkvnPeBxD,994.56464000,pubkeyhash,,,
94bb26cecb211249c33c4f1680c8ea96128a3cc9ec9e9f5493d149f41979c70d,0,,0.00000000,nulldata,,,
94bb26cecb211249c33c4f1680c8ea96128a3cc9ec9e9f5493d149f41979c70d,1,RGen9pu1BxwVu1XdtAcryQpbTUj3iDTXun,992.98947000,pubkeyhash,,,
94dc419827c9be2d770a1dc06e4198cb4eb99f6a0474b8fcc0e67442f47e0215,0,RE48QbgAMtBaGGaKq2ptRsa9ctTkaE72fW,0.01449861,pubkeyhash,,,
94dc419827c9be2d770a1dc06e4198cb4eb99f6a0474b8fcc0e67442f47e0215,1,RSEpQPXsiXjvdtyX5EmbxXFLbGP8hX8q8V,5000.00000000,pubkeyhash,,,
94edfe3581a493a144542d391021607fb8cc20ee04738def00dee753fd515ff1,0,RBtLv3Z4YnThXsC9uUp684wYi16gJVFNUC,933.05117115,pubkeyhash,,,
94edfe3581a493a144542d391021607fb8cc20ee04738def00dee753fd515ff1,1,RVnPh8UFMjDPjPZkzKgGtWtjWsFMsrf2Bg,20.43738332,pubkeyhash,,,
950232ac7c0c3b301beb7501fe38e3cd16dfdc5535409b78d7da1b4fcc523f62,0,,0.00000000,nulldata,,,
950232ac7c0c3b301beb7501fe38e3cd16dfdc5535409b78d7da1b4fcc523f62,1,RBbvyVPAd8ixgWbt7nQZXQMyhDxZjgdjyv,990.75387000,pubkeyhash,,,
9502b34b31f7be5aa4efb343c24ba5068644e52138e601d88e83f71fa1206e6c,0,,0.00000000,nulldata,,,
9502b34b31f7be5aa4efb343c24ba5068644e52138e601d88e83f71fa1206e6c,1,RPdogLiYYWFD4GgVDs1MKNxN123LSSS83P,990.04179000,pubkeyhash,,,
95211bbf95c546ed18c7d3906ee4d8c6a62a24c9273338cc86b8511427255e17,0,,0.00000000,nulldata,,,
95211bbf95c546ed18c7d3906ee4d8c6a62a24c9273338cc86b8511427255e17,1,RQDHW3Fb6G5wdzbJdaSrnFq4ra5wviRnvu,991.14303000,pubkeyhash,,,
953b8d4044db493f0bd4616acaaab33dc29c62d1d2905901f9c6a140d886fb6e,0,,0.00000000,nulldata,,,
953b8d4044db493f0bd4616acaaab33dc29c62d1d2905901f9c6a140d886fb6e,1,RNdZ2kYRyRuVRPH7LMjDgQfLg8k67pKaRX,990.27363000,pubkeyhash,,,
9563fffa620aefccb05c07ffb046e2485307d37a9eec8442663f90bc81c6df57,0,,0.00000000,nulldata,,,
9563fffa620aefccb05c07ffb046e2485307d37a9eec8442663f90bc81c6df57,1,RCKWyQVubr4PY4ygYyVm1mH8GaTBgX25AV,989.44595000,pubkeyhash,,,
9564516477ca5537b61601fedb695d5209300f793a1f8e5d94455880c993fbab,0,,0.00000000,nulldata,,,
9564516477ca5537b61601fedb695d5209300f793a1f8e5d94455880c993fbab,1,RA3UrmoVKWEKiohnycg2qTC58g1Nf7Jnm1,992.83491000,pubkeyhash,,,
9564d06eeeb060d8ddb1e9e8c73f1a8fce3dedab3e5818be3761721b6f8c8b90,0,,0.00000000,nulldata,,,
9564d06eeeb060d8ddb1e9e8c73f1a8fce3dedab3e5818be3761721b6f8c8b90,1,RSdLrwGFiJASWgpUMrXsEz2sS46jLVFhzF,988.91327000,pubkeyhash,,,
9569714d529b5a18acf11e97d552471887c64acb188b29d09a7a756f7912efba,0,,0.00000000,nulldata,,,
9569714d529b5a18acf11e97d552471887c64acb188b29d09a7a756f7912efba,1,RJbdU4x4Q1XWvdqaA8LrVCW6wGnbGvuupA,992.36019000,pubkeyhash,,,
95819773011022fa07136834e3a5b8bdd3cb7972bec4295ec3a9aeff3ed95248,0,,0.00000000,nulldata,,,
95819773011022fa07136834e3a5b8bdd3cb7972bec4295ec3a9aeff3ed95248,1,RFU5CGxuUhRqqf9EQD2HJED3uanSDdnNqR,992.71347000,pubkeyhash,,,
959133b275882eafc97b0eacee4cc68542d1664c502b0b2c3c459f565c0fc9bf,0,,0.00000000,nulldata,,,
959133b275882eafc97b0eacee4cc68542d1664c502b0b2c3c459f565c0fc9bf,1,RLr6gumctPu8trEnNahoePvRVPBTTvwBCo,992.01243000,pubkeyhash,,,
959daedf0fd0f2e99661887274c9dfb802414ea9bf069fd193f2f23a441ef8b9,0,,0.00000000,nulldata,,,
959daedf0fd0f2e99661887274c9dfb802414ea9bf069fd193f2f23a441ef8b9,1,RJSWTYHV7c9XwwQddzJbjo83fm5oKjTnmG,989.86791000,pubkeyhash,,,
95a100a28cc17b25758e3fda19db1648c38989ef16a20108a11cf0aa080cb336,0,,0.00000000,nulldata,,,
95a100a28cc17b25758e3fda19db1648c38989ef16a20108a11cf0aa080cb336,1,RLaLCS2FNHDavKfLB5CQW7nz2FrS9pTduq,992.95359000,pubkeyhash,,,
95b840c6078ba40ab165b36c22d65c90f29a06f54c66cc64fd79e13845a458e9,0,,0.00000000,nulldata,,,
95b840c6078ba40ab165b36c22d65c90f29a06f54c66cc64fd79e13845a458e9,1,RH4eB6gYnZjahn5obX5xBoqvJiFv6ViidD,989.34935000,pubkeyhash,,,
95c2623155c22e27aff6b5f3cc2ae0162a7c68f1c82c31069ad231152a5a90bc,0,,0.00000000,nulldata,,,
95c2623155c22e27aff6b5f3cc2ae0162a7c68f1c82c31069ad231152a5a90bc,1,RSnLrFtzpM3cmX4TXiaWxrqLCtSQ1kAUjq,993.42264000,pubkeyhash,,,
95e5d1dec09a064355dc8711e28eae9fd2f4bb1667ea189aab2f7aa81d9a80a0,0,,0.00000000,nulldata,,,
95e5d1dec09a064355dc8711e28eae9fd2f4bb1667ea189aab2f7aa81d9a80a0,1,RL5Ff6TVLn7YSPrFiNrHWD8v19Db4vzPnF,993.35103000,pubkeyhash,,,
95f950b24bec66b7ab1df2eb7a6341c259eae4628a97b6b93aed117bec309a88,0,,0.00000000,nulldata,,,
95f950b24bec66b7ab1df2eb7a6341c259eae4628a97b6b93aed117bec309a88,1,RXJjeyAkiWs9dHUfgmKmrH16eB7nJ3aSsK,994.79372000,pubkeyhash,,,
960ac000099271c79b24a26df9dc95d1e819bfe862c814c4bb096580a82baad4,0,,0.00000000,nulldata,,,
960ac000099271c79b24a26df9dc95d1e819bfe862c814c4bb096580a82baad4,1,RBMES1SWJSTxTwXaacGfHQwrzM5i3ES1fn,992.95635000,pubkeyhash,,,
9649d981994eb22d3497e44e18a149facb71c0299153601f677dc8d5d682bc1b,0,RMKd7jAm9y682pLc6QiHSUFTxZReSRKZfe,0.64997105,pubkeyhash,,,
966ac2e9f798a0b77fe20164be851d4ea9b13f5e436632be1edb3d212008e62a,0,,0.00000000,nulldata,,,
966ac2e9f798a0b77fe20164be851d4ea9b13f5e436632be1edb3d212008e62a,1,RVrEuTtfrcb9JYyR5266KXW3UG7kEhBwJq,994.81580000,pubkeyhash,,,
96807c19dabbc6adb7966930195d227637d6b9e6c8a32f1b4ca60d8f425168b2,0,,0.00000000,nulldata,,,
96807c19dabbc6adb7966930195d227637d6b9e6c8a32f1b4ca60d8f425168b2,1,RUnadx2X26mWgiLNdX2kwT6tAzYardLqzp,990.64623000,pubkeyhash,,,
969aa0866c90d6cf66734b3f1c87d649f035f9434c3d1c737900157369f47136,0,,0.00000000,nulldata,,,
969aa0866c90d6cf66734b3f1c87d649f035f9434c3d1c737900157369f47136,1,RJvLBfbXGvHMMEseihFCEZytTDAiBBoDEJ,994.05192000,pubkeyhash,,,
96d5926701e1c1d4df1fbf26f60d8c8d7a6f982f20a4a789578b0d5a4b799f7f,0,RFnUDh7xzysaGy39pMPmnohWNjJ4bNjrJM,34.03987514,pubkeyhash,,,
96d5926701e1c1d4df1fbf26f60d8c8d7a6f982f20a4a789578b0d5a4b799f7f,1,RX1r2eyM1UW7y2xHcrTejDfyCUk1yBmz4i,306.45181523,pubkeyhash,,,
96e63814ea4db3de2d4f15b9c3f559421dfea20f7eeae93d71187a46701f8fc5,0,,0.00000000,nulldata,,,
96e63814ea4db3de2d4f15b9c3f559421dfea20f7eeae93d71187a46701f8fc5,1,RCyYWMPd48ssmtQnP4b9ZgNfoxTWVG1A5o,994.76060000,pubkeyhash,,,
96f3f5ab3d687ee45a22f6faa8da48b46d140f42162575c8f0d8b40a454de525,0,,0.00000000,nulldata,,,
96f3f5ab3d687ee45a22f6faa8da48b46d140f42162575c8f0d8b40a454de525,1,RM6E3Rt6Z4h7VMYPtDhwSoqDiAHHqYxFvE,989.08163000,pubkeyhash,,,
96f938de3473ec37a6b4ac9a6f12341acf1f78af6ca027983a05d18c7728f571,0,,0.00000000,nulldata,,,
96f938de3473ec37a6b4ac9a6f12341acf1f78af6ca027983a05d18c7728f571,1,RGhCkXB4gMeoNiFJAVAZLxyBM8YrucAYgr,990.78423000,pubkeyhash,,,
9706da49135f06224c1140a3c1bee2821f2b481d0be3201b4ed56108a9cc2010,0,,0.00000000,nulldata,,,
9706da49135f06224c1140a3c1bee2821f2b481d0be3201b4ed56108a9cc2010,1,RMKvBjYLLiKfBgHrTsc9CiqiqWetf2KdB5,993.18819000,pubkeyhash,,,
97197cd2b80ef337251cc465a62080b5f1f7639f56327c35f582d10eab93ac33,0,,0.00000000,nulldata,,,
97197cd2b80ef337251cc465a62080b5f1f7639f56327c35f582d10eab93ac33,1,RE2H54hW2tYGuLcnf8gVLgtSH1BeTLQYDs,990.17427000,pubkeyhash,,,
973c6aab583d18d7355847b21d1601047fbc929f9709ef7e25619ba9d871f955,0,,0.00000000,nulldata,,,
973c6aab583d18d7355847b21d1601047fbc929f9709ef7e25619ba9d871f955,1,RJ5swg3gTvNWpUUgwcqoeLW2hAK7cUoMuw,989.46251000,pubkeyhash,,,
974eb29d6a53beaf94b10810e17e8f63a053fa2aedb8e141842f652c88a3c202,0,,0.00000000,nulldata,,,
974eb29d6a53beaf94b10810e17e8f63a053fa2aedb8e141842f652c88a3c202,1,RBoUHCjVxt211yvjgWYnZhKoi6zoatq1he,992.37123000,pubkeyhash,,,
975d889e6b56b3ac3452d5be97bc76bb24292f2f6fdb78823697fc56a37c2803,0,,0.00000000,nulldata,,,
975d889e6b56b3ac3452d5be97bc76bb24292f2f6fdb78823697fc56a37c2803,1,RDV2xMNjfnL2ouEThuBx3E6UCcNPUTE3ou,989.16995000,pubkeyhash,,,
97a39961dcddffaa450a8c0548a6b1d949d4598910cdaed295e5fef73284c994,0,,0.00000000,nulldata,,,
97a39961dcddffaa450a8c0548a6b1d949d4598910cdaed295e5fef73284c994,1,RUri3qjDxAsANR7pBWCmfivA4MPr96vphK,994.80752000,pubkeyhash,,,
97b177a3391ad54693d55156bb320b3763397d35862a647ad445f3edd830f8b0,0,,0.00000000,nulldata,,,
97b177a3391ad54693d55156bb320b3763397d35862a647ad445f3edd830f8b0,1,RVEKem9uRprUDwnXbCeVfuQyZ1Lpsi8oRb,992.25255000,pubkeyhash,,,
97c428ecb847d1d86464c42da872ccc6bbb66fab3fb93dd1163eb12ea4db181b,0,,0.00000000,nulldata,,,
97c428ecb847d1d86464c42da872ccc6bbb66fab3fb93dd1163eb12ea4db181b,1,RG2goMMEhkAw6s8XcFexW26s3knsRboBXF,991.85511000,pubkeyhash,,,
97dfb323f7e24d8b6746030d7b8a0d74633c18947af9e3c18d94f71adc994b45,0,,0.00000000,nulldata,,,
97dfb323f7e24d8b6746030d7b8a0d74633c18947af9e3c18d94f71adc994b45,1,RBmPqWctpYk8oRCJ9UxYj71vaWGwipEde9,994.70540000,pubkeyhash,,,
97f02082bb1ab34ea15386e622daed8cbee2448d6eb7e4cc8873a7a901497523,0,,0.00000000,nulldata,,,
97f02082bb1ab34ea15386e622daed8cbee2448d6eb7e4cc8873a7a901497523,1,RB7jxboRx9V6gqzoPjq3Nmsz93QgjWqGxs,992.81835000,pubkeyhash,,,
97f345154ed0d5927e19af87456d5ac22b7d278019864527d8432400a86d656b,0,,0.00000000,nulldata,,,
97f345154ed0d5927e19af87456d5ac22b7d278019864527d8432400a86d656b,1,RRrc9HxZV2cCSh43xDRSzmQ3tBLpz1tXmH,990.56343000,pubkeyhash,,,
98088e2cd280bef7981a07319c6e673eb98e87eb437c3f190bd9ab9d145e4f9d,0,,0.00000000,nulldata,,,
98088e2cd280bef7981a07319c6e673eb98e87eb437c3f190bd9ab9d145e4f9d,1,RCBbsYVg7fMeK3qYrJMVu7f7w9UEfW8n7X,993.50820000,pubkeyhash,,,
98131cc4412cc655ca1d9fcb558515995d9f625e663d531781e1085a324c6a8b,0,,0.00000000,nulldata,,,
98131cc4412cc655ca1d9fcb558515995d9f625e663d531781e1085a324c6a8b,1,RQjfBkSJFk4rYd4UfZYFjhAZojMPggXRFT,992.33535000,pubkeyhash,,,
981a56f5f4d056111c9c610c0d6808bc4ad4090c298f79574e93c4216537c38d,0,,0.00000000,nulldata,,,
981a56f5f4d056111c9c610c0d6808bc4ad4090c298f79574e93c4216537c38d,1,RSEdQnyT2b1VDTygbfeRozbiSPCaKGs38p,992.75211000,pubkeyhash,,,
981b7cc266ae02cd5db207b9b981f0f0b0d2c4089976891e3d912f193078b38b,0,,0.00000000,nulldata,,,
981b7cc266ae02cd5db207b9b981f0f0b0d2c4089976891e3d912f193078b38b,1,RTMNPXtcNEEZcDyZzuhYZ4gLc7vXSmLU8j,991.94343000,pubkeyhash,,,
981d429bff0d272078cf96f93a222269e4b28b0311063c2381171e6d967b8717,0,,0.00000000,nulldata,,,
981d429bff0d272078cf96f93a222269e4b28b0311063c2381171e6d967b8717,1,RXuQFEPxb9xMPuzXR4BF4chgniL6XbDj9z,994.89032000,pubkeyhash,,,
981e14e4151ae8aa3c75e3dc746fd7032feb1974670ba95edad4f0f6beac26e5,0,,0.00000000,nulldata,,,
981e14e4151ae8aa3c75e3dc746fd7032feb1974670ba95edad4f0f6beac26e5,1,RC2UtXsBMYVuVtk2MCbAq9e2uk97jjXPnp,994.69436000,pubkeyhash,,,
982ef8818e9d2dc3fe6a64af80f23faf5e7a818f0cde369db86547d60862ab07,0,,0.00000000,nulldata,,,
982ef8818e9d2dc3fe6a64af80f23faf5e7a818f0cde369db86547d60862ab07,1,RFrTvSaKEasxKaius4ouaWAtkL9mA2Nttk,992.32707000,pubkeyhash,,,
9835a1d617ec1fe6daea91a9d4e8e4fa5b1e0c4b0d41b43d4c8f4cdf3a2cdd8f,0,,0.00000000,nulldata,,,
9835a1d617ec1fe6daea91a9d4e8e4fa5b1e0c4b0d41b43d4c8f4cdf3a2cdd8f,1,RQ8xfGeqpc8hrBrc5KvGQWocQVkkNYf5fy,993.64620000,pubkeyhash,,,
984697edee36c75bff6072af3fe5bb7d363c97a5637752e57650cfacb0525a4d,0,,0.00000000,nulldata,,,
984697edee36c75bff6072af3fe5bb7d363c97a5637752e57650cfacb0525a4d,1,RXDRDzX45FmfCK8bJajc27rNuEFQvwATrD,993.70692000,pubkeyhash,,,
9869e7b0f7fbcaf7fe545c663750a5990d74fe02aa6af9cafeec01442bf29503,0,,0.00000000,nulldata,,,
9869e7b0f7fbcaf7fe545c663750a5990d74fe02aa6af9cafeec01442bf29503,1,RFckDp5UXfccVBwuHtmGqs1Z3PJqcaNzRE,993.06399000,pubkeyhash,,,
987466d2a90928d0c2ab92394ec673111f4267fbc7766e044bba3f26728f835f,0,,0.00000000,nulldata,,,
987466d2a90928d0c2ab92394ec673111f4267fbc7766e044bba3f26728f835f,1,RCv5wSd4bUUzJr5w5G9aCSuRctERVU63WS,992.85147000,pubkeyhash,,,
987cefbec6eb2bb3c39d1236f84b13b9f143182de594470648a06f822da5f567,0,,0.00000000,nulldata,,,
987cefbec6eb2bb3c39d1236f84b13b9f143182de594470648a06f822da5f567,1,RS5PHZLuBr2xD3JZEtNXjBUgMcDkDzz7NX,992.29119000,pubkeyhash,,,
989b5fcd79c83dbfcb744d4af4923092ddfcbfcdd5dd892db4d1a93b80514672,0,,0.00000000,nulldata,,,
989b5fcd79c83dbfcb744d4af4923092ddfcbfcdd5dd892db4d1a93b80514672,1,RJ79KKQM3yR6knRg8qDdHhtWV6iaj1b6oC,992.44851000,pubkeyhash,,,
98a2d382c3f587d1efaee0706f6bc64f9844fa10a7463bd82ae731c9e478ab8c,0,RX1r2eyM1UW7y2xHcrTejDfyCUk1yBmz4i,306.12930412,pubkeyhash,,,
98a2d382c3f587d1efaee0706f6bc64f9844fa10a7463bd82ae731c9e478ab8c,1,RRaRXhWj8WyD3j2LvxT5J6qfBzJXPdtFih,34.00414513,pubkeyhash,,,
98c11036316d082942890e1784865c467780875b27a975272e12acd2bfcc684d,0,,0.00000000,nulldata,,,
98c11036316d082942890e1784865c467780875b27a975272e12acd2bfcc684d,1,RKHnoLc5vDPMk6gbJiB222r4Ff6B1fY9Xc,991.22859000,pubkeyhash,,,
98cf054a12206ea67ec35b96c9c747cf487acdcdef6414bdcd279be862f081cd,0,,0.00000000,nulldata,,,
98cf054a12206ea67ec35b96c9c747cf487acdcdef6414bdcd279be862f081cd,1,RFfPBWmFTcCHHvyjN9uek5YUqLsn6arsCk,991.43283000,pubkeyhash,,,
98d608a98e124c02beeda14fdc794a77edca7d22b430cb29706b0a29926d0d34,0,,0.00000000,nulldata,,,
98d608a98e124c02beeda14fdc794a77edca7d22b430cb29706b0a29926d0d34,1,RGLCxjHDPxKQfhr6WmrWfqxMNRRkQ6kMjE,991.86891000,pubkeyhash,,,
98ed973a2b269c0d45a446c9f756b0aeb63b498a494b1c36bb5b03af581dad2f,0,,0.00000000,nulldata,,,
98ed973a2b269c0d45a446c9f756b0aeb63b498a494b1c36bb5b03af581dad2f,1,RJHbkJ9bQm6w9kqjnkew6s6eWgDjEPNyYJ,993.40608000,pubkeyhash,,,
990246cf6164ad059f0630f2f82722e8113ab41a26d84515de1f69a65d2dc001,0,,0.00000000,nulldata,,,
990246cf6164ad059f0630f2f82722e8113ab41a26d84515de1f69a65d2dc001,1,REoB97zoFam1oSLq3vDNSieVeRQtvPb6G5,992.66655000,pubkeyhash,,,
9964056dab1596f847be4bb4dc9ca1ff2f693b0398fdf2e0fee1883c31f723ba,0,,0.00000000,nulldata,,,
9964056dab1596f847be4bb4dc9ca1ff2f693b0398fdf2e0fee1883c31f723ba,1,RRwGd8exLGpCbWArtsu8pWUZ1eskZsfZY6,993.32067000,pubkeyhash,,,
99691323fccacd71555d422b19300ffd94e8e5a6dd473956359404cc8e2b5913,0,,0.00000000,nulldata,,,
99691323fccacd71555d422b19300ffd94e8e5a6dd473956359404cc8e2b5913,1,RXMQhFs7pWHkFF9D4jWptMZFjuqVXsRRCg,995.14116000,pubkeyhash,,,
9972e101cd32d82c0e0ae4d61163ca265d03a44120856bb9ffa0568ca6139505,0,,0.00000000,nulldata,,,
9972e101cd32d82c0e0ae4d61163ca265d03a44120856bb9ffa0568ca6139505,1,RVHnWKNJ8u89LADxcm5tt8T5aiRY8dBAyp,990.83391000,pubkeyhash,,,
99937edfef9daedd25e4733cdbfb1ace489d6a16fa808e18c469f5773b08db79,0,,0.00000000,nulldata,,,
99937edfef9daedd25e4733cdbfb1ace489d6a16fa808e18c469f5773b08db79,1,RTUn6H1xcp65HyzrZLtHQ6AaF6Qbk33vDy,991.65915000,pubkeyhash,,,
9996744e775e652e5a970ed2edd53754f77317a0d95db409c8d768dc49c9e98b,0,,0.00000000,nulldata,,,
9996744e775e652e5a970ed2edd53754f77317a0d95db409c8d768dc49c9e98b,1,REsoLvkPmTCnSVR2KzXUp4xSaM3FV3dEHR,993.41160000,pubkeyhash,,,
99a0b233517f6f841a4aea766c4ae42d277a4bc68073214a8cb757b7162a2de7,0,,0.00000000,nulldata,,,
99a0b233517f6f841a4aea766c4ae42d277a4bc68073214a8cb757b7162a2de7,1,RHKeMgpRzvQaDyKVSEFsSDLdTZNeeXjkhK,991.21479000,pubkeyhash,,,
99b1700bec9a9d9f4afc1c822d735f608cb57bb1d9ca777ee783d345f0f8ba1c,0,,0.00000000,nulldata,,,
99b1700bec9a9d9f4afc1c822d735f608cb57bb1d9ca777ee783d345f0f8ba1c,1,RKhSVrLWW1FKtk1WvUXwmS9HNvrygRgN28,994.01052000,pubkeyhash,,,
99b6a93753ced2bbc7530275c35adfbf052c5173e18b4e2facf4638cbe5420b3,0,,0.00000000,nulldata,,,
99b6a93753ced2bbc7530275c35adfbf052c5173e18b4e2facf4638cbe5420b3,1,R9KqqGiM6caKVJbYd47ZiB8hps7bh1iK7Y,994.79096000,pubkeyhash,,,
99c7190393e3a7ae14bcd82b30bae1571be9fd2da429b101f786332066efd088,0,,0.00000000,nulldata,,,
99c7190393e3a7ae14bcd82b30bae1571be9fd2da429b101f786332066efd088,1,RRzsZre8oq4dwc1TUJ1xC1NrtE34TSYRRo,993.48612000,pubkeyhash,,,
99c95a4fab43a69486aa9025ea3c303feca58b9770ab1c1cab02f0ff7d575cc5,0,,0.00000000,nulldata,,,
99c95a4fab43a69486aa9025ea3c303feca58b9770ab1c1cab02f0ff7d575cc5,1,RAojp4oSue8q9F59CALmLK75hgL3MsEyXd,990.68487000,pubkeyhash,,,
99d2c2c5b40818624a41f9a6b5d7b5c9f325685dc2b4111dbc980fa000357035,0,,0.00000000,nulldata,,,
99d2c2c5b40818624a41f9a6b5d7b5c9f325685dc2b4111dbc980fa000357035,1,RXmxcdfmgBkr49uComnoeYxSi4Kar3rvn2,994.61984000,pubkeyhash,,,
9a10dd905f6955073ad43d5c782b71c2705e86172059f575fb0eac4f40a89db0,0,,0.00000000,nulldata,,,
9a10dd905f6955073ad43d5c782b71c2705e86172059f575fb0eac4f40a89db0,1,RJaRezxNZysA4SDtey4rQnc25tZJiBzCpQ,989.90103000,pubkeyhash,,,
9a1499f8abe094341cd952e58616be83da0d1c89581a19355bd39c529f4e72d9,0,,0.00000000,nulldata,,,
9a1499f8abe094341cd952e58616be83da0d1c89581a19355bd39c529f4e72d9,1,RDgK3vMJKFC3LSEfLvLHTRpXvTTfmLEuEE,989.98383000,pubkeyhash,,,
9a1e740bbd0677cf37538d82cdd3cb385cbff491cab2c27e711c432676d2403e,0,RX1r2eyM1UW7y2xHcrTejDfyCUk1yBmz4i,306.32967426,pubkeyhash,,,
9a1e740bbd0677cf37538d82cdd3cb385cbff491cab2c27e711c432676d2403e,1,RXFebKnEJ2DjAExVWxsme3FfuQB6ovwyuM,34.02630550,pubkeyhash,,,
9a1f271452ebc34fdc8b000be6484dc3f95cb7d75b4e26fb75aeb577e5fe5062,0,,0.00000000,nulldata,,,
9a1f271452ebc34fdc8b000be6484dc3f95cb7d75b4e26fb75aeb577e5fe5062,1,R9eVLB5zBa4EPcJ99ZRqj6wLk9mDKdWVin,991.22583000,pubkeyhash,,,
9a561a30589eb359c82492cf223c8b79fc78b2d5a381c567989b769b2afe7375,0,,0.00000000,nulldata,,,
9a561a30589eb359c82492cf223c8b79fc78b2d5a381c567989b769b2afe7375,1,RBNwo5oUd24Nx4sDEK9v9RJfnTDKPVt7Vq,989.23067000,pubkeyhash,,,
9a5e971d26142e7d57f0060136fbd1d196322aa2a09eb5a02a477cab48f47bf2,0,,0.00000000,nulldata,,,
9a5e971d26142e7d57f0060136fbd1d196322aa2a09eb5a02a477cab48f47bf2,1,RThRXhoVEKqJ9cpZbPi7YxJAx5FyKaMXfZ,992.46231000,pubkeyhash,,,
9a67f4087e6b1fe7d6de92a9f9cb2656950aed5a859a98b62ad534d7af477697,0,,0.00000000,nulldata,,,
9a67f4087e6b1fe7d6de92a9f9cb2656950aed5a859a98b62ad534d7af477697,1,RDNgCKGbyj9s5oHJYVhzkTop5CZWZh2FRc,990.23223000,pubkeyhash,,,
9a98f6ff0d2c3572b9f907ca5fc1c1a2e7696a37e222be44fbea0d643663bb8a,0,,0.00000000,nulldata,,,
9a98f6ff0d2c3572b9f907ca5fc1c1a2e7696a37e222be44fbea0d643663bb8a,1,RHFYHp1aVSPDSnRTa6EuESZXL7hjUo2PMg,990.56067000,pubkeyhash,,,
9aa0c59991a87374554ae694d5f4f0f533586596e4bf33499c3c007489389f05,0,,0.00000000,nulldata,,,
9aa0c59991a87374554ae694d5f4f0f533586596e4bf33499c3c007489389f05,1,RURKgtW9PEDn56idhhJAjr99AzgzSvsgTW,993.06675000,pubkeyhash,,,
9aa66cd2e5d2aa68380290cdf048479cac93911893bc355bf21e36110bcd40b1,0,,0.00000000,nulldata,,,
9aa66cd2e5d2aa68380290cdf048479cac93911893bc355bf21e36110bcd40b1,1,RCazyuxPzZwXpJ4orMMKsRRwKZtpQoq9Yo,993.51924000,pubkeyhash,,,
9ad39d1be8374637ed29fa4f4b5694a4e176ac3636237f33e42e7d86f0a76375,0,,0.00000000,nulldata,,,
9ad39d1be8374637ed29fa4f4b5694a4e176ac3636237f33e42e7d86f0a76375,1,RWr7TSzrF3zyBvhQPvxsr9YbZD6kYzsam8,991.55703000,pubkeyhash,,,
9ae892bf10bffa77c611d2039ec546d33f4df497d1aef9f4822d2d8fbc27d9f4,0,,0.00000000,nulldata,,,
9ae892bf10bffa77c611d2039ec546d33f4df497d1aef9f4822d2d8fbc27d9f4,1,RTmu54SXttXpqdixWFa3EEEPzHtPs9nvxi,991.05471000,pubkeyhash,,,
9aeee96d56f61ad105ed8fa320bcab0f4a9beffad0a83ceb7632a548b3ad587e,0,,0.00000000,nulldata,,,
9aeee96d56f61ad105ed8fa320bcab0f4a9beffad0a83ceb7632a548b3ad587e,1,RPKsfa4zN8oZfrdwcMP9trkhabc3eoh4Tg,994.24236000,pubkeyhash,,,
9b0a0200b072d8903afc8f27cdb72634b686339dd3b324df8d628fe41061b5c1,0,,0.00000000,nulldata,,,
9b0a0200b072d8903afc8f27cdb72634b686339dd3b324df8d628fe41061b5c1,1,RQAVQt7bzqpcXetkSyWGobTCfYCvMsQoRx,993.71244000,pubkeyhash,,,
9b0bf9ae30410bd9da9771dabb446c6271a2996d6c0a6e376ee0aec8136239bf,0,RGkTBUG5t8BEBZn4WcSB8H5LMZr5kGurD5,34.04817079,pubkeyhash,,,
9b0bf9ae30410bd9da9771dabb446c6271a2996d6c0a6e376ee0aec8136239bf,1,RX1r2eyM1UW7y2xHcrTejDfyCUk1yBmz4i,306.52648985,pubkeyhash,,,
9b3dca6d621be9d64fc0427fceaf5afb183ebf3f0135333d85b966804a87916e,0,,0.00000000,nulldata,,,
9b3dca6d621be9d64fc0427fceaf5afb183ebf3f0135333d85b966804a87916e,1,RKukgW7SKPZNdYXU4RHp4PnbBKBjkgJ6HD,992.82111000,pubkeyhash,,,
9b3f243a398a6306ba03d680f4ca9e1c37547db398b280f2a0764aea1967fc0a,0,,0.00000000,nulldata,,,
9b3f243a398a6306ba03d680f4ca9e1c37547db398b280f2a0764aea1967fc0a,1,RX8PWZSTAqcet7pzkBFYep2zC63tgsUpEY,992.78523000,pubkeyhash,,,
9b565b8a460b7eb8d529c5e45b5176dbe87d38488f2bf73d9ca1b7381f7db13d,0,,0.00000000,nulldata,,,
9b565b8a460b7eb8d529c5e45b5176dbe87d38488f2bf73d9ca1b7381f7db13d,1,RE3Ke8kK9qtbFCVRr7JGUvFaZUFHxDEcxY,991.79439000,pubkeyhash,,,
9b816924b02a20039efe7103f30448c67e7f3a1ec9b9bfbb6c9a1b8fb12f8575,0,RUVEMDuyJEoCx9m6Pi77ZaQbV7Qyk6NCZs,34.00791219,pubkeyhash,,,
9b816924b02a20039efe7103f30448c67e7f3a1ec9b9bfbb6c9a1b8fb12f8575,1,RX1r2eyM1UW7y2xHcrTejDfyCUk1yBmz4i,306.16321870,pubkeyhash,,,
9ba1725578e04114db95e314f0b81b71415884766d462df032921b1ede0eead6,0,,0.00000000,nulldata,,,
9ba1725578e04114db95e314f0b81b71415884766d462df032921b1ede0eead6,1,RJuvhRN9hbDwfYd8pdzmWNkdNmT1fVudX9,991.52667000,pubkeyhash,,,
9ba5d9bceb288c3de30c31c63bceafdabcd624a66211c3fe552bcf495964d8c9,0,,0.00000000,nulldata,,,
9ba5d9bceb288c3de30c31c63bceafdabcd624a66211c3fe552bcf495964d8c9,1,RGXYtKtNrEEjMa11MMAZfE1VTsmNGVSCCr,995.06388000,pubkeyhash,,,
9bd847d42250c8f58edb3a7ebb5a49026e69de3a707b21578bf25e4b5e4f3b79,0,,0.00000000,nulldata,,,
9bd847d42250c8f58edb3a7ebb5a49026e69de3a707b21578bf25e4b5e4f3b79,1,RMZY8zbpc7N7ywdirrv5KLDNcHwY6jfWJv,991.49355000,pubkeyhash,,,
9c08bc9d788b23ed3bc9cb3baa205d5fdd44bd2b1ff08890f3aecb1326e62044,0,,0.00000000,nulldata,,,
9c08bc9d788b23ed3bc9cb3baa205d5fdd44bd2b1ff08890f3aecb1326e62044,1,RApEJsq44gMPz6Ha6DLZX1Tk7p2d6risEe,989.71059000,pubkeyhash,,,
9c1757c6d32e40609c0b5d34bfc6d25d121c95ae2f1f089b2d89d3152a589a14,0,,0.00000000,nulldata,,,
9c1757c6d32e40609c0b5d34bfc6d25d121c95ae2f1f089b2d89d3152a589a14,1,RBptyXjowZ8CmMAPrg5FrpqFHNtN9oqPPG,992.38503000,pubkeyhash,,,
9c180148c9b0a75d71b103a3ce4e232329bf1e9d16f3f42daf88dcde9e944c42,0,,0.00000000,nulldata,,,
9c180148c9b0a75d71b103a3ce4e232329bf1e9d16f3f42daf88dcde9e944c42,1,RTWKR3JL4UZa5rPFHJzMTThCywPobjXazq,994.74680000,pubkeyhash,,,
9c36ee645fa2e31aac35c02de9c2be2f13607ed74da096ad1d72e16cd77e809c,0,,0.00000000,nulldata,,,
9c36ee645fa2e31aac35c02de9c2be2f13607ed74da096ad1d72e16cd77e809c,1,RUXdNokuuL9U13pWYTmFJD7mKwVzM3yRga,990.85875000,pubkeyhash,,,
9c3fb220402f365db9778d3d9e6ef956e88816c2567ce73997ccb3b2c22f5ced,0,RX1r2eyM1UW7y2xHcrTejDfyCUk1yBmz4i,306.41788277,pubkeyhash,,,
9c3fb220402f365db9778d3d9e6ef956e88816c2567ce73997ccb3b2c22f5ced,1,RCueLBwVk4S7GFD4RvC47qRWKbuU2rHmAk,34.03610537,pubkeyhash,,,
9c53ea17c21023eda4994da4b9e81bf5d32b0d2e2a3e9ee74dc57690040207da,0,,0.00000000,nulldata,,,
9c53ea17c21023eda4994da4b9e81bf5d32b0d2e2a3e9ee74dc57690040207da,1,RFZV5ynEMpT4YUJh8FqQiVJYmqhwtGxshP,994.52600000,pubkeyhash,,,
9c72a6daf3752e9e424addfd94286283c49bdc02c897cc91b438ad8ae8e089a2,0,,0.00000000,nulldata,,,
9c72a6daf3752e9e424addfd94286283c49bdc02c897cc91b438ad8ae8e089a2,1,RENKfpgicmioS2usY2mxoZyKjGqJXx3pFP,992.91219000,pubkeyhash,,,
9c78d886e49f9c3e0b6577c711b2c6162e0c4f318d926cdc01839ceab45d0785,0,,0.00000000,nulldata,,,
9c78d886e49f9c3e0b6577c711b2c6162e0c4f318d926cdc01839ceab45d0785,1,RV7DNFbtAf9mCS423wyGVkE4kSnaQBxXXm,991.15407000,pubkeyhash,,,
9c7fc291796d9a934183472730bc90c8f11babc6e67ed418d6403bf2ec581729,0,,0.00000000,nulldata,,,
9c7fc291796d9a934183472730bc90c8f11babc6e67ed418d6403bf2ec581729,1,RMe45Ahig9szkNHueWxgTucDKNkkpNjd3V,993.95532000,pubkeyhash,,,
9c92aa869cf7bf20212166ea6463f58e2f590eb0004d66733ca958c4c2ce56c3,0,,0.00000000,nulldata,,,
9c92aa869cf7bf20212166ea6463f58e2f590eb0004d66733ca958c4c2ce56c3,1,RG2N6hKcYHcwwxKPQeT85swGV1LrdMfqR9,991.42455000,pubkeyhash,,,
9c963a0f4c2c91ee271590fca96d08cdf3efd178fb3bd1834d20303950eeaa23,0,,0.00000000,nulldata,,,
9c963a0f4c2c91ee271590fca96d08cdf3efd178fb3bd1834d20303950eeaa23,1,RF7urRNSqmkAGFQwMzbdtDmY1hTz7n87He,989.41559000,pubkeyhash,,,
9c96e9c920da0c8fdecab1950f70c2167808a5f94e2ac009f2a84161dabfb9ff,0,R9aHLPyZgZA8t9XcDRWweVTcQF6Bp1cMmw,34.04553053,pubkeyhash,,,
9c96e9c920da0c8fdecab1950f70c2167808a5f94e2ac009f2a84161dabfb9ff,1,RX1r2eyM1UW7y2xHcrTejDfyCUk1yBmz4i,306.50272562,pubkeyhash,,,
9cdf61212061524c305235e439d64010fe8b1c18d4cb9cdf1b23b8a678299138,0,RX1r2eyM1UW7y2xHcrTejDfyCUk1yBmz4i,306.34324324,pubkeyhash,,,
9cdf61212061524c305235e439d64010fe8b1c18d4cb9cdf1b23b8a678299138,1,RBEnG3ibkSi3jeRASyzSQoPWM22ra2fGes,34.02781315,pubkeyhash,,,
9d0204425891feb5f549236bf376c55ccf4460154a88d44a8611ce112358da1b,0,,0.00000000,nulldata,,,
9d0204425891feb5f549236bf376c55ccf4460154a88d44a8611ce112358da1b,1,RDouAe5Hw4TUSdKyEV3JDBPxyZrVkB3DHd,992.05659000,pubkeyhash,,,
9d2039c9872f43fd5fbebd972df8615e3bb65dca9d4e1e88de9daa8ee6c53a1f,0,,0.00000000,nulldata,,,
9d2039c9872f43fd5fbebd972df8615e3bb65dca9d4e1e88de9daa8ee6c53a1f,1,RACnLSehBCxjWst1vaKDckvRpGPVtAoh65,991.26171000,pubkeyhash,,,
9d38496ea65822c5cc85a3e0e2ce9489387b02fba26ce596671fac6ffb8f7185,0,,0.00000000,nulldata,,,
9d38496ea65822c5cc85a3e0e2ce9489387b02fba26ce596671fac6ffb8f7185,1,RP5jW1p1LmhCZSJPgpLRH3BzGmhBuQ6cnN,989.25827000,pubkeyhash,,,
9d3b5664db3976bd3b21268a0c392616ca9e69c455a04be98987c64199f68101,0,RX1r2eyM1UW7y2xHcrTejDfyCUk1yBmz4i,306.53327992,pubkeyhash,,,
9d3b5664db3976bd3b21268a0c392616ca9e69c455a04be98987c64199f68101,1,RRQeSYwefRTsKaXAr9FfzUW3SsKKqNscLn,34.04892509,pubkeyhash,,,
9d5824877840037ed80203309fab9b268dfc386b1b3aac031fed78eabd9f1b0c,0,,0.00000000,nulldata,,,
9d5824877840037ed80203309fab9b268dfc386b1b3aac031fed78eabd9f1b0c,1,RBhHYvUHaR2CgGqWvx8aciTxG6o4ZKzsaT,990.32331000,pubkeyhash,,,
9d8374c225997825e5b72a84ac17ba14275b493122751b205f6ad8a0aefdc742,0,,0.00000000,nulldata,,,
9d8374c225997825e5b72a84ac17ba14275b493122751b205f6ad8a0aefdc742,1,RNJAytKFCn3F9m4zwDW3a8bNZuyXVcJxwc,988.92155000,pubkeyhash,,,
9da010f21335cc5c282ec132f58a1fd12f89d4e60c37b10dc397bec08e8dc1ef,0,,0.00000000,nulldata,,,
9da010f21335cc5c282ec132f58a1fd12f89d4e60c37b10dc397bec08e8dc1ef,1,RUTEa5UVeS83fBhLpNnsxxX5C8hBjDmd8c,992.00691000,pubkeyhash,,,
9da7ac840ddc6b1a2b5fcffcc2342f980248581c0e693a66ab8eddc3f5fcd473,0,,0.00000000,nulldata,,,
9da7ac840ddc6b1a2b5fcffcc2342f980248581c0e693a66ab8eddc3f5fcd473,1,RGJyKVpp5VUXg3EDvHVp3JYTaZKXP4zUuL,995.17672000,pubkeyhash,,,
9df7a9f9119460cdc4050501cbb4083cd81917ec531f423239a05145e95a700b,0,,0.00000000,nulldata,,,
9df7a9f9119460cdc4050501cbb4083cd81917ec531f423239a05145e95a700b,1,RL4HrxtYKqU9xjCuybgmng9rgrYcXCoNvF,995.14668000,pubkeyhash,,,
9e00af9b1ec7df2690eb0eecab996b7249dc1ab9c7d0a9d232f927b08ff8c89e,0,,0.00000000,nulldata,,,
9e00af9b1ec7df2690eb0eecab996b7249dc1ab9c7d0a9d232f927b08ff8c89e,1,RAH6ynhfU75taKqyNdfRFV5Qy27UY9aiVY,993.03087000,pubkeyhash,,,
9e2213da8c9efeeefe839bed61c7b015a133792e76102096db191031ed7d253b,0,,0.00000000,nulldata,,,
9e2213da8c9efeeefe839bed61c7b015a133792e76102096db191031ed7d253b,1,RJRD9Vrh3NxAG8WdEQqsidTZ6p9YxTAhhA,991.17615000,pubkeyhash,,,
9e45155ab5eaa5d9f53b18e7bf853eae5dbe7bcffbd7c1250e7bee7447211011,0,RJBur2Tzw66FWjgw3BdzYD2Vr4m3eyuQSR,34.05118729,pubkeyhash,,,
9e45155ab5eaa5d9f53b18e7bf853eae5dbe7bcffbd7c1250e7bee7447211011,1,RX1r2eyM1UW7y2xHcrTejDfyCUk1yBmz4i,306.55365256,pubkeyhash,,,
9e6da166856e2cc8b3e0d6f50e2249cd2f86ed9273a97831f5c2c1ac7ae44470,0,,0.00000000,nulldata,,,
9e6da166856e2cc8b3e0d6f50e2249cd2f86ed9273a97831f5c2c1ac7ae44470,1,RUE6u6EQ8LyZPkJemKdGtNbqobA8uYDC5S,989.63639000,pubkeyhash,,,
9e708ca89b4af99c8a83cf4063e43bf1a163e314856421ded8beab87984f6c38,0,,0.00000000,nulldata,,,
9e708ca89b4af99c8a83cf4063e43bf1a163e314856421ded8beab87984f6c38,1,RKn7akYobSQcUTxmyM2Y68QrtikoBmMFSP,989.45975000,pubkeyhash,,,
9e736ba1de23958881b1273696215a9e31460d82b1cef4e6be8583fd27576ada,0,,0.00000000,nulldata,,,
9e736ba1de23958881b1273696215a9e31460d82b1cef4e6be8583fd27576ada,1,RMhyRj4Gy1496VvY9wCLE2n6nX8CtJJJJJ,990.92223000,pubkeyhash,,,
9e788090ac2838c5cafd03fd861b82a65a985beb7a9857efd0d01aaf20b67083,0,,0.00000000,nulldata,,,
9e788090ac2838c5cafd03fd861b82a65a985beb7a9857efd0d01aaf20b67083,1,RCKJt5mCMeWkR9N47PzqBcQgsgHvSkLiKf,994.43768000,pubkeyhash,,,
9e994744cbb612c8c606f659037f3766e776a9a1bb77572ed25dfb844770611f,0,,0.00000000,nulldata,,,
9e994744cbb612c8c606f659037f3766e776a9a1bb77572ed25dfb844770611f,1,RDhHqaTtRwVbke8pBKgrB4bMLyuBUm1uJo,989.67471000,pubkeyhash,,,
9e9eb51c572ac1636187fdb571ffb9c95c0596f5b0281518fc77f3cb6dc95569,0,,0.00000000,nulldata,,,
9e9eb51c572ac1636187fdb571ffb9c95c0596f5b0281518fc77f3cb6dc95569,1,R9xi39TAoHP8ozfsvJ5P6UgJPyU6s5NL6J,990.17151000,pubkeyhash,,,
9eb056113d5206239c218aaa88097a95088bd38914db5bade628f91f2ae52a2e,0,,0.00000000,nulldata,,,
9eb056113d5206239c218aaa88097a95088bd38914db5bade628f91f2ae52a2e,1,RCfSVDxdsamkjLCsVezNkZjAHBhTv7ectF,990.00591000,pubkeyhash,,,
9eb1bf91e2ac227835c3b90a35574f27b0bbfa19a63b0e62df7f37483f882d57,0,,0.00000000,nulldata,,,
9eb1bf91e2ac227835c3b90a35574f27b0bbfa19a63b0e62df7f37483f882d57,1,RKYK2ArnDHhm4c1tVTH8BTei9Dkfhpti5H,994.23684000,pubkeyhash,,,
9ec662a3c9cdae03275e5e6012d9ec2f19360b537d29c4d76956912f51ec1f86,0,,0.00000000,nulldata,,,
9ec662a3c9cdae03275e5e6012d9ec2f19360b537d29c4d76956912f51ec1f86,1,RSFTaPfWt5uHEkQyBc7cSczVUaF82gBvAJ,991.60395000,pubkeyhash,,,
9ed9c62fc7e8c4014d572e1ee06f2655de285f6c4a10b56d4508114d164dea6a,0,,0.00000000,nulldata,,,
9ed9c62fc7e8c4014d572e1ee06f2655de285f6c4a10b56d4508114d164dea6a,1,RNSZhyKDSknAB7hX9kM1tDh23ubnyPKWDX,989.51771000,pubkeyhash,,,
9f05d21953ce2cc8b355def4a088381c735aec56353a7864e8e41c00d55e2644,0,,0.00000000,nulldata,,,
9f05d21953ce2cc8b355def4a088381c735aec56353a7864e8e41c00d55e2644,1,RBN3wwxeQLQoeura11Yggir7NityKhqw7F,990.75939000,pubkeyhash,,,
9f2d2a6a32a0f67380ddc65ea8dc9b9eba5d227e2690bc65407e0dec808a436c,0,,0.00000000,nulldata,,,
9f2d2a6a32a0f67380ddc65ea8dc9b9eba5d227e2690bc65407e0dec808a436c,1,RTJeZ9bSDbeTMY76ZSQsMrfZ7agniF8WgE,989.75475000,pubkeyhash,,,
9f7ef14f73e581c9566028c768e89222a0a714cccde064dbecb7d91ff09e2f9f,0,,0.00000000,nulldata,,,
9f7ef14f73e581c9566028c768e89222a0a714cccde064dbecb7d91ff09e2f9f,1,RByKsENS23LDcmTLF4DXSGFR7V2oYAJmpK,991.54047000,pubkeyhash,,,
9f9f6e0db59701a577133d8d39fe7a9438d766e801fcf3ee534b086887b4f99c,0,,0.00000000,nulldata,,,
9f9f6e0db59701a577133d8d39fe7a9438d766e801fcf3ee534b086887b4f99c,1,RWkpfQuKXsQFE7pp3LQ5UzQLHjHkgBQoku,994.02984000,pubkeyhash,,,
9fc052e9477fb2f7d5f632901b0c6849463de8a668a90796c5e718da923f7f59,0,,0.00000000,nulldata,,,
9fc052e9477fb2f7d5f632901b0c6849463de8a668a90796c5e718da923f7f59,1,RGV73ARv2WMLcxczvxvyW3xVpjTpMKowQK,991.74195000,pubkeyhash,,,
9fda5b4376abf0b26a97e6603aafd723cb24bd987304bdd48dd6b1c9619e8ded,0,,0.00000000,nulldata,,,
9fda5b4376abf0b26a97e6603aafd723cb24bd987304bdd48dd6b1c9619e8ded,1,RJfmhyei3h53bB5R745PCKLz5gFr9eyMk8,993.21027000,pubkeyhash,,,
9ff747bf38a206e3d40825f38de8585ad9ece05c80c8a284d0055ae7f03054d4,0,,0.00000000,nulldata,,,
9ff747bf38a206e3d40825f38de8585ad9ece05c80c8a284d0055ae7f03054d4,1,RSokx32mbJKH7Rcnzj2vmxsYxRN3zKCouW,990.15771000,pubkeyhash,,,
a0026a1d65754bbfca2a96960caf3d54ab6aa400b325208ebb3714b26cc1ec46,0,,0.00000000,nulldata,,,
a0026a1d65754bbfca2a96960caf3d54ab6aa400b325208ebb3714b26cc1ec46,1,RBJ9oB5pu4G5nGuxJYePqZjvDxcma9F31W,992.81559000,pubkeyhash,,,
a00802e1dc33178a86ccd2461a9681fcf828dd5005fc88761e7fbd65ecf0e1da,0,,0.00000000,nulldata,,,
a00802e1dc33178a86ccd2461a9681fcf828dd5005fc88761e7fbd65ecf0e1da,1,RTTXHHMqPuywgBb6NxFTW7pAqKH7ute4ZN,989.70783000,pubkeyhash,,,
a0083af388bc8c6b8d270e00d537339806144b7622d5f49a1047ecae59cd5cce,0,,0.00000000,nulldata,,,
a0083af388bc8c6b8d270e00d537339806144b7622d5f49a1047ecae59cd5cce,1,RPEWdkdm7mxDR6fYFL2rB4axGFqLcc1GN5,995.38924000,pubkeyhash,,,
a0445528e2ae55e4b43f75fa0f7efcb0d155a06ff90a8627b8dd3f2dbd7f442d,0,,0.00000000,nulldata,,,
a0445528e2ae55e4b43f75fa0f7efcb0d155a06ff90a8627b8dd3f2dbd7f442d,1,RM31MU8Txi3Px2pL9m1QQfDC38dw1Srzse,993.82284000,pubkeyhash,,,
a046665f2e33d453a286e88585e6298fdbd024742d1c29be895721edd6ba97e8,0,,0.00000000,nulldata,,,
a046665f2e33d453a286e88585e6298fdbd024742d1c29be895721edd6ba97e8,1,RKnRuCcFBG1pFawdoiR9iFmsjVUJ9aCoqu,995.16016000,pubkeyhash,,,
a05b73e65c7573e739dcaae4bc96c3886a1dd6a9496fb6032fd4d7665e0e7c4d,0,,0.00000000,nulldata,,,
a05b73e65c7573e739dcaae4bc96c3886a1dd6a9496fb6032fd4d7665e0e7c4d,1,RGQQQwidGA31yhVw17TNa7FaC6z1JiceGt,995.27884000,pubkeyhash,,,
a07a8bc332575d764e87060c4fa04fe2370afb5e22a7f9d7866d02d7527c1a7f,0,,0.00000000,nulldata,,,
a07a8bc332575d764e87060c4fa04fe2370afb5e22a7f9d7866d02d7527c1a7f,1,RGSpcYRA3nAX7KwaAStesYTg1KBqxa1pQB,995.30644000,pubkeyhash,,,
a091bffacd4db85c4cff35f1d1680a30db37bba08a41dcdb285a228b528b42c1,0,,0.00000000,nulldata,,,
a091bffacd4db85c4cff35f1d1680a30db37bba08a41dcdb285a228b528b42c1,1,RUDkamqMcftuc3iqUyU2TXCX8sQrpUCNTv,994.47356000,pubkeyhash,,,
a0935647a7f3aa2033ce8b41686070b6356004b5d5a85865a1faef0263fcb679,0,REsCHtwUrbsRuSdoox7xbrjyzHgQWsdwFo,0.00760968,pubkeyhash,,,
a0935647a7f3aa2033ce8b41686070b6356004b5d5a85865a1faef0263fcb679,1,RX1r2eyM1UW7y2xHcrTejDfyCUk1yBmz4i,306.06499027,pubkeyhash,,,
a098b0aa28a34656a24246df039d6e06062aaa7f64d302cd6bbe8ed579b971dc,0,,0.00000000,nulldata,,,
a098b0aa28a34656a24246df039d6e06062aaa7f64d302cd6bbe8ed579b971dc,1,RNkKSZyztFvXps282ECFVqnTZeSohLAGVA,990.34263000,pubkeyhash,,,
a0a9e6a86d3e1f4f657b3730d9738fb6a3858cf4db33807d77e1d8ae02514293,0,,0.00000000,nulldata,,,
a0a9e6a86d3e1f4f657b3730d9738fb6a3858cf4db33807d77e1d8ae02514293,1,RLeZAZF9A1N7mPdQuNVq2aysGRTWFABcFn,993.78696000,pubkeyhash,,,
a0d0c6f6a50c6328a41c6eba3681b92d58411292a24a1b775b56f862a52bba93,0,RMKd7jAm9y682pLc6QiHSUFTxZReSRKZfe,2.96087878,pubkeyhash,,,
a0d427e97b55cf8efeb0d72b01d057d0e9aef22d5bd10f2489afa90256ee9de3,0,,0.00000000,nulldata,,,
a0d427e97b55cf8efeb0d72b01d057d0e9aef22d5bd10f2489afa90256ee9de3,1,RCsuRBSr3NAADoYmvUJ342nBGyZLbTncz9,991.71435000,pubkeyhash,,,
a0e14a7e6617aa6755c1cab41ae6370a87e8f46d0bab84c6f1f53c4919521695,0,,0.00000000,nulldata,,,
a0e14a7e6617aa6755c1cab41ae6370a87e8f46d0bab84c6f1f53c4919521695,1,RML2jYez8ZNrFHhYVspmtiT7UVeUgJjETA,989.02643000,pubkeyhash,,,
a0f6492d33fa314eeb39f7b5f9cf415b6f26f504ce5cb99f4fb45da22c0063b1,0,,0.00000000,nulldata,,,
a0f6492d33fa314eeb39f7b5f9cf415b6f26f504ce5cb99f4fb45da22c0063b1,1,RC7jCQ3RL5vvAp79MRULr9CGizqz8pr5oU,993.54408000,pubkeyhash,,,
a102393bad4a34d28367ed61f9da18ea0fe8de984e92c7f42063ea06dd032ee8,0,,0.00000000,nulldata,,,
a102393bad4a34d28367ed61f9da18ea0fe8de984e92c7f42063ea06dd032ee8,1,RKrE5E7JNoFwM4tQWJMf4swfZY21CTcZfp,989.37143000,pubkeyhash,,,
a114ba65a61ac3611a81328088c99c0687d1d78c5c9ce7fa5d99ea017b2ee714,0,,0.00000000,nulldata,,,
a114ba65a61ac3611a81328088c99c0687d1d78c5c9ce7fa5d99ea017b2ee714,1,RHKKk77oZjGhTR92LgcCLfSatyhnYNuAaK,989.09267000,pubkeyhash,,,
a118ef1a62eab09e3c0ed5037af6ebe9213d7136f12ece7216bdbf8cbf917c01,0,,0.00000000,nulldata,,,
a118ef1a62eab09e3c0ed5037af6ebe9213d7136f12ece7216bdbf8cbf917c01,1,RDTC2JzZbTs7YDUPG1vhRrQJrFPynSfYhi,990.35091000,pubkeyhash,,,
a12036aae609684b4664b0712b017ebb6d63ecf8d867fe66fc75ae5fed76166b,0,,0.00000000,nulldata,,,
a12036aae609684b4664b0712b017ebb6d63ecf8d867fe66fc75ae5fed76166b,1,RT5fDj7UMwom4GNfSz8fwMMjT17RYU8nbr,989.97831000,pubkeyhash,,,
a127b856a9f0d7c7ce99c1b3e3745d627cbf25ace42c58d72d5f172777877d20,0,,0.00000000,nulldata,,,
a127b856a9f0d7c7ce99c1b3e3745d627cbf25ace42c58d72d5f172777877d20,1,RLsops1y2sNegvifZ4exkHCUXEsB2MNo82,989.46803000,pubkeyhash,,,
a139787469d928770c0d19cc63774044815559916f0031cb42709ada43d49aa8,0,,0.00000000,nulldata,,,
a139787469d928770c0d19cc63774044815559916f0031cb42709ada43d49aa8,1,RCtsvKtPQx8zk16hgEmz7Qsk98zWpaTAHD,990.26535000,pubkeyhash,,,
a147ed43bf38f24984da493aae830cdefa7ab987eff5813e37417fd44a94be08,0,,0.00000000,nulldata,,,
a147ed43bf38f24984da493aae830cdefa7ab987eff5813e37417fd44a94be08,1,RAvCgkcKmFhieHWzKTvCf4RdiwhmfSp5Sf,992.48715000,pubkeyhash,,,
a153927366a04224bc338acc68d6432d55a30ae44d910661a22822b889fa85d2,0,,0.00000000,nulldata,,,
a153927366a04224bc338acc68d6432d55a30ae44d910661a22822b889fa85d2,1,RV5fChuqAfcERc2p7h2ztZnCAhJprpi7mF,991.14579000,pubkeyhash,,,
a153d72bef59f09618f4037ffb61fc49697e8b468cfa2dbd97d34379ada27e95,0,RCTRdNB2enZSiMb86PFESgRWwcEWQV8hqg,125000.46779067,pubkeyhash,,,
a1c2f16d21a32d568874144ee3d9ee67fb52613e452b7ddd47816a88a12b11ea,0,RETTu7LTQLTVwLGAsnPphS48F2dxSQf88t,33.99396073,pubkeyhash,,,
a1c2f16d21a32d568874144ee3d9ee67fb52613e452b7ddd47816a88a12b11ea,1,RX1r2eyM1UW7y2xHcrTejDfyCUk1yBmz4i,306.03786599,pubkeyhash,,,
a1db5e7601f7236bd250c03d579f341f77384bf12f4899edea0dc0acfd1a5c35,0,,0.00000000,nulldata,,,
a1db5e7601f7236bd250c03d579f341f77384bf12f4899edea0dc0acfd1a5c35,1,RVeTnS6Yb1NUvMVhAKSsKKjWvCTio66Fkx,993.96084000,pubkeyhash,,,
a1dca156ef68b75ba2d0e96de25234cf705351eefb56a2a5271c858a2522b0d0,0,rNE4txZm3VjNpKUFd23nHyuuCKNmdzem9k,26782.78000000,scripthash,,,
a1dca156ef68b75ba2d0e96de25234cf705351eefb56a2a5271c858a2522b0d0,1,r8oy7RjrFPWMM4VBJqNM9sCD2bGm4KWL7j,74.11394000,scripthash,,,
a1de87d05d28ad623d37ffa8cc03a5f663b4587453ee3fc92a6a68487b54c490,0,,0.00000000,nulldata,,,
a1de87d05d28ad623d37ffa8cc03a5f663b4587453ee3fc92a6a68487b54c490,1,RKTBZSGzYSy5NdpeCxbPESdJg3PYi3jVfL,989.07059000,pubkeyhash,,,
a210cd4d1113451c43cbce11395155a783f9a7c67d0b745339e1aa701e4b880e,0,,0.00000000,nulldata,,,
a210cd4d1113451c43cbce11395155a783f9a7c67d0b745339e1aa701e4b880e,1,RGK6mtucKtLHwxBMX5yKYfZ7mKEBSYXhai,988.96295000,pubkeyhash,,,
a249906c9c94ab5a0af1cc30852c453fde108eb18b4087fd901e915ace7a9b7a,0,,0.00000000,nulldata,,,
a249906c9c94ab5a0af1cc30852c453fde108eb18b4087fd901e915ace7a9b7a,1,RP8DN8xVfVWSWQT8fNRioCuNAfe9ApX7yX,995.13840000,pubkeyhash,,,
a26772c41fc3a34e8f5b22971a8b04cf58d3abf13b44d28405dfec45f69250b7,0,,0.00000000,nulldata,,,
a26772c41fc3a34e8f5b22971a8b04cf58d3abf13b44d28405dfec45f69250b7,1,RDwahTBVktJHbR3sfu8PPBGLYSvt75ZctE,989.34383000,pubkeyhash,,,
a26ebcfbf24e8e4f55330282218955010a296172122a4a2f1e7e7e151d2ac323,0,,0.00000000,nulldata,,,
a26ebcfbf24e8e4f55330282218955010a296172122a4a2f1e7e7e151d2ac323,1,RUbteuLkUSSfYATtLGAEk4322J8gVtpghh,989.77131000,pubkeyhash,,,
a2b366e6b3316ce3058fd6ad83b7e4671c203cd71ab7fc3171a13385fb393b72,0,,0.00000000,nulldata,,,
a2b366e6b3316ce3058fd6ad83b7e4671c203cd71ab7fc3171a13385fb393b72,1,RGHVssZP5gtknYmrNi6op9KaWcr6Rk8aNS,991.39419000,pubkeyhash,,,
a2c40fbbdb39ff329f0a93ad7f6dea5630057f088100a8967a1e5a5e28480d29,0,,0.00000000,nulldata,,,
a2c40fbbdb39ff329f0a93ad7f6dea5630057f088100a8967a1e5a5e28480d29,1,RQhhWFUYmQ4fcZna4jM6vKZ4RjVY4U7iT3,994.25892000,pubkeyhash,,,
a2cb92dcc5477993cd00cdab45ad2535f9caeccb70db6675b14bd49be099e3b2,0,,0.00000000,nulldata,,,
a2cb92dcc5477993cd00cdab45ad2535f9caeccb70db6675b14bd49be099e3b2,1,RGe5kpFbtf8fj4eZagjUMvfZCViX1LTMHE,993.76212000,pubkeyhash,,,
a2d5a19a446938084574fc619eb4e7a2bd5044c9aedce658336c3d29a85dc92b,0,,0.00000000,nulldata,,,
a2d5a19a446938084574fc619eb4e7a2bd5044c9aedce658336c3d29a85dc92b,1,RKtLF4VqigeQS1DFS9XXmgLzLWyNY29wGL,993.24063000,pubkeyhash,,,
a2dc47b2ec125f74cc1ab19e0d71e7e08d82f1d543fff6057aa60e52f4f2fa2b,0,,0.00000000,nulldata,,,
a2dc47b2ec125f74cc1ab19e0d71e7e08d82f1d543fff6057aa60e52f4f2fa2b,1,RK7JtEGiPFyk2tkfqgUhFgfYZU98vrvLKG,990.35919000,pubkeyhash,,,
a2e8216fece9d9cb751ee0982263beabe17e30c0bcca376220072d8696af0af3,0,,0.00000000,nulldata,,,
a2e8216fece9d9cb751ee0982263beabe17e30c0bcca376220072d8696af0af3,1,RDtHHh3ehwtSuB89fFYprRhDJh7nryW6iA,994.27548000,pubkeyhash,,,
a2eb189344b0495dadaf6bcc99a974a1f2f6caf60c007229087c1565056f9ace,0,,0.00000000,nulldata,,,
a2eb189344b0495dadaf6bcc99a974a1f2f6caf60c007229087c1565056f9ace,1,RVaLoU2EciudW5LQKSKXAJHVwCLJTCNr3V,993.12747000,pubkeyhash,,,
a303e402215db4863c0d826ff750a25c9951684f72de7c74ff32802120a1b85d,0,,0.00000000,nulldata,,,
a303e402215db4863c0d826ff750a25c9951684f72de7c74ff32802120a1b85d,1,RFujvWUH4XPYyf2TtGmXjpRtLQ2amxczCh,994.83236000,pubkeyhash,,,
a31040a0469ace6f168e0762078b04014ace792a3d0a1d200c06fb5a72da22a7,0,,0.00000000,nulldata,,,
a31040a0469ace6f168e0762078b04014ace792a3d0a1d200c06fb5a72da22a7,1,RQz5Tf6QQeaJZCJiFJC1adiX3Cj5QsBQCa,993.80628000,pubkeyhash,,,
a321bc6bff4b5a0a536893bc417d68a793c058dccc95a06728b4d70b36505731,0,,0.00000000,nulldata,,,
a321bc6bff4b5a0a536893bc417d68a793c058dccc95a06728b4d70b36505731,1,RPYoJiBLRMpPpdpxEtUffZJVt7SdgJANb8,991.53771000,pubkeyhash,,,
a35a92ae12215958ba25b5ac19df08a4ed4126ecd026e18619fa6f4ccb5c1ddb,0,,0.00000000,nulldata,,,
a35a92ae12215958ba25b5ac19df08a4ed4126ecd026e18619fa6f4ccb5c1ddb,1,RXbJ9hZGbF6CKbkm1jHN7xb2HVSMtP8m3D,994.04916000,pubkeyhash,,,
a3641e15b735d31814fb47e09f789b639637e620ee12f5f45a00f574ea850d65,0,,0.00000000,nulldata,,,
a3641e15b735d31814fb47e09f789b639637e620ee12f5f45a00f574ea850d65,1,RQCgg2EqyQnRLSWk2n52QVzeWsY8ecAkya,991.08507000,pubkeyhash,,,
a366810f5fece65d301617464e90610b74df2d5c31c9605f0c9db65908619848,0,,0.00000000,nulldata,,,
a366810f5fece65d301617464e90610b74df2d5c31c9605f0c9db65908619848,1,RPg681ukajmX3R2wUW4qHfx9VvN93NLM6g,992.43195000,pubkeyhash,,,
a38f66c47237fe3ae98bb32ee9b4a172caf9a1c387820a8198add2aeb879c800,0,,0.00000000,nulldata,,,
a38f66c47237fe3ae98bb32ee9b4a172caf9a1c387820a8198add2aeb879c800,1,RMYePFJMw2WpBsxrPBnRxoJSXDWEKm6Job,991.81923000,pubkeyhash,,,
a3b0bc81d1570e66128479164d99b4f7990cdbd91e0f9280f6051656fdb43ca4,0,,0.00000000,nulldata,,,
a3b0bc81d1570e66128479164d99b4f7990cdbd91e0f9280f6051656fdb43ca4,1,RP6QVp1xvdMP58qzCciMrFAPan6G5rQ3ru,989.50115000,pubkeyhash,,,
a3b0fcc305485c9a63170b4012dd12c6742bb1c1fb1b7fb2e170d9fbe9fd20d7,0,,0.00000000,nulldata,,,
a3b0fcc305485c9a63170b4012dd12c6742bb1c1fb1b7fb2e170d9fbe9fd20d7,1,RMdQ4mTb4ykREqxA4EAbcC5QiFbuQRLxkM,995.23192000,pubkeyhash,,,
a3f4eb43d07235b9e670c3b171308b7fe364a57d7d528f924a330596dbbb7bd0,0,,0.00000000,nulldata,,,
a3f4eb43d07235b9e670c3b171308b7fe364a57d7d528f924a330596dbbb7bd0,1,RBsRfBN7YxoNsp9JEBenNByk3CGeuRpKi1,994.64468000,pubkeyhash,,,
a416832589c9417e9881698833226f023fce8fa32fc56d70da252f9867e017de,0,,0.00000000,nulldata,,,
a416832589c9417e9881698833226f023fce8fa32fc56d70da252f9867e017de,1,RQzK6prpfQpqJfgBSawwycBmxtkJNJPN9W,994.71092000,pubkeyhash,,,
a43bdad9de70ffbbb63968d2d02fdcae2cc1e96d590d0ad0f836ea0c7d574b93,0,RX1r2eyM1UW7y2xHcrTejDfyCUk1yBmz4i,306.09199662,pubkeyhash,,,
a43bdad9de70ffbbb63968d2d02fdcae2cc1e96d590d0ad0f836ea0c7d574b93,1,RDDgCXsgEp2PmYgY83vdNujUuLiET4qvEq,33.99584407,pubkeyhash,,,
a46d0bea975a28ce72b8942f64dcd2b8cdfa9e95ca8dc6833d59b3dda5a46d1f,0,,0.00000000,nulldata,,,
a46d0bea975a28ce72b8942f64dcd2b8cdfa9e95ca8dc6833d59b3dda5a46d1f,1,RTqsRCgnxkxx2WQQjgq1LtUYFwkjPwoj7T,988.99607000,pubkeyhash,,,
a495eae447ce6a3d278f3329aacf2e1ab181c60d3bb917d16beb1002d805a827,0,,0.00000000,nulldata,,,
a495eae447ce6a3d278f3329aacf2e1ab181c60d3bb917d16beb1002d805a827,1,RAiESnZN2BmG5kv7ZeenRiwkWcwR5xkqa4,992.66379000,pubkeyhash,,,
a4b92d0503322d1d358fa8a5fc6dc2ebbf8b109af16822f3219bdbf09669c8da,0,RX1r2eyM1UW7y2xHcrTejDfyCUk1yBmz4i,306.06159962,pubkeyhash,,,
a4b92d0503322d1d358fa8a5fc6dc2ebbf8b109af16822f3219bdbf09669c8da,1,RRnW1RU8ZTcnYKfwRXJUMhgPAxSAgHL8No,0.00723301,pubkeyhash,,,
a4cd33ce2286c1a7694f80eca99488cdd8cc27945d1cf5f4d5411ce4bf97a385,0,,0.00000000,nulldata,,,
a4cd33ce2286c1a7694f80eca99488cdd8cc27945d1cf5f4d5411ce4bf97a385,1,RMLjUi3nR39T5SCM8538H54ALhgt1XjD8N,994.92344000,pubkeyhash,,,
a4fb9f44d31a1b129405713ec868565633da17b62d73d47172357ffe863b06c6,0,RX1r2eyM1UW7y2xHcrTejDfyCUk1yBmz4i,306.39752452,pubkeyhash,,,
a4fb9f44d31a1b129405713ec868565633da17b62d73d47172357ffe863b06c6,1,RMgACTdta2iBkE6uQ85sco8w8S8cRAgbgc,34.03384363,pubkeyhash,,,
a50f21a51c136f0a97238b68a60e52aeb9dac2b0f8bc0ea4dc67b27f1069f9cd,0,,0.00000000,nulldata,,,
a50f21a51c136f0a97238b68a60e52aeb9dac2b0f8bc0ea4dc67b27f1069f9cd,1,RYEVYdYt3XBwcmkEbnmREEB78V7DJNjxwC,993.27651000,pubkeyhash,,,
a5124c4fe495cb77d38c5b6a9c4ca651ce7da200d25dd7f7f55eb719c6ca0cb3,0,,0.00000000,nulldata,,,
a5124c4fe495cb77d38c5b6a9c4ca651ce7da200d25dd7f7f55eb719c6ca0cb3,1,RQCUvYPT8aPZhiDVB2WGEv2bH1KfKWBSpf,991.55151000,pubkeyhash,,,
a54d5bb97644616c8073f8373e9bd380d1f1bf3b2ddad0b6db2b09512438c486,0,,0.00000000,nulldata,,,
a54d5bb97644616c8073f8373e9bd380d1f1bf3b2ddad0b6db2b09512438c486,1,REVr5upVvzBU4bJTuoVjyyoQt29uvtGQsw,990.72627000,pubkeyhash,,,
a5511bca438194bd1f9f928fa514345d33fdf25b5bb35e7661d608cb5bc93080,0,,0.00000000,nulldata,,,
a5511bca438194bd1f9f928fa514345d33fdf25b5bb35e7661d608cb5bc93080,1,RMi1LRbe19qq9sxUipjSFPuBEpXTTYYHUk,993.86148000,pubkeyhash,,,
a57a85e55e35cc39472b56494e6cee9c3b8bf7b13914fd6632e9b9975deec084,0,,0.00000000,nulldata,,,
a57a85e55e35cc39472b56494e6cee9c3b8bf7b13914fd6632e9b9975deec084,1,RHanZs7c8dxNdn4cvdhuwAr1CxvquzJ2Qa,991.35831000,pubkeyhash,,,
a5a4221a4f7483a7b74333b94c74315fd49a4de8cf9b50fd904bb08c605a5401,0,,0.00000000,nulldata,,,
a5a4221a4f7483a7b74333b94c74315fd49a4de8cf9b50fd904bb08c605a5401,1,RA77um3QMfuCBLMiBHeqhoL582dojFSVKL,994.58948000,pubkeyhash,,,
a5b950da9c7498ea2e1d9fd7997dad26f45e1948299b21a14116e38e5716960a,0,,0.00000000,nulldata,,,
a5b950da9c7498ea2e1d9fd7997dad26f45e1948299b21a14116e38e5716960a,1,RNZQy4xdgixwWkBWVYXdQQNvGKuuVyDED1,991.12923000,pubkeyhash,,,
a5d1312f451af7871d8f95b64d10eba1de1dd8938e6fd2c03d663fdfac2af9b8,0,RXCHvUqBDhVyDriFa7CiJvTQCr3Jz43ST9,1167.17916427,pubkeyhash,,,
a5d1312f451af7871d8f95b64d10eba1de1dd8938e6fd2c03d663fdfac2af9b8,1,RNnGqG97nqRSugwJw8s1dUVWv6tkWX492B,26.01813008,pubkeyhash,,,
a5eec310892d17104a0f09eb56e53e1595d4a3d94919fde53589169bcc6ecc4e,0,,0.00000000,nulldata,,,
a5eec310892d17104a0f09eb56e53e1595d4a3d94919fde53589169bcc6ecc4e,1,RXasdHWzyRtYP6eFCyhkz4oksE3jrCw6QG,994.53980000,pubkeyhash,,,
a649d8d20e5dda133eb04b70303038b9eff05fc634bdcf4877be254c9f2087a9,0,,0.00000000,nulldata,,,
a649d8d20e5dda133eb04b70303038b9eff05fc634bdcf4877be254c9f2087a9,1,RBfDehz5MwcHFZBjCdikyjUw9ycghDvVjf,990.91119000,pubkeyhash,,,
a651193c1534bc6c35db4266d860350959e68f5d8435229f51bdea9602f842e7,0,,0.00000000,nulldata,,,
a651193c1534bc6c35db4266d860350959e68f5d8435229f51bdea9602f842e7,1,RQrcyvQ7PeU4b18E2EVVpZoVEmbSvtLuHz,990.79527000,pubkeyhash,,,
a65f40f7c09d8a97d29a0ca66ac79748fb41e88e6b870f1df74f62806a058b61,0,,0.00000000,nulldata,,,
a65f40f7c09d8a97d29a0ca66ac79748fb41e88e6b870f1df74f62806a058b61,1,RN2dutBx9qaXMqPLLt9jrFzuTjsPujwW2S,992.46507000,pubkeyhash,,,
a666c74b2e02427822243ba6ed78ff9140d5d2efd84b433ee01736fbd6a3c3cd,0,,0.00000000,nulldata,,,
a666c74b2e02427822243ba6ed78ff9140d5d2efd84b433ee01736fbd6a3c3cd,1,RPSodbJLRE8VddyqnfAe6WFwUXEsLEZDFF,989.80443000,pubkeyhash,,,
a6c114b07d7ae02b4b730d744376cd4d5085083e8ad77ff44fb1761141807f04,0,,0.00000000,nulldata,,,
a6c114b07d7ae02b4b730d744376cd4d5085083e8ad77ff44fb1761141807f04,1,RWvg3Wo1nxyJjfsLdinq5DjykC2EyHvdXT,992.51751000,pubkeyhash,,,
a6c83ccb5d230fa35a78ebaa1c370ba34916518ac3a216d6ad5a2bcde8f1b313,0,,0.00000000,nulldata,,,
a6c83ccb5d230fa35a78ebaa1c370ba34916518ac3a216d6ad5a2bcde8f1b313,1,RTfpYg4A64UT5PymazAT5LZjvYUnhPqFLW,992.53683000,pubkeyhash,,,
a6dcccf3dac451903fc912dd848cebe7911e6af3b83a341496bad89624d8f533,0,,0.00000000,nulldata,,,
a6dcccf3dac451903fc912dd848cebe7911e6af3b83a341496bad89624d8f533,1,RR2vmjTxXPLtmT1a5F6TAnWKpAkEWi795t,989.21411000,pubkeyhash,,,
a72058f13cb94cf9ea595fca2944998302d7d2ebaabcfb73955815ca23178307,0,,0.00000000,nulldata,,,
a72058f13cb94cf9ea595fca2944998302d7d2ebaabcfb73955815ca23178307,1,RFCJzeN2PHJis28VBtZqJ5VMcxAzWMgKrV,994.85720000,pubkeyhash,,,
a7325e7c812486c6d3747b8841561e36782ba83b677d06def1d09ef9018ae9ff,0,,0.00000000,nulldata,,,
a7325e7c812486c6d3747b8841561e36782ba83b677d06def1d09ef9018ae9ff,1,RJcuBi4i1VhCWPbyvZWeyHKtUtDASEm3LW,993.13299000,pubkeyhash,,,
a73b08adc6e99343734e37cf71530027658868bed3dd13a370d2c45b9b41f33c,0,,0.00000000,nulldata,,,
a73b08adc6e99343734e37cf71530027658868bed3dd13a370d2c45b9b41f33c,1,RX82EtifQnnFtdNHMtCCvCXkCqGoJAAL5V,992.15319000,pubkeyhash,,,
a74f495824b650c0c099225fc8713ca43b0bba9747edccadbeaa4b1c4ff523c3,0,RX1r2eyM1UW7y2xHcrTejDfyCUk1yBmz4i,306.40091743,pubkeyhash,,,
a74f495824b650c0c099225fc8713ca43b0bba9747edccadbeaa4b1c4ff523c3,1,RGxECgyYkhWuhf2txNk4h1gKZp8QHpknap,34.03422053,pubkeyhash,,,
a76481ba55c5bd3c79606c46cef3aff39bba17acf1a3b19135d02999a7dfd528,0,,0.00000000,nulldata,,,
a76481ba55c5bd3c79606c46cef3aff39bba17acf1a3b19135d02999a7dfd528,1,RU5xSFoLVpKi2sqhTHJt5YHv2xsFJw2CNV,990.51099000,pubkeyhash,,,
a77919c3f105d1121a6dc5dcc9692200cfc608193d4c1d7f65a03d1a8f6d0a84,0,,0.00000000,nulldata,,,
a77919c3f105d1121a6dc5dcc9692200cfc608193d4c1d7f65a03d1a8f6d0a84,1,RNS9965c92SPpJm5E8fKa43Cf6tPn1tjT9,990.22395000,pubkeyhash,,,
a782f3e892fe17f35076f8823bb5abf99041f022a08905f22156ec44da680b1a,0,,0.00000000,nulldata,,,
a782f3e892fe17f35076f8823bb5abf99041f022a08905f22156ec44da680b1a,1,RY4kr9GiXYwAxp3JkfYbRDpUdpo6nytzQq,989.07335000,pubkeyhash,,,
a7c9b2784cd81ca58f50f270725eceb1591ea80d5375fb9e0d8a6092d91c81b2,0,,0.00000000,nulldata,,,
a7c9b2784cd81ca58f50f270725eceb1591ea80d5375fb9e0d8a6092d91c81b2,1,RFrRULKvVayHZPkeMAUERqwZ3ekCoZ3FXo,989.80719000,pubkeyhash,,,
a7f6cdd72e7c1a7668f7ca96d6a539ad6820c33ef0613edb30137b989de804dc,0,,0.00000000,nulldata,,,
a7f6cdd72e7c1a7668f7ca96d6a539ad6820c33ef0613edb30137b989de804dc,1,RMPq1XGjGkfaJhcJYpSJTgUQH6E7mZN6Q9,990.56895000,pubkeyhash,,,
a81202fcf1e3b75d6178bde46f5c4ecbb0f6ee43233cd43620f3667b36426215,0,,0.00000000,nulldata,,,
a81202fcf1e3b75d6178bde46f5c4ecbb0f6ee43233cd43620f3667b36426215,1,RJvz2fJjb5isZJZJ6rnPKf4rJsx4gk8AfY,990.23775000,pubkeyhash,,,
a83a82c3fe02190c77d1e1edc01ba91fe58bbfb3ce5a27bdd2ee913131a472d9,0,,0.00000000,nulldata,,,
a83a82c3fe02190c77d1e1edc01ba91fe58bbfb3ce5a27bdd2ee913131a472d9,1,RFTY53x9BYBbAG7gppEZDGWf7dktK8RxAJ,991.96275000,pubkeyhash,,,
a8524a1f5aad740e282cf9ae0ff70d7efd194d9b093378a45188340715b21c37,0,,0.00000000,nulldata,,,
a8524a1f5aad740e282cf9ae0ff70d7efd194d9b093378a45188340715b21c37,1,RBpLbNdQpLwhjZtKnUy2mukvSXvowQun52,990.62139000,pubkeyhash,,,
a856bbaf183cbd61c6ff080615b8409badd03a5f9e9b34fd4e914b853fe5da27,0,,0.00000000,nulldata,,,
a856bbaf183cbd61c6ff080615b8409badd03a5f9e9b34fd4e914b853fe5da27,1,RCPheBZhGJqYpDFhZvUpYMrQHU91eS7jon,990.70695000,pubkeyhash,,,
a859cf33acd58528c39fb96bacda67f06d7ab559247c45dc4f5bd49b061d32d2,0,,0.00000000,nulldata,,,
a859cf33acd58528c39fb96bacda67f06d7ab559247c45dc4f5bd49b061d32d2,1,RXh4rCQAfWkxBn4Fa94VTdwbeSFwguPzYX,993.18267000,pubkeyhash,,,
a85a2eba37e9bb27bd5686e79507f76d6873c5d11b517301737ecf3dccda6cc2,0,,0.00000000,nulldata,,,
a85a2eba37e9bb27bd5686e79507f76d6873c5d11b517301737ecf3dccda6cc2,1,RBLphhr7vR5X6HiFQSVAxshVzinRjYtYUz,994.36932000,pubkeyhash,,,
a899fec1de4ea0f7317ef53d1950181cdcbf0693eff31f166dbc57422fd7a70a,0,,0.00000000,nulldata,,,
a899fec1de4ea0f7317ef53d1950181cdcbf0693eff31f166dbc57422fd7a70a,1,RSFtcud7RJZCQZHkvL7RNk3VTsju6HCcFW,994.60880000,pubkeyhash,,,
a8baa5a833a941b1d1e907e5c201029c7aaa6fa268b7e2bc0c8af1f2e856440e,0,,0.00000000,nulldata,,,
a8baa5a833a941b1d1e907e5c201029c7aaa6fa268b7e2bc0c8af1f2e856440e,1,RNL7zN91EqRyXNSgeBKf1QAwXN9M2jDySm,991.62603000,pubkeyhash,,,
a8d39026be9080f75aa3455a5c7f26fc7822f29f199d9bb59c004e7f51a0bbdb,0,,0.00000000,nulldata,,,
a8d39026be9080f75aa3455a5c7f26fc7822f29f199d9bb59c004e7f51a0bbdb,1,RPLSyEDdN9a1WjFj1g5y14PczeaJjR4TeX,992.53407000,pubkeyhash,,,
a8e22e601d2de5da9cd5b80bdedc76c0b64983b454c02cd43a793bf3241d0694,0,,0.00000000,nulldata,,,
a8e22e601d2de5da9cd5b80bdedc76c0b64983b454c02cd43a793bf3241d0694,1,RR53srdsU5GjfDKvPsXMJWE5V7beWbmTb7,994.49288000,pubkeyhash,,,
a8eb75b12cdaa91101f160c50e831e6940740de993a9249f177f10203c7c0734,0,RTgqgQPGM2x3GByq9oz7j3znXoi5R12vxa,0.00625903,pubkeyhash,,,
a8eb75b12cdaa91101f160c50e831e6940740de993a9249f177f10203c7c0734,1,RX1r2eyM1UW7y2xHcrTejDfyCUk1yBmz4i,306.20235049,pubkeyhash,,,
a8f32c24479358c3be4ce21329d9615f0027ddeb398d2287586042626473380a,0,,0.00000000,nulldata,,,
a8f32c24479358c3be4ce21329d9615f0027ddeb398d2287586042626473380a,1,RFEqUf3akjyZcevUacXsZDy7tK3xxUxRvo,991.07955000,pubkeyhash,,,
a8f7acf888df6ece99d81ea7a1c55fc834a700a6adeca4570d43c91f89371625,0,,0.00000000,nulldata,,,
a8f7acf888df6ece99d81ea7a1c55fc834a700a6adeca4570d43c91f89371625,1,RTnnHJHPdBTqxK8TLuewtJu31B1Pvxd7NP,992.70243000,pubkeyhash,,,
a9112ff5865149bff7b2a54bef36eccfc4d6d2703c85c38c3f3e9f9bb1d8d731,0,,0.00000000,nulldata,,,
a9112ff5865149bff7b2a54bef36eccfc4d6d2703c85c38c3f3e9f9bb1d8d731,1,RPtG2m1hjpnWWRarbyiPZ4vDHPWu3MhdCp,992.81007000,pubkeyhash,,,
a928ac77ccddc4cc9f3f68241cd8a4c62022dcb88798afd2b40d1aeb6fe23cf6,0,rNE4txZm3VjNpKUFd23nHyuuCKNmdzem9k,858.53000000,scripthash,,,
a928ac77ccddc4cc9f3f68241cd8a4c62022dcb88798afd2b40d1aeb6fe23cf6,1,r8oy7RjrFPWMM4VBJqNM9sCD2bGm4KWL7j,31.66162119,scripthash,,,
a932b59e0a076c759a5207853e9d509b88a20ece2f6a5b3311aba7acf65dfc1e,0,RBULpvzgrzz7fYUXpZ1mYgQYBFioRB1czN,34.04703915,pubkeyhash,,,
a932b59e0a076c759a5207853e9d509b88a20ece2f6a5b3311aba7acf65dfc1e,1,RX1r2eyM1UW7y2xHcrTejDfyCUk1yBmz4i,306.51630511,pubkeyhash,,,
a99c9db21f0c14de211d144d37f45d7d9410e037a5d847e39657d00e5e34bdd2,0,,0.00000000,nulldata,,,
a99c9db21f0c14de211d144d37f45d7d9410e037a5d847e39657d00e5e34bdd2,1,RVak7XxRk1TYrAEscVvpp6Y6wFPj6s8mFg,990.62691000,pubkeyhash,,,
a9ac9d03aba9cf4bfab45bd3c1d9354358fd11bfd6acc947d909c58bc1c702af,0,,0.00000000,nulldata,,,
a9ac9d03aba9cf4bfab45bd3c1d9354358fd11bfd6acc947d909c58bc1c702af,1,RS8paikK5tJ23Di49e9UAXfMrgCZsHhYPA,995.11080000,pubkeyhash,,,
a9cebd4cc2627dc2d203d07d6501cd39eb6ee4be1591bf0b087d9ae4cb5e6de3,0,,0.00000000,nulldata,,,
a9cebd4cc2627dc2d203d07d6501cd39eb6ee4be1591bf0b087d9ae4cb5e6de3,1,RJhmD2o52m1w2s8MYsmRjABmcX66oE1TRY,994.06296000,pubkeyhash,,,
aa11a5d35804cda2a54bb03ddc21cf60fdc0651cb13cdf7dc6d292dac338a7d4,0,,0.00000000,nulldata,,,
aa11a5d35804cda2a54bb03ddc21cf60fdc0651cb13cdf7dc6d292dac338a7d4,1,RXXq8zsHXak4Sf5mBp62KErkGU2WQEh2eN,991.52943000,pubkeyhash,,,
aa28bdf54e22281f2cd4f0836212d3a9f2049ea9e31b9e9199abbea846380dd4,0,,0.00000000,nulldata,,,
aa28bdf54e22281f2cd4f0836212d3a9f2049ea9e31b9e9199abbea846380dd4,1,REfraYCfE7DDGFSQRoP4jhFKKBqLDhZKgX,991.49907000,pubkeyhash,,,
aa375444aefab5417d82c91453aa8739f8de24722f05a4d2b461072d3a8afc4b,0,rHJz3YHoTVVRdm1nKqeGzjs5ktBH1USgLE,299.78709393,scripthash,,,
aa375444aefab5417d82c91453aa8739f8de24722f05a4d2b461072d3a8afc4b,1,,0.00000000,nulldata,,,
aa375444aefab5417d82c91453aa8739f8de24722f05a4d2b461072d3a8afc4b,2,RTcYPgx3RrAbgxMAuE16xSvVwpq3oDmybM,261.39231534,pubkeyhash,,,
aa4018bc06235a0296fabd12860ddb11be5f89652eb9fc6b446ca78ee7d737e3,0,,0.00000000,nulldata,,,
aa4018bc06235a0296fabd12860ddb11be5f89652eb9fc6b446ca78ee7d737e3,1,RYUQb4CHSZMi7S2ph2bDbmTDDmhu1fpwK4,992.61135000,pubkeyhash,,,
aa425108d7599a1f6160d3bc6075e34a4897d8667eca23e7f3297d200d5a3fa7,0,,0.00000000,nulldata,,,
aa425108d7599a1f6160d3bc6075e34a4897d8667eca23e7f3297d200d5a3fa7,1,RDVFatByuHbDwg7NG8FQDR2RbGLHTGb2YX,994.37208000,pubkeyhash,,,
aa4ab0ff8485329a8738a57b1ce9e4343b3c5abe89ba902892f8c2b83356b740,0,,0.00000000,nulldata,,,
aa4ab0ff8485329a8738a57b1ce9e4343b3c5abe89ba902892f8c2b83356b740,1,RTF8m2LMK9GGuhjWdNgt5djsPXmP7DSHva,995.16292000,pubkeyhash,,,
aa4e6900d903571dd2b905f489d027a27501e180bddb2dd1ec83ac96f6e9c9e7,0,,0.00000000,nulldata,,,
aa4e6900d903571dd2b905f489d027a27501e180bddb2dd1ec83ac96f6e9c9e7,1,RQma81VJ2o3p3a1Z69tbAByuLifpNNqFMn,989.98935000,pubkeyhash,,,
aa635d41f07d752672936be22db611719c8a0f1c5ec9e27632411ed3facfbaec,0,,0.00000000,nulldata,,,
aa635d41f07d752672936be22db611719c8a0f1c5ec9e27632411ed3facfbaec,1,RYMYhcSNa8ciEQXzNQLfhhMkbSnTLhyzd8,991.84683000,pubkeyhash,,,
aa727fb2667085a35e0599efde5965ce3e2daba4d395cd7f6ce13fe71ca50005,0,RMK2KcL1zHTDSozhuJKgNjeGrFZe5M5CHu,0.00774973,pubkeyhash,,,
aa727fb2667085a35e0599efde5965ce3e2daba4d395cd7f6ce13fe71ca50005,1,RX1r2eyM1UW7y2xHcrTejDfyCUk1yBmz4i,306.30045257,pubkeyhash,,,
aa766926e58978c1fc94c04ecb91abd9082b44402970483df7750e51752b264d,0,,0.00000000,nulldata,,,
aa766926e58978c1fc94c04ecb91abd9082b44402970483df7750e51752b264d,1,RDzAUurkGXibLMhKf6Kghuu3CCuLbbE1GL,990.25983000,pubkeyhash,,,
aa82ee8ea1b5c1732ab010664a27d156c516dfa428ce0088b8f6013e1335b84c,0,,0.00000000,nulldata,,,
aa82ee8ea1b5c1732ab010664a27d156c516dfa428ce0088b8f6013e1335b84c,1,RBR22oGx7C5RDcaokFiRHVysfx7q7gwzho,989.15615000,pubkeyhash,,,
aa92d26b80528d23fe6bf82d64cded98cde234711d45b0eb6308a0df36568d73,0,,0.00000000,nulldata,,,
aa92d26b80528d23fe6bf82d64cded98cde234711d45b0eb6308a0df36568d73,1,RNHWqYtRjEG7jx5wgSkAurv5KdZFkvUCCt,990.68763000,pubkeyhash,,,
aa9c8321968092b8ef1be9f24f3b8fb4625ac856f507c4872ced6c9e41ca5f1e,0,,0.00000000,nulldata,,,
aa9c8321968092b8ef1be9f24f3b8fb4625ac856f507c4872ced6c9e41ca5f1e,1,R9fbw2efCWyquPaXCu7kRHS48Nf6FFixHw,990.10527000,pubkeyhash,,,
aacda4661ec514d2c0cd19a8fb7463e3a2e0e3e0a7b58dc55b7f94f2adc75532,0,,0.00000000,nulldata,,,
aacda4661ec514d2c0cd19a8fb7463e3a2e0e3e0a7b58dc55b7f94f2adc75532,1,RYLsudbrVrHYDoTYKtou2KfwXSerRqA58c,989.10647000,pubkeyhash,,,
ab40a169e3f1b4d3ce7a298b5b67da10674a5a5dc1cff506a1de7c37bcf81fc0,0,,0.00000000,nulldata,,,
ab40a169e3f1b4d3ce7a298b5b67da10674a5a5dc1cff506a1de7c37bcf81fc0,1,RMpuYGemgoZJfEwYodkwGafPQ5FNPpTuSK,992.22771000,pubkeyhash,,,
ab4341b94fd48b5872b99a33be3f636db85463a6e9794ca19616b1cd27468970,0,,0.00000000,nulldata,,,
ab4341b94fd48b5872b99a33be3f636db85463a6e9794ca19616b1cd27468970,1,RUwnteMR38tFbddXDBrB8AWZeoNG5vYN9b,995.17396000,pubkeyhash,,,
ab47c92f2dbc0bca1a0fd87ddc0ed48c4863eb34b6e57c8fcc830c86c2b015e4,0,,0.00000000,nulldata,,,
ab47c92f2dbc0bca1a0fd87ddc0ed48c4863eb34b6e57c8fcc830c86c2b015e4,1,RVhbZsu8RRfzq2TyoJDgXubtEDeL7VWc3q,994.72196000,pubkeyhash,,,
ab4a0267285fb956b7c2ad90bbe49c485e2e0942c1588a80700bae301ed75587,0,,0.00000000,nulldata,,,
ab4a0267285fb956b7c2ad90bbe49c485e2e0942c1588a80700bae301ed75587,1,RWeKc5g43cgXg1trwV4dkFd26JyaF4wrPJ,990.52479000,pubkeyhash,,,
ab5cc5439a9dbc01949379e00e24659a90401cfeab32915dedc9925b7c13a80e,0,,0.00000000,nulldata,,,
ab5cc5439a9dbc01949379e00e24659a90401cfeab32915dedc9925b7c13a80e,1,RAvebHtzwsNLfru332ERGXKoZ4NkcQx6bb,992.93979000,pubkeyhash,,,
ab5ec262291081f267c754fca001441b2a1e469c0fe2c40a80393d347a99abc3,0,,0.00000000,nulldata,,,
ab5ec262291081f267c754fca001441b2a1e469c0fe2c40a80393d347a99abc3,1,RM5Zind1HWYVSqFahQu4xRixEri4ztoyss,992.16423000,pubkeyhash,,,
ab6e1b9d6988543b9b20b146e9b3c23fef92dccd704c050d3010ec740db2241f,0,,0.00000000,nulldata,,,
ab6e1b9d6988543b9b20b146e9b3c23fef92dccd704c050d3010ec740db2241f,1,RSjoXTwRM4R1YJm4EfBFvxnveeARieuj5P,991.14027000,pubkeyhash,,,
ab84e92263bd1c3fca1975a3e519645662b6f734620455875ea93d36b3abaa8d,0,,0.00000000,nulldata,,,
ab84e92263bd1c3fca1975a3e519645662b6f734620455875ea93d36b3abaa8d,1,RUgbCqGxGv7nBFaghCn1JcpfoYzUBsdgJ3,993.07503000,pubkeyhash,,,
ab91207be3cd562635d1280153ab65a36618be7c0350dafbdf014ef780dfd2ba,0,,0.00000000,nulldata,,,
ab91207be3cd562635d1280153ab65a36618be7c0350dafbdf014ef780dfd2ba,1,RHHmxw7BmZ7KXHCGTaGejoFJBxDZhD9J59,992.43747000,pubkeyhash,,,
aba22b1206e294892d766692e76b07dc9c4912441640d022811274cdf0031e29,0,,0.00000000,nulldata,,,
aba22b1206e294892d766692e76b07dc9c4912441640d022811274cdf0031e29,1,RArhm9xbRuEput3t3pqGwa4UWHkwzbsgKe,991.43007000,pubkeyhash,,,
abd7a1d1b2bf7c29614cd662d01b2fcefb9560f499fc33bc46fbc01ca57f9078,0,RYYEvddH9uVc9ML8JfbVZ7wHkp5wtSnsvP,0.00654633,pubkeyhash,,,
abd7a1d1b2bf7c29614cd662d01b2fcefb9560f499fc33bc46fbc01ca57f9078,1,RYCSqtudKYk1bBYcdjk5Z98BzpXAf6qp91,5.01835602,pubkeyhash,,,
ac0859dcc0189eb696ab630196c80a5c34377199d3b1d6c957bcba22f3c0238e,0,,0.00000000,nulldata,,,
ac0859dcc0189eb696ab630196c80a5c34377199d3b1d6c957bcba22f3c0238e,1,RYLyxG4mUwrCuBb2HKmhqasBpvvxHwJGtC,995.28988000,pubkeyhash,,,
ac0f8ebf1152dc9b6d104af3b62857d89c6d245fd83097c3166192ae4d21f307,0,,0.00000000,nulldata,,,
ac0f8ebf1152dc9b6d104af3b62857d89c6d245fd83097c3166192ae4d21f307,1,RMb6tHx7GckFjybqJPDWj53aYf56yMkd88,990.85323000,pubkeyhash,,,
ac154e371de1a2985610fbacdbacb3a32239bcf5939d6bb98345a8242562d851,0,,0.00000000,nulldata,,,
ac154e371de1a2985610fbacdbacb3a32239bcf5939d6bb98345a8242562d851,1,RDa9bMbvTnhBZPfb6m13AaYM7HeDtnAXun,990.26811000,pubkeyhash,,,
ac4a02ef6deda0fbb8c9f6dc450c6cdb89738c4708d5abb4cf61d71eb14ee122,0,,0.00000000,nulldata,,,
ac4a02ef6deda0fbb8c9f6dc450c6cdb89738c4708d5abb4cf61d71eb14ee122,1,RRxQZ7onDGpfm4EoYwBmYZcxdWnzNGj3Gb,993.01431000,pubkeyhash,,,
ac8e585144cbeb25d233d05c64b8bff7d4cbd9a8d91fa71fe1017a80fa8fce70,0,,0.00000000,nulldata,,,
ac8e585144cbeb25d233d05c64b8bff7d4cbd9a8d91fa71fe1017a80fa8fce70,1,RB1p8bNHArFxXDyNtLHK9WdVptRL1CMMbN,988.86911000,pubkeyhash,,,
acd5506a436d7e2249f04f9b0224d7bc1630a2467388ef3b6a707558ae2fccb9,0,,0.00000000,nulldata,,,
acd5506a436d7e2249f04f9b0224d7bc1630a2467388ef3b6a707558ae2fccb9,1,RP3zvNJciohVpHSbuzrnH4YeWnGC8aX8Jm,995.27608000,pubkeyhash,,,
acfbc420a0a4c26c86d81f8b3dbd257e8251edfbe1f4d9e6dbe41f09ff3db351,0,,0.00000000,nulldata,,,
acfbc420a0a4c26c86d81f8b3dbd257e8251edfbe1f4d9e6dbe41f09ff3db351,1,RYDHpJ4Mnv3AMAXR9H3sAdmcoAVCBMNFTr,992.37399000,pubkeyhash,,,
ad029d2439d41636d0cbddaf2c6786df0b921719a5da8c722e2ea35b3c6a1eb3,0,,0.00000000,nulldata,,,
ad029d2439d41636d0cbddaf2c6786df0b921719a5da8c722e2ea35b3c6a1eb3,1,RVhJBR5KcBFp2RukuoGcdjPNYSZAHnBidk,990.66831000,pubkeyhash,,,
ad032586d08b087db1b110522d0510ef4f062c08c8fd36cce5eae8992b3d8c12,0,,0.00000000,nulldata,,,
ad032586d08b087db1b110522d0510ef4f062c08c8fd36cce5eae8992b3d8c12,1,RUetCjNJPxq6jWmCeQC3rYqshc3LW5FdJm,993.29307000,pubkeyhash,,,
ad0a1e96f917e131bc0221cb5346d4a76a7e3d1a7175deab24882172a0a5176b,0,,0.00000000,nulldata,,,
ad0a1e96f917e131bc0221cb5346d4a76a7e3d1a7175deab24882172a0a5176b,1,RHEhMf4nSiAw4ft4wBPRokUJ1QpDJ8MutZ,991.11543000,pubkeyhash,,,
ad119d0a5eb1bbe3831f8af867399134b1a2ad911c28ed9257ad8eaf71b88445,0,,0.00000000,nulldata,,,
ad119d0a5eb1bbe3831f8af867399134b1a2ad911c28ed9257ad8eaf71b88445,1,RGk7thkKyEf3UNvPD22MF7QUa5UYoZNjoD,991.90203000,pubkeyhash,,,
ad1408a08b42b8376d0750b64650eafabf233dc78c8cbce0e094d48593873e16,0,,0.00000000,nulldata,,,
ad1408a08b42b8376d0750b64650eafabf233dc78c8cbce0e094d48593873e16,1,RBx134zkcSJG4HMUNEAvnFfjwQSuJnhnkR,992.43471000,pubkeyhash,,,
ad902fbd6b36cb9b31b1d143f49a0e6db6048744112cc15234477db823ec2586,0,,0.00000000,nulldata,,,
ad902fbd6b36cb9b31b1d143f49a0e6db6048744112cc15234477db823ec2586,1,RF8YFEVFtkEBSvRFcr7hmc69h9YArzzNMi,992.17527000,pubkeyhash,,,
adb678a6f884e22d6f8b669586ec91359f31945f2e07d345b9f0875f31ae62c6,0,,0.00000000,nulldata,,,
adb678a6f884e22d6f8b669586ec91359f31945f2e07d345b9f0875f31ae62c6,1,RCcSfTyB5SzJisyy9b7xMTNK4Yr2Jbos4t,994.73024000,pubkeyhash,,,
adc5b5e0d777a33d0e36cccd6e64175f5bb0791ef300e031010ff10b9aa124ec,0,,0.00000000,nulldata,,,
adc5b5e0d777a33d0e36cccd6e64175f5bb0791ef300e031010ff10b9aa124ec,1,RXvQaz3fa9NMvxyhhKSyfnEPEaTYEFAqjY,995.05836000,pubkeyhash,,,
adec41771eabd0215d10cf785bf3a5eb7faedee63fa98d45beddb0bebe0ef20b,0,,0.00000000,nulldata,,,
adec41771eabd0215d10cf785bf3a5eb7faedee63fa98d45beddb0bebe0ef20b,1,RCXwB3TR1B7n6Cb3yhkoBEM9BKJnT5nHpc,990.88083000,pubkeyhash,,,
adf8e940bbcfc4cace6c71649229265e24056c2df50e8ac612ef4caca2694fd3,0,,0.00000000,nulldata,,,
adf8e940bbcfc4cace6c71649229265e24056c2df50e8ac612ef4caca2694fd3,1,RJzMqKvRHPGv8mydx96dWLQSSBmdN1tvVv,990.88911000,pubkeyhash,,,
ae1a2a6a8209c9ea95f8717d78fe2a4c7248db57324f111cff0a503dd27bc06c,0,,0.00000000,nulldata,,,
ae1a2a6a8209c9ea95f8717d78fe2a4c7248db57324f111cff0a503dd27bc06c,1,RFFGSoT495B1GqsquU1my7sNt8R6goyg6d,994.73576000,pubkeyhash,,,
ae21d5649cf3227daf8fe48f2154837ff27fef0499ed6370c9efb9adfd29a660,0,RX1r2eyM1UW7y2xHcrTejDfyCUk1yBmz4i,306.56044333,pubkeyhash,,,
ae21d5649cf3227daf8fe48f2154837ff27fef0499ed6370c9efb9adfd29a660,1,RFZrvvks6d4suvAmoYKnqjqzPdbrhF1dkR,34.05194283,pubkeyhash,,,
ae24cc2ee63281a50fed254fb2f72e6991a23462b1fdb00b106b91a3d2077036,0,,0.00000000,nulldata,,,
ae24cc2ee63281a50fed254fb2f72e6991a23462b1fdb00b106b91a3d2077036,1,RSsdPHVQHkvDeCcTevePWJ2Yim2qK49BDC,992.71071000,pubkeyhash,,,
ae5272a82f75f0a894231b5370647378e47f69c5d05b5cd7c74753e102c5ea04,0,,0.00000000,nulldata,,,
ae5272a82f75f0a894231b5370647378e47f69c5d05b5cd7c74753e102c5ea04,1,RAY2mPb5zBMgDD24AgQGmARHakBX1SRtQq,993.94428000,pubkeyhash,,,
ae57c416af33340b579f3a2e84dc9f8ff24bdb211725122ed59d54ff653d1e64,0,,0.00000000,nulldata,,,
ae57c416af33340b579f3a2e84dc9f8ff24bdb211725122ed59d54ff653d1e64,1,RVjrjaSWR9VsUaiUmtUepvAPuCQdq1nSsk,990.89463000,pubkeyhash,,,
ae5b954180d2edda09aee3062dfc13b4a4ca9f08cc0e4bc8ef3ecf27b50447d2,0,,0.00000000,nulldata,,,
ae5b954180d2edda09aee3062dfc13b4a4ca9f08cc0e4bc8ef3ecf27b50447d2,1,RUTNtJdkrCffYuLMvi76bs8HTCGRF4Rkus,994.39140000,pubkeyhash,,,
ae82823066b818c97726925d35b73aa938aa4502434643a77d1bffe48f323fec,0,,0.00000000,nulldata,,,
ae82823066b818c97726925d35b73aa938aa4502434643a77d1bffe48f323fec,1,R9aKs8iHiLSgEY6p3KCdVPr7V5z2NgyExo,993.11919000,pubkeyhash,,,
ae833ddb047f3b5ccd5c091af808b0ac6ab34bffae856d3861bea6828a30367c,0,,0.00000000,nulldata,,,
ae833ddb047f3b5ccd5c091af808b0ac6ab34bffae856d3861bea6828a30367c,1,RJSepBBVhF65D69U87YdmFXMjSE1StEsNi,989.87067000,pubkeyhash,,,
ae8a3d1ac593c762a2d715da2f85dcfced5f86dfff2e014665a28d05fd36d6f5,0,,0.00000000,nulldata,,,
ae8a3d1ac593c762a2d715da2f85dcfced5f86dfff2e014665a28d05fd36d6f5,1,RKYP4J8tVk3FGmfZv8kjeZUQ7YPPc5p89q,990.97467000,pubkeyhash,,,
ae94395f150fcbe08249d682b90621158b0360afe93240265a6188d3c29c111f,0,,0.00000000,nulldata,,,
ae94395f150fcbe08249d682b90621158b0360afe93240265a6188d3c29c111f,1,RNhGTVqjA6U2tUC2WbZZvNoX98JLAquwNA,989.69955000,pubkeyhash,,,
aec3b23dc5037305fbb0061afbf487b270f49fec627a243a624031918450ca9f,0,,0.00000000,nulldata,,,
aec3b23dc5037305fbb0061afbf487b270f49fec627a243a624031918450ca9f,1,RXKAgs5Kpus6txZFZu886eBfeT4UkVXgfv,993.66000000,pubkeyhash,,,
aed84230e8fe92f1490a9799d077500435e3fda33de7f3e0d2ef42eea2c1179b,0,,0.00000000,nulldata,,,
aed84230e8fe92f1490a9799d077500435e3fda33de7f3e0d2ef42eea2c1179b,1,RFcCzC6JzEhyrP66HfVfiMuaiM4FHQ8FYs,989.05403000,pubkeyhash,,,
aee971e7ad4a76268307b7111a233113c7855609a5c9c25ca1b999d3b6096012,0,,0.00000000,nulldata,,,
aee971e7ad4a76268307b7111a233113c7855609a5c9c25ca1b999d3b6096012,1,RFbmgfhZy1N7pxjJKy7VZ3RpLjMEQN5Bc4,990.85599000,pubkeyhash,,,
af165d803549b73f6b0d99bcb5e43d26873784a3f7e6d30989587c2603d0455c,0,RHvY8nbzytTk2RJQhDspkP9hfPsAJFXCE7,25.64237518,pubkeyhash,,,
af165d803549b73f6b0d99bcb5e43d26873784a3f7e6d30989587c2603d0455c,1,RKMpmBJeYbqg6FFwKnERTFPFpJf7ERBDW8,738.88868689,pubkeyhash,,,
af23a77dbc0b12cc3b06c93f1357105a09747172e5f29c6019225b32aabd1fc2,0,RVnPh8UFMjDPjPZkzKgGtWtjWsFMsrf2Bg,20.17527881,pubkeyhash,,,
af23a77dbc0b12cc3b06c93f1357105a09747172e5f29c6019225b32aabd1fc2,1,RR3usLA2i73YL1niQDTpRQujMnssTXUFNV,134.83169279,pubkeyhash,,,
af3173bb1822f264953dcdf41d30e4c093fdde91f546544bc0cc0411e4775fa0,0,,0.00000000,nulldata,,,
af3173bb1822f264953dcdf41d30e4c093fdde91f546544bc0cc0411e4775fa0,1,RQqTemyJ2z763X8rAKSLevRiDnbr4uzxm4,994.46528000,pubkeyhash,,,
af4900e5f669de77f40377cd9ac220b3deb7d8cd7a5e1bfcc02e04db32417134,0,,0.00000000,nulldata,,,
af4900e5f669de77f40377cd9ac220b3deb7d8cd7a5e1bfcc02e04db32417134,1,RErgpHKSCnFJUjnn8SBFK7eJk5nYsyG3ia,989.51219000,pubkeyhash,,,
af49c352c7e873abf928a0b9e99279dc85304c97bc49835b3c2a4b4bba6c5f04,0,,0.00000000,nulldata,,,
af49c352c7e873abf928a0b9e99279dc85304c97bc49835b3c2a4b4bba6c5f04,1,RJbj4wiuaT7GuuD8m423UcrxyJ6SACY636,992.60859000,pubkeyhash,,,
af58fb015175738e1913ed199d2ddfbd0b4cc9ed386733d8be16cf5dbca7e7b6,0,,0.00000000,nulldata,,,
af58fb015175738e1913ed199d2ddfbd0b4cc9ed386733d8be16cf5dbca7e7b6,1,RHpp84WYpRJvzuMobSsyk3rDZPFvfU2LHM,992.76039000,pubkeyhash,,,
af77a51d9f3f14d3c03277010727ce053857bb0a6f3a8a0f0044c9d2b4dd16ad,0,,0.00000000,nulldata,,,
af77a51d9f3f14d3c03277010727ce053857bb0a6f3a8a0f0044c9d2b4dd16ad,1,RRE56i4oPpcMBkFAUoJmcbnxhkSuuR4Dgx,993.19923000,pubkeyhash,,,
af94604e4247a51c2a4fe5a612083f02a4906202986806c3d8db9f6f7861fc72,0,,0.00000000,nulldata,,,
af94604e4247a51c2a4fe5a612083f02a4906202986806c3d8db9f6f7861fc72,1,RJWCE1wcjcKxNJMcyx5yAsF9P3AzKs1jdi,990.46131000,pubkeyhash,,,
af9498acfb2b9f32ac935d29efb29f12dd404a0b00476964d163bb3af866db30,0,,0.00000000,nulldata,,,
af9498acfb2b9f32ac935d29efb29f12dd404a0b00476964d163bb3af866db30,1,RDjYNAovqmDvWx3Gq8D1v2oQ7zqQk4gUnf,993.80076000,pubkeyhash,,,
afcd5a89b00fbf556217d902d3d968ddb1b76e4409ac6400868b6299cd833555,0,RDK53fSti87hA4qmaHPdbRathk5HgsVemT,34.02932056,pubkeyhash,,,
afcd5a89b00fbf556217d902d3d968ddb1b76e4409ac6400868b6299cd833555,1,RX1r2eyM1UW7y2xHcrTejDfyCUk1yBmz4i,306.35681228,pubkeyhash,,,
afcf2fa8f85a3e71c45b3fdfc655cd360040e58546669a677c55ccc5ea913d3e,0,,0.00000000,nulldata,,,
afcf2fa8f85a3e71c45b3fdfc655cd360040e58546669a677c55ccc5ea913d3e,1,RVJbJo46NBnauwFnBXFw987TphjkK9w8AV,990.61587000,pubkeyhash,,,
afdcb904447e7a1c9e06911c20112e8707f379d109cd5f7216f3a9fe02ad1337,0,,0.00000000,nulldata,,,
afdcb904447e7a1c9e06911c20112e8707f379d109cd5f7216f3a9fe02ad1337,1,RWhaaj4YT8mbRFdoR56PG5LnnfZpCVj7TY,994.32240000,pubkeyhash,,,
aff2704aa6cd9d67d4b84aa46d362b8f3f800509cdb8ff8effb69e0dbb704cb6,0,,0.00000000,nulldata,,,
aff2704aa6cd9d67d4b84aa46d362b8f3f800509cdb8ff8effb69e0dbb704cb6,1,RXsRcfTVqom4Ke7oaEENNgZPcuTi9RXMK4,993.68760000,pubkeyhash,,,
aff4a982e61150df56d1d92f753f9c78262bc1e491a9d7173ddb983aca69e4bd,0,,0.00000000,nulldata,,,
aff4a982e61150df56d1d92f753f9c78262bc1e491a9d7173ddb983aca69e4bd,1,RV1tTMy7fZt3Nfcmtfx5hDRq2rRWsLHS8f,994.22304000,pubkeyhash,,,
affcd4364bcfb14e564fe14fcbe291a03a6b8f97035fc191f6df2c9f9efae20d,0,,0.00000000,nulldata,,,
affcd4364bcfb14e564fe14fcbe291a03a6b8f97035fc191f6df2c9f9efae20d,1,RSape5qvHG99W4vjqPPequ2RrhbjzeqLtQ,995.10804000,pubkeyhash,,,
b010aacc399ac15e0c237d362eec2a32d833cf15426f16a7cf150a6f4d2a8e99,0,,0.00000000,nulldata,,,
b010aacc399ac15e0c237d362eec2a32d833cf15426f16a7cf150a6f4d2a8e99,1,RCSSHbXFEucTtgD2g5ujwLxa9L9SvZFANN,988.88015000,pubkeyhash,,,
b0190dbac3e8fa04670407c241055cc899e490055b401d78a604ec1277b12022,0,,0.00000000,nulldata,,,
b0190dbac3e8fa04670407c241055cc899e490055b401d78a604ec1277b12022,1,RAZ6Fnaq5RCbD98dF5SUNst5r8FqcJwNGW,991.34451000,pubkeyhash,,,
b0285531a1fd921624c1485b9b7c84aa7550a23755bf234ff6f80e387d729275,0,,0.00000000,nulldata,,,
b0285531a1fd921624c1485b9b7c84aa7550a23755bf234ff6f80e387d729275,1,RSUUmvJQJ5GXtocfL1HPhcbKMgC1GcKHKZ,995.24572000,pubkeyhash,,,
b03702d971523a470c88fabe33e71f818f6c7314e937f6ee69bbaef795433c74,0,,0.00000000,nulldata,,,
b03702d971523a470c88fabe33e71f818f6c7314e937f6ee69bbaef795433c74,1,RWXvF7YWrozFjDqnyBssffuiP72pexB1f6,989.66091000,pubkeyhash,,,
b07baf1e8c1e836026b332e4a0d02af20f1a4d4c35b74a35120b234069aac4a7,0,RC9Cquhh3WY5bQ9iR31VsXq3kQoHaQB7py,50.98322356,pubkeyhash,,,
b07baf1e8c1e836026b332e4a0d02af20f1a4d4c35b74a35120b234069aac4a7,1,RQjHU1RtGf2jYcjfxdoa8B93VpoQvDfBXa,57.99241663,pubkeyhash,,,
b07baf1e8c1e836026b332e4a0d02af20f1a4d4c35b74a35120b234069aac4a7,2,RKvF18oHToQBMKfAe6o5hHHtDo2iVeznMe,16594.42592733,pubkeyhash,,,
b0a74cc117a1ed9a10dda51cc182c96dccf64bf296083e554e4aa5f5b23a2619,0,,0.00000000,nulldata,,,
b0a74cc117a1ed9a10dda51cc182c96dccf64bf296083e554e4aa5f5b23a2619,1,RUw5UDxpaX11D9AM9p858QoKKpcERzCXGX,990.99399000,pubkeyhash,,,
b0b30ae84e1eacbdcb6345f0edba59f30fffe102fe8a6377b161df08ef8f7f1d,0,RX1r2eyM1UW7y2xHcrTejDfyCUk1yBmz4i,306.26635363,pubkeyhash,,,
b0b30ae84e1eacbdcb6345f0edba59f30fffe102fe8a6377b161df08ef8f7f1d,1,RXG5siEY3hhcJZS43uRmgW6tz6LbmBKaCJ,0.00675008,pubkeyhash,,,
b0cea47de9934ff7664226c1bc94460e576b1a89ba3fd37d57bdd96454afa902,0,,0.00000000,nulldata,,,
b0cea47de9934ff7664226c1bc94460e576b1a89ba3fd37d57bdd96454afa902,1,RMvEmMNE8H2rasZxViEt2WianWGRKL96XE,989.47079000,pubkeyhash,,,
b0e070c7e49b64360e765be75210c2f0ba5455db3c6a508fdf28844327ea06d1,0,,0.00000000,nulldata,,,
b0e070c7e49b64360e765be75210c2f0ba5455db3c6a508fdf28844327ea06d1,1,RQ3P93dWtFnQgPmpY3AfBi5PmGtJbGa9Lu,988.89119000,pubkeyhash,,,
b0f5fc33ebd7a2acb40368507f90447e785cef035e6d205f8d0a3ea455a8f532,0,,0.00000000,nulldata,,,
b0f5fc33ebd7a2acb40368507f90447e785cef035e6d205f8d0a3ea455a8f532,1,RHv3Kdnu7FGcCvtkf2PBeqNpBnn7Jp3N2L,991.47147000,pubkeyhash,,,
b10c7e0df8e775787f533986e4a26db1c649be39ede51169a8daedd453285644,0,,0.00000000,nulldata,,,
b10c7e0df8e775787f533986e4a26db1c649be39ede51169a8daedd453285644,1,RJgJADEtfyVUbVVmuWmnizHsyJ6pMfosHx,994.64192000,pubkeyhash,,,
b134dbe4cb1e727de867bbb1733018d52d390af555205ba7f72d16b963ed4ac0,0,,0.00000000,nulldata,,,
b134dbe4cb1e727de867bbb1733018d52d390af555205ba7f72d16b963ed4ac0,1,RVz3qAsaKVezJC9M48FqSwjM7PD8m2p8jt,994.63364000,pubkeyhash,,,
b16012c074542cd5cb8b7c8fc421e9046235241520ecdca2ef14c1199328b646,0,,0.00000000,nulldata,,,
b16012c074542cd5cb8b7c8fc421e9046235241520ecdca2ef14c1199328b646,1,RQYeB8ojKvs4uHPYXZ1yopfGQaCBcQzQ8x,990.45579000,pubkeyhash,,,
b170c2e9b629907a4ef3c5dfd1927bec8df37a95c0f3b02fb8d7fba3b3c9ce4a,0,,0.00000000,nulldata,,,
b170c2e9b629907a4ef3c5dfd1927bec8df37a95c0f3b02fb8d7fba3b3c9ce4a,1,RJ1jFkUU5qu7UDWpujo9PAZAde1gEf65Zr,994.50116000,pubkeyhash,,,
b18497d6df952fe1ffee243a4a3a756e0cb371b883b10278bf65cd4eaa77917a,0,,0.00000000,nulldata,,,
b18497d6df952fe1ffee243a4a3a756e0cb371b883b10278bf65cd4eaa77917a,1,RJx7nKY3RWDS9E2adVBBSCbsYSAUNMmy7p,991.52391000,pubkeyhash,,,
b1b64c5a75e5e2195cbb8df36f30986a77352d235a0b23b81705fa38adb62fc2,0,RX1r2eyM1UW7y2xHcrTejDfyCUk1yBmz4i,306.46878360,pubkeyhash,,,
b1b64c5a75e5e2195cbb8df36f30986a77352d235a0b23b81705fa38adb62fc2,1,RJSMV93JHjde8bskwnY8T4Jey7WM8kCfRk,34.04176028,pubkeyhash,,,
b1ddfa3eb906592f3f99668eebd3bcf31769c2c9d622b5f5b98ee962fec32d06,0,,0.00000000,nulldata,,,
b1ddfa3eb906592f3f99668eebd3bcf31769c2c9d622b5f5b98ee962fec32d06,1,RH8CmpZ8z2AdGTpGYusftMoTSLmTSU1C5k,989.68575000,pubkeyhash,,,
b2079aced1c2e1e607363a56d51bda7f5cfffe6480bc4c1062a6dace1c032321,0,RRT3v8uKazr662SdurzZdt5oe7MzvLDqsi,0.16737990,pubkeyhash,,,
b2079aced1c2e1e607363a56d51bda7f5cfffe6480bc4c1062a6dace1c032321,1,RRT3v8uKazr662SdurzZdt5oe7MzvLDqsi,10.88706243,pubkeyhash,,,
b2095efbf4790e80352aeda4feb420bafa6508692735d354795422f465d841ae,0,,0.00000000,nulldata,,,
b2095efbf4790e80352aeda4feb420bafa6508692735d354795422f465d841ae,1,RSASdTETeAD5HaSpRsy6rVgF5gicCjnBRs,989.03471000,pubkeyhash,,,
b2139ede1f537b19e946793c734cc1bc1643451ed23e3332b69f9105b0da646b,0,,0.00000000,nulldata,,,
b2139ede1f537b19e946793c734cc1bc1643451ed23e3332b69f9105b0da646b,1,RCiC5zhHKuS9a5rkQ3H8UKG3QF5SACy782,994.18164000,pubkeyhash,,,
b273b8709716caecf4b896147cec8526c1862311c381d87499a958c3a50a4da0,0,RMKd7jAm9y682pLc6QiHSUFTxZReSRKZfe,0.75105239,pubkeyhash,,,
b27b88a2924a27f7fdddcdca59c3e1c58e17931221b7c4c5ad03c247ead03075,0,,0.00000000,nulldata,,,
b27b88a2924a27f7fdddcdca59c3e1c58e17931221b7c4c5ad03c247ead03075,1,RE7tTPcXKBMfj5aHPPQZsWKQa2U5DEy13H,989.93415000,pubkeyhash,,,
b283de5cc961dc1f4d0c39b6abc9142746c08b5adc3996c57dccdb57be2397fd,0,,0.00000000,nulldata,,,
b283de5cc961dc1f4d0c39b6abc9142746c08b5adc3996c57dccdb57be2397fd,1,RARme487cvkL4MTEebyHFGnzwwE1zcVp9R,992.56719000,pubkeyhash,,,
b2ae9471a63ab246b7e5f3df1c63ca91d8083c92fd7c69759041c4623fd79759,0,RMKd7jAm9y682pLc6QiHSUFTxZReSRKZfe,0.42024671,pubkeyhash,,,
b2c81cd08bcf442f8357e7970532dcc8142ca502db032c352718531993f2bdb2,0,,0.00000000,nulldata,,,
b2c81cd08bcf442f8357e7970532dcc8142ca502db032c352718531993f2bdb2,1,RMgvqxscN9vfVxM6utZ1Gi7JBEjabmnVKD,990.93879000,pubkeyhash,,,
b2e47d53ed466553fe2e80382a4d2996de68b690c212ed306da9f83d6092a19d,0,,0.00000000,nulldata,,,
b2e47d53ed466553fe2e80382a4d2996de68b690c212ed306da9f83d6092a19d,1,RK8kzPxjEHHKR9sMptEkKMU862un1kuSCV,988.86635000,pubkeyhash,,,
b31136bd64de87b3e6f5f5798f128bcdd59f9dbe800ca509e16299b98df3c2f6,0,,0.00000000,nulldata,,,
b31136bd64de87b3e6f5f5798f128bcdd59f9dbe800ca509e16299b98df3c2f6,1,RPaanvvdWGHUh7xz6m7eFpBxnxBLq5M1wu,990.03351000,pubkeyhash,,,
b32cdd2bbcf33c8081b06233085384d37c8698ede63097172001886c10938681,0,,0.00000000,nulldata,,,
b32cdd2bbcf33c8081b06233085384d37c8698ede63097172001886c10938681,1,RPqGVp1ugFzvapwnWnR7SzBtBjBdZrUQBi,989.12027000,pubkeyhash,,,
b350cf7f29e2b43e7926fc053e6ab6957d3f1252ef5becf1c1a34e60f13144b7,0,,0.00000000,nulldata,,,
b350cf7f29e2b43e7926fc053e6ab6957d3f1252ef5becf1c1a34e60f13144b7,1,RQSiwPV56BynTFCuBoSCJthEYN68VgSf48,993.67380000,pubkeyhash,,,
b38b8cf308cb177dfaa5234ab3dc573a2aa4dba05d0e09392fb0414b697a1fb6,0,,0.00000000,nulldata,,,
b38b8cf308cb177dfaa5234ab3dc573a2aa4dba05d0e09392fb0414b697a1fb6,1,RNFxLMUJNnxdnLiEw5UDXvfuS8kq1Y8wWa,992.61411000,pubkeyhash,,,
b3aa6688a2f630651733e49a5c3aa6a0cf6c13d9d2628c26aaa948d2cfa37d20,0,,0.00000000,nulldata,,,
b3aa6688a2f630651733e49a5c3aa6a0cf6c13d9d2628c26aaa948d2cfa37d20,1,RCNjafNXJjRrEqV5P4HKZznBpFBrV12KYd,992.92875000,pubkeyhash,,,
b3f5c2fbfe14a060dd395247f6e4af8cd9db8f73c03560bc9c63a9bc60c1c3b9,0,,0.00000000,nulldata,,,
b3f5c2fbfe14a060dd395247f6e4af8cd9db8f73c03560bc9c63a9bc60c1c3b9,1,RFPY6k11UpQMbVt9CW9H7zJpzsR85WYi6z,989.73543000,pubkeyhash,,,
b4382ff1447292861df2f078e84dbed840651129e1248431dadf0255fe50d278,0,,0.00000000,nulldata,,,
b4382ff1447292861df2f078e84dbed840651129e1248431dadf0255fe50d278,1,RJVaGDth5dVbYPWm8ddrSjxemLHNWNVefE,990.71247000,pubkeyhash,,,
b44e904e9ca5031b76a6f3f4ed434eb198c3bdb9465c77d3b3685ec6c3920307,0,,0.00000000,nulldata,,,
b44e904e9ca5031b76a6f3f4ed434eb198c3bdb9465c77d3b3685ec6c3920307,1,RQHuJEqhHF1vy8Hn1x3fCp1kToxJVFmhcH,990.22119000,pubkeyhash,,,
b45dba4fd6216a4f699ed3db4d320180dc15010037a252a82c84d4c4ce2dd329,0,,0.00000000,nulldata,,,
b45dba4fd6216a4f699ed3db4d320180dc15010037a252a82c84d4c4ce2dd329,1,RJawEfsEMu3WmD2vxLC5P8Mkxf4FSwM68F,993.58824000,pubkeyhash,,,
b4620bed1ce6c546c9c07dacbcaa4611c24257f52d8edac2019259992d3bc214,0,,0.00000000,nulldata,,,
b4620bed1ce6c546c9c07dacbcaa4611c24257f52d8edac2019259992d3bc214,1,RCiB9CnG2Awkso6wcrEZfiz3AgpUf6GcMv,994.74404000,pubkeyhash,,,
b46cc2fd8e5bd57c271e113ba85179c065bda48feb5a9a0e5da8c42a402f47ea,0,RX1r2eyM1UW7y2xHcrTejDfyCUk1yBmz4i,306.05481844,pubkeyhash,,,
b46cc2fd8e5bd57c271e113ba85179c065bda48feb5a9a0e5da8c42a402f47ea,1,RDGDMPjzM4sjVhXVE98698iSDFgUVusAcH,0.00647955,pubkeyhash,,,
b478c4709dca2ea8657823a5a30dc363a732c9be59c9143838c4ff56f52ab803,0,,0.00000000,nulldata,,,
b478c4709dca2ea8657823a5a30dc363a732c9be59c9143838c4ff56f52ab803,1,RKKRNtnGrVFWpwhHaCGmH8TFfpkxyHnDPX,994.51772000,pubkeyhash,,,
b4841bf0ea70b8ccc999a845d05e29895c207ec8dfb299df17957d13fa20862e,0,,0.00000000,nulldata,,,
b4841bf0ea70b8ccc999a845d05e29895c207ec8dfb299df17957d13fa20862e,1,RQrLEZHefvE7dgWpumNe6zSjpQWWwMyMwY,993.46404000,pubkeyhash,,,
b48736b62f72cded21b59171eaba752873fb6b3ef716dafa7eb59010de4f9b1a,0,,0.00000000,nulldata,,,
b48736b62f72cded21b59171eaba752873fb6b3ef716dafa7eb59010de4f9b1a,1,RLo6ZVd8V6XZz62A7GLXfvge7UL6YLjEuS,994.97312000,pubkeyhash,,,
b48ef12485e74570c44360b8d7681d2ab0ede70f18caab963b27f6bbd7ff620a,0,RCqn1vr8BDJdijUr8kiTyDFJAhchkMqxjH,0.00871468,pubkeyhash,,,
b48ef12485e74570c44360b8d7681d2ab0ede70f18caab963b27f6bbd7ff620a,1,RX1r2eyM1UW7y2xHcrTejDfyCUk1yBmz4i,306.25331740,pubkeyhash,,,
b50e8d368153227b7d9902a7731446a11f5043cdc72c3efbb35c9dc2aa4f7f21,0,,0.00000000,nulldata,,,
b50e8d368153227b7d9902a7731446a11f5043cdc72c3efbb35c9dc2aa4f7f21,1,RK34HjwGoq397xfkpKX6txvr2xy9ERFPu3,990.33987000,pubkeyhash,,,
b534ffde60d52555ed6ed6c191a29d72e345a1295addbf2e4554c8717b55e312,0,,0.00000000,nulldata,,,
b534ffde60d52555ed6ed6c191a29d72e345a1295addbf2e4554c8717b55e312,1,RYD98mwTeBYPrYo8CJQ4Qa3NuWJSXuuwYg,994.46252000,pubkeyhash,,,
b5388c03a8eb5ab7f1c1eecb6587f24b08ce35fac490a02190ae5ffcf286dcf7,0,,0.00000000,nulldata,,,
b5388c03a8eb5ab7f1c1eecb6587f24b08ce35fac490a02190ae5ffcf286dcf7,1,RGiFtAKdPuQ4zXxuuMi1LQKAvyhXdxBrMa,994.82684000,pubkeyhash,,,
b56a9b21975648f6ded1089993fee8f9baa0a6423eb7a72eec0c879f2c2b684f,0,,0.00000000,nulldata,,,
b56a9b21975648f6ded1089993fee8f9baa0a6423eb7a72eec0c879f2c2b684f,1,RSGQSYXWvKkoWJLGeJrWX6zrPL5cyeFzoa,992.47887000,pubkeyhash,,,
b56e25624cbb8ec2fe2013f37aec97ed467c88e27e632bded33fae116c38af1f,0,,0.00000000,nulldata,,,
b56e25624cbb8ec2fe2013f37aec97ed467c88e27e632bded33fae116c38af1f,1,RJb2dAkoVo7NPpqDyXqAHDv9kGFm3hzGqp,994.96208000,pubkeyhash,,,
b582c88f93d92eac97b4a92f8b154f8317b8373a0c7e3a6471c3cbfe837e1e9a,0,,0.00000000,nulldata,,,
b582c88f93d92eac97b4a92f8b154f8317b8373a0c7e3a6471c3cbfe837e1e9a,1,RXRMiRN9fHpSYWLWnH1zQVdmwKVkGQXFRH,994.44044000,pubkeyhash,,,
b58503efb97ebeb54f2000cc63bd73f18fd62195557a8c272e1719688efbba23,0,,0.00000000,nulldata,,,
b58503efb97ebeb54f2000cc63bd73f18fd62195557a8c272e1719688efbba23,1,RMurQVtkACpBxjAmLwSq4FmLtwAUMFMyhD,988.95467000,pubkeyhash,,,
b590e193fb8f4b9f4a7c2a143f4c8f2857cffe6fbe12248fbfb5f8babb16c715,0,,0.00000000,nulldata,,,
b590e193fb8f4b9f4a7c2a143f4c8f2857cffe6fbe12248fbfb5f8babb16c715,1,RS7XGuTa8pvbXvKjmhDsbBGG7wa2uDsPPg,994.50668000,pubkeyhash,,,
b5a538b826b0a69784b7bcae6bc4eac2d0dbf991a939c6f2badd5706113c3fa2,0,,0.00000000,nulldata,,,
b5a538b826b0a69784b7bcae6bc4eac2d0dbf991a939c6f2badd5706113c3fa2,1,RMnZMxpwG3uWDmN1iWnEYGLzJN2znbe4Cq,992.17251000,pubkeyhash,,,
b5a5f3726f0fb8107372e840452fd90540596d052ff652b7c9350cf7193ca2f2,0,,0.00000000,nulldata,,,
b5a5f3726f0fb8107372e840452fd90540596d052ff652b7c9350cf7193ca2f2,1,RKrSgYW9rinD1yVsGgzJBuNJU8msaAEJgL,991.73643000,pubkeyhash,,,
b5ee42e9ce21b5f6bdd1df75725252c6aa02cfc1fd5a613aacc677d205e0451c,0,,0.00000000,nulldata,,,
b5ee42e9ce21b5f6bdd1df75725252c6aa02cfc1fd5a613aacc677d205e0451c,1,RFb65ijZst5nZmosQF6v5twfxb6YZPKtEB,992.68311000,pubkeyhash,,,
b5ee7cdbd1eabc37050a8a79f1ca77c5a330272425c4cc315b901891c1bd0c01,0,,0.00000000,nulldata,,,
b5ee7cdbd1eabc37050a8a79f1ca77c5a330272425c4cc315b901891c1bd0c01,1,RGoX2JL9AfvNXVDGG1VTVZUpVs2TYwfHr8,994.67504000,pubkeyhash,,,
b632456be67e70ba2ed24fd7c5b8359f9d8ce53aaaa7e969f490036cc0e5443f,0,,0.00000000,nulldata,,,
b632456be67e70ba2ed24fd7c5b8359f9d8ce53aaaa7e969f490036cc0e5443f,1,RMySQ6hj2h44heoW4Pc26BasytB6U5iJvt,993.03639000,pubkeyhash,,,
b6742a8e789b7cb22f4f61ac5a86c19e288988ee051824e41aaf0221885bb28d,0,,0.00000000,nulldata,,,
b6742a8e789b7cb22f4f61ac5a86c19e288988ee051824e41aaf0221885bb28d,1,RH68WkMtmNYyitKbBLMdLDtaGZUW7kUYp5,995.30368000,pubkeyhash,,,
b67bcc0d0f3379182ce402072d39991fc8dd6a0118525878b00a73f8e23621cd,0,RX1r2eyM1UW7y2xHcrTejDfyCUk1yBmz4i,306.19883558,pubkeyhash,,,
b67bcc0d0f3379182ce402072d39991fc8dd6a0118525878b00a73f8e23621cd,1,R9XPZmmZLcaFxM7RDf1EV4MuANmRbRmPpR,34.01017468,pubkeyhash,,,
b685ddfd865dd3b656b50445914de13925d901333c98668a2532109d9b59ddbf,0,,0.00000000,nulldata,,,
b685ddfd865dd3b656b50445914de13925d901333c98668a2532109d9b59ddbf,1,RKNqnSMjKuGwoxPgUy3Uv8hgSYYtCJXvjB,990.48339000,pubkeyhash,,,
b68baa34bfd15cb2e93a4a3750b834d81ec304a0b889ab54d3828560c79359fb,0,,0.00000000,nulldata,,,
b68baa34bfd15cb2e93a4a3750b834d81ec304a0b889ab54d3828560c79359fb,1,RPuZ7JroraMMFRYwwMhNEHDJUwAXN5xMqY,989.65295000,pubkeyhash,,,
b6aed3096a9b5c5a7061b1a7e77fec3c3920d52a086d2e5b52a266756af5fc6c,0,,0.00000000,nulldata,,,
b6aed3096a9b5c5a7061b1a7e77fec3c3920d52a086d2e5b52a266756af5fc6c,1,RB2d9Wr3zjgq9sQoH6oiwwAXHRhhip2Xnc,989.81823000,pubkeyhash,,,
b6b6580e689a2f329db2a43f6ab8af7d26812f2999e713ead825e4eff3a8c03f,0,,0.00000000,nulldata,,,
b6b6580e689a2f329db2a43f6ab8af7d26812f2999e713ead825e4eff3a8c03f,1,RLNbV7QaNx5JfQ3aQKXmydFmMpWjELdnJC,990.32055000,pubkeyhash,,,
b6c54c270a5fd1a829f73c155eed6d7010a98fdd1751b4e92ba3bbded5676dc7,0,,0.00000000,nulldata,,,
b6c54c270a5fd1a829f73c155eed6d7010a98fdd1751b4e92ba3bbded5676dc7,1,RGhXYnJRAswLyfuAy5rDRabsShfmCi3Jz8,992.74383000,pubkeyhash,,,
b6c9bb9e22bc67b3c97a8eb3e357db6f627cd6093976dccdda646174fc209ae0,0,,0.00000000,nulldata,,,
b6c9bb9e22bc67b3c97a8eb3e357db6f627cd6093976dccdda646174fc209ae0,1,RPGerw6WxdJox8sxDW16ecak4kya8Jvrki,990.71799000,pubkeyhash,,,
b74e885130b7ecdb4dbb04fd307d1510bf848e4b8d1f65ae8d9de1e5f4cdb62a,0,,0.00000000,nulldata,,,
b74e885130b7ecdb4dbb04fd307d1510bf848e4b8d1f65ae8d9de1e5f4cdb62a,1,RUaE2iTG7t4DPn66cHeSee44jqGoBPV7vw,993.57168000,pubkeyhash,,,
b755e60d84795a0e32967d0c6a763c4f26fec00d407dc21de4ec92168febe49b,0,,0.00000000,nulldata,,,
b755e60d84795a0e32967d0c6a763c4f26fec00d407dc21de4ec92168febe49b,1,RL3sZ3GLkVVqNkU2Ta6gfL9TbtWwTR2c3D,994.96760000,pubkeyhash,,,
b7656d8db22629dea82a34b6551489e4485fd8adadda682dba150ca53c1be491,0,,0.00000000,nulldata,,,
b7656d8db22629dea82a34b6551489e4485fd8adadda682dba150ca53c1be491,1,RBoDoUVCMi162UtVNqmowLSpsdhVRWMUWe,991.86339000,pubkeyhash,,,
b78303ce13cd8d0938cb8af19bf48b479146dfbccc73377341288978e6abd5e6,0,,0.00000000,nulldata,,,
b78303ce13cd8d0938cb8af19bf48b479146dfbccc73377341288978e6abd5e6,1,RCJma2GsF4eoQt9bwYS7C9ZHN3YoQk929G,995.13288000,pubkeyhash,,,
b79a32f561670ff6ce1779096bd8bb1c395995f7699304e85d863a0a4c80001b,0,,0.00000000,nulldata,,,
b79a32f561670ff6ce1779096bd8bb1c395995f7699304e85d863a0a4c80001b,1,RPUySDMdrs8ErNon6rbHY7zyV9SC5rzUYt,990.83667000,pubkeyhash,,,
b7a6d4c6f83cc70306c987b9838bc1625f3ad61caf22e3686bae8921d58f8ce3,0,,0.00000000,nulldata,,,
b7a6d4c6f83cc70306c987b9838bc1625f3ad61caf22e3686bae8921d58f8ce3,1,RQRD2bhSL2i4pS1PDq3HL47MS92hiVgPhx,993.78144000,pubkeyhash,,,
b7a8e4033b663623f608d0c2d70fd8dd02e5604a34dbb4665222f01162f9ad44,0,,0.00000000,nulldata,,,
b7a8e4033b663623f608d0c2d70fd8dd02e5604a34dbb4665222f01162f9ad44,1,RGGfx2SSA2YMy7VqXcWZaMr6BMQQTRL4Pd,992.30775000,pubkeyhash,,,
b812f8a2c9bdd7dea0863af9f80adbb313b2cbf7b2f0dd29a7a9960570a4108a,0,,0.00000000,nulldata,,,
b812f8a2c9bdd7dea0863af9f80adbb313b2cbf7b2f0dd29a7a9960570a4108a,1,RRRKnS2XpYXStQapVZsEAJE4xzHANuaqCV,994.18440000,pubkeyhash,,,
b830fccf59c7391c93976cc3fb9dae52917fb937923bec7a0a562d4f5f2a74bd,0,,0.00000000,nulldata,,,
b830fccf59c7391c93976cc3fb9dae52917fb937923bec7a0a562d4f5f2a74bd,1,RWiNf4LngHJXDMADpoMLJeDKF8Uf5Z4NfT,992.97291000,pubkeyhash,,,
b8cf1ca87d5e9252aa6777dfea34880fe58cb42a39951f31544d33d5f2bde285,0,,0.00000000,nulldata,,,
b8cf1ca87d5e9252aa6777dfea34880fe58cb42a39951f31544d33d5f2bde285,1,RELEffKMtJX1SxmKYU1Tz6CUBwa8Tt3qdr,994.82960000,pubkeyhash,,,
b8d6fe99f797225b33f03277bae869744e3d9708412edabde1158794083010b7,0,,0.00000000,nulldata,,,
b8d6fe99f797225b33f03277bae869744e3d9708412edabde1158794083010b7,1,RJUkGvqjBStE6ohU861nQnmQ3TdKvcHXan,992.63343000,pubkeyhash,,,
b8da4339dd8d666d40a3c47901a60b1b939d00974ad16fbf48c1f0394341d12c,0,,0.00000000,nulldata,,,
b8da4339dd8d666d40a3c47901a60b1b939d00974ad16fbf48c1f0394341d12c,1,RRi86Yui7gF23pxqgNZrgzprKXrAh3yMAN,992.93703000,pubkeyhash,,,
b8f94adf672bbd61c751a028982244cd5a62380b8d407d207090cbe4cd082087,0,RNZLPmDiS3YJxoeqq4LuhrkbvKDTJzUpGk,34.02856687,pubkeyhash,,,
b8f94adf672bbd61c751a028982244cd5a62380b8d407d207090cbe4cd082087,1,RX1r2eyM1UW7y2xHcrTejDfyCUk1yBmz4i,306.35002763,pubkeyhash,,,
b956ef2ae17ce2254d2df3740f856fa53506283f5bee47c349cfaff5f520614d,0,,0.00000000,nulldata,,,
b956ef2ae17ce2254d2df3740f856fa53506283f5bee47c349cfaff5f520614d,1,RKkeBe2Wqxu7ZxVZqJVSK3PC3xUbdomC82,989.75751000,pubkeyhash,,,
b97509262e8b0d2d294cdd4e287716065d6c9389f179ffbfdd1116c7f6ff5ea3,0,,0.00000000,nulldata,,,
b97509262e8b0d2d294cdd4e287716065d6c9389f179ffbfdd1116c7f6ff5ea3,1,RSCpRUCir5dQVZyQHGe4ReyZW26xc1aRA5,990.69591000,pubkeyhash,,,
b9b817e970535ddd3b19bc6d46311140f1642fbe970407db6f16ace4e0b6ad6c,0,,0.00000000,nulldata,,,
b9b817e970535ddd3b19bc6d46311140f1642fbe970407db6f16ace4e0b6ad6c,1,RSV5EkaMhmBP6ojKFAEhyULcqJ3JuuzGLZ,992.12835000,pubkeyhash,,,
ba00828a1baea84b00bb5b188a538bfc8164c11cffd70cf2906e595059c27448,0,,0.00000000,nulldata,,,
ba00828a1baea84b00bb5b188a538bfc8164c11cffd70cf2906e595059c27448,1,RKjozo8xHFWbtDNBXCNKHVgMxa6BH61Pi3,989.32727000,pubkeyhash,,,
ba0b4a84eac50ea291e1e16223c648cc8f43c5deb471db1b188b681f493867b2,0,,0.00000000,nulldata,,,
ba0b4a84eac50ea291e1e16223c648cc8f43c5deb471db1b188b681f493867b2,1,RDZFGhAjEvjmRp7Wh2zrEALNyfaUCo8zKe,994.73300000,pubkeyhash,,,
ba2f21cfd06eee527a849f3b568ef2c23884f3381d81f23658fdee337c5d29f1,0,,0.00000000,nulldata,,,
ba2f21cfd06eee527a849f3b568ef2c23884f3381d81f23658fdee337c5d29f1,1,RRh1GC24rBEG6hV7URn8eZXDodHHWs25kB,993.73176000,pubkeyhash,,,
ba47400f49d11f2a1401676c0925d112ae09d8b00ebb188e113de11845692c5a,0,,0.00000000,nulldata,,,
ba47400f49d11f2a1401676c0925d112ae09d8b00ebb188e113de11845692c5a,1,RTDKvk8TDEp2YK5sAEjkUnPkw95dGHuHKJ,992.24979000,pubkeyhash,,,
ba74797c56f1ba8c9718daa0dea1e34a0bf9607fb4dfe9b34b2fd38f9333afd3,0,,0.00000000,nulldata,,,
ba74797c56f1ba8c9718daa0dea1e34a0bf9607fb4dfe9b34b2fd38f9333afd3,1,REDVprwVHurfB99q32xfukn6eKQynsxP3c,994.14300000,pubkeyhash,,,
ba8a3f0c67e5e040e36e5e6d499af5b5711fc3e1cceac5db0fe105f3b9375ecc,0,,0.00000000,nulldata,,,
ba8a3f0c67e5e040e36e5e6d499af5b5711fc3e1cceac5db0fe105f3b9375ecc,1,RVjC17AoDGoftQFkRV249cDonAcgz9LMyt,991.51839000,pubkeyhash,,,
ba8b39e73205924d27e7baae5406d82b7bc744d2c7ea03595e7dbfb26de3677e,0,,0.00000000,nulldata,,,
ba8b39e73205924d27e7baae5406d82b7bc744d2c7ea03595e7dbfb26de3677e,1,RSdPhSmFmARhmvWgPvQwvyhWyJW5LAPye9,989.16443000,pubkeyhash,,,
ba925e19d0528df4de6f30f2e9e911aef88238d36bf5eb6c3e3af8d043bfa6c3,0,,0.00000000,nulldata,,,
ba925e19d0528df4de6f30f2e9e911aef88238d36bf5eb6c3e3af8d043bfa6c3,1,RTuGG9SMGFcPLLX98pJWvgtSfi6B2oKR7b,995.19880000,pubkeyhash,,,
baa9736ba319b0f39a284c44f3f134982e6193cfcc891b0d1dacb6d6854f2d90,0,,0.00000000,nulldata,,,
baa9736ba319b0f39a284c44f3f134982e6193cfcc891b0d1dacb6d6854f2d90,1,R9Z7QVBSTCGYA6ag8iVVEnJtMPFe5tDGdw,989.05679000,pubkeyhash,,,
baaf884e219145161763cf77ae9760b87afe5386695d5f49b0313142bb46e4b7,0,,0.00000000,nulldata,,,
baaf884e219145161763cf77ae9760b87afe5386695d5f49b0313142bb46e4b7,1,RFrajzMJsL2stDiULGKZk146E8NXm75hC6,989.94243000,pubkeyhash,,,
bae9dc702acf74ee36dc0f25dcf97ca582d8d8762001e1749b81fa25715a9f00,0,,0.00000000,nulldata,,,
bae9dc702acf74ee36dc0f25dcf97ca582d8d8762001e1749b81fa25715a9f00,1,RPkx6QwWi3ta4dswCnev5wUjfVHsD6aSsd,990.91947000,pubkeyhash,,,
bb2e04805d283d538e48e811eaf6738013202a48d8951d0a868e026efe1659d1,0,,0.00000000,nulldata,,,
bb2e04805d283d538e48e811eaf6738013202a48d8951d0a868e026efe1659d1,1,RDhiAuCLKC69eC437wQKWZY51c3ZFou6YL,988.99883000,pubkeyhash,,,
bb66ceb36e191b11a8968a2d18d029b1f50a5689ff0538deb05bbda421e32d7c,0,RMKd7jAm9y682pLc6QiHSUFTxZReSRKZfe,2.97174355,pubkeyhash,,,
bb852601b0149c9aff62bc83849da3dd7ecb7a6c4dd0abffc81cd8dc00c07f43,0,,0.00000000,nulldata,,,
bb852601b0149c9aff62bc83849da3dd7ecb7a6c4dd0abffc81cd8dc00c07f43,1,RF7TENyPrQNf9z1fnxqfHcKQUyhyX511fr,991.50183000,pubkeyhash,,,
bbd4440d3013e54edcb003aa0297091661f5e89f42f7a89d09ec58eee1d155ef,0,,0.00000000,nulldata,,,
bbd4440d3013e54edcb003aa0297091661f5e89f42f7a89d09ec58eee1d155ef,1,RMfU6n2ZQr3D9TprmBEWJgo9i4zsHwCuLo,994.84892000,pubkeyhash,,,
bbedb92786f808721cf26baa5f2518acedd3f6e935e68188603f080190656056,0,,0.00000000,nulldata,,,
bbedb92786f808721cf26baa5f2518acedd3f6e935e68188603f080190656056,1,RNqdJ5C9RcPtF9jaWHv5jsSc7vjgFaJeVY,993.74556000,pubkeyhash,,,
bbfc26c9af9789187b75a952b09760257c8749a2a569973f50ad94c6e47cc1d9,0,,0.00000000,nulldata,,,
bbfc26c9af9789187b75a952b09760257c8749a2a569973f50ad94c6e47cc1d9,1,RL3suWvYb2vRgbEyLwzrkRYpVnq2y7juDf,993.61584000,pubkeyhash,,,
bbfee2599f704043021d196a6a273636db36a37c0094ccf7b8462578b4146e44,0,,0.00000000,nulldata,,,
bbfee2599f704043021d196a6a273636db36a37c0094ccf7b8462578b4146e44,1,RMpaVKW3Tenu4DCgXZ17rtaF9wRGmaj2bJ,990.37023000,pubkeyhash,,,
bc1652e449918834a18f69a3d543337c3c664c574d04dcb616a42142146e5ffa,0,,0.00000000,nulldata,,,
bc1652e449918834a18f69a3d543337c3c664c574d04dcb616a42142146e5ffa,1,R9bE6KZ4ABzmfnZM2wQVkGa58sGgXd9Xxm,992.63895000,pubkeyhash,,,
bc7ad2a6e275b5791c415591c3d1c6d916f20328619dc342c67477b4d2b408ce,0,,0.00000000,nulldata,,,
bc7ad2a6e275b5791c415591c3d1c6d916f20328619dc342c67477b4d2b408ce,1,RMH3HD4TGAPXYcgJhWfkRv6ExZvMoe4C9M,994.39416000,pubkeyhash,,,
bc94f706959ac18739aa22b3e4f92000f1b7cdf6749a432a2169ba7e08c8b14f,0,RHvY8nbzytTk2RJQhDspkP9hfPsAJFXCE7,33.48958752,pubkeyhash,,,
bc94f706959ac18739aa22b3e4f92000f1b7cdf6749a432a2169ba7e08c8b14f,1,RXhPMfeTHQwTFhR6ghwFq1b3QRo85V6Kvg,776.95646535,pubkeyhash,,,
bcbba2228293de229b213499418cc94699fabbe1f69d81f6dbbd8d76b2ffc818,0,,0.00000000,nulldata,,,
bcbba2228293de229b213499418cc94699fabbe1f69d81f6dbbd8d76b2ffc818,1,RPdMjUe6rN1YkpHg4WCc6zqjVvwwG3KvNp,992.85699000,pubkeyhash,,,
bcc84f896cf94484e45de9fdaa8f2e555158ee59c44c1435762984ad300972ed,0,,0.00000000,nulldata,,,
bcc84f896cf94484e45de9fdaa8f2e555158ee59c44c1435762984ad300972ed,1,RRuoCxPkryJ9szGUNp3chiiWcN52N1kP59,992.00139000,pubkeyhash,,,
bce97b0597d434124a6aca9fc5f3ebad5b9b0ebf8fd6e724b1a9fdb6a3982dfd,0,,0.00000000,nulldata,,,
bce97b0597d434124a6aca9fc5f3ebad5b9b0ebf8fd6e724b1a9fdb6a3982dfd,1,RUAkWZBXtd58qMKVpNc3NywC2PPiChdZJu,988.86083000,pubkeyhash,,,
bce9ab9be8a939b3afd50ca88b651c09aabf71e9a3ada1547c7f888832ce1e1b,0,,0.00000000,nulldata,,,
bce9ab9be8a939b3afd50ca88b651c09aabf71e9a3ada1547c7f888832ce1e1b,1,RXgDxFnfuH3UcMDU2GUEkJ9smuA5zoLscU,990.57723000,pubkeyhash,,,
bd33aae7854018939443a3bc94f0553db7627d48d8489400038933ff4f6e6eac,0,RX1r2eyM1UW7y2xHcrTejDfyCUk1yBmz4i,306.26296219,pubkeyhash,,,
bd33aae7854018939443a3bc94f0553db7627d48d8489400038933ff4f6e6eac,1,RANsKYHfTv1wNFu81xcejpVcAjJ6NDg8QK,0.00637317,pubkeyhash,,,
bd51f61e5d2fd34c0228f061a481cb9df6c90db1f361e96ef082845742a8586a,0,RBasdyNy9xc8XRMujQdKDqT6YFsz1YePhY,23.46755261,pubkeyhash,,,
bd51f61e5d2fd34c0228f061a481cb9df6c90db1f361e96ef082845742a8586a,1,RSSqpgafMK8sopmbT4pmYRvWpvrhoMTrxm,375.24935694,pubkeyhash,,,
bd58bcde8e068c23d2eed7eb5d30f61f8f37af9ebb0c281762ae63d797432d35,0,RMKd7jAm9y682pLc6QiHSUFTxZReSRKZfe,1.22183475,pubkeyhash,,,
bdb11ad0c0ee51532104b9e5388ed39f76239f113100865098c41b4645d41afb,0,,0.00000000,nulldata,,,
bdb11ad0c0ee51532104b9e5388ed39f76239f113100865098c41b4645d41afb,1,RVb9uVEXENE3vaSazC7cPzktf4PDAo8CrN,988.87463000,pubkeyhash,,,
bdbae04a7b871d33e34b781c2d997c1753c85e948707608bda5b27212aca1e5c,0,,0.00000000,nulldata,,,
bdbae04a7b871d33e34b781c2d997c1753c85e948707608bda5b27212aca1e5c,1,RDM4T74X6xA7w3HFnVoJ1TQJFUJJCMj9oH,995.33680000,pubkeyhash,,,
bde800045a98b28dcc998c2b1ccd137b1e0b31f60bb444d1e0fb955db5302f52,0,,0.00000000,nulldata,,,
bde800045a98b28dcc998c2b1ccd137b1e0b31f60bb444d1e0fb955db5302f52,1,RFjhoaLi6z47dauP4AFmfGFxpMLEEbFhiV,990.37575000,pubkeyhash,,,
bdeb983ca742702aa706d60f135de10ef009f41d2572e4f61e8111680455b740,0,,0.00000000,nulldata,,,
bdeb983ca742702aa706d60f135de10ef009f41d2572e4f61e8111680455b740,1,RYBsoupcThhY52Uz99sfNmBbnXeTy1Duwt,993.23787000,pubkeyhash,,,
bdfd70655bdc9e980763c6fcc80f5a47b9276956cd0a0ca578387943a0cced22,0,,0.00000000,nulldata,,,
bdfd70655bdc9e980763c6fcc80f5a47b9276956cd0a0ca578387943a0cced22,1,RCWqf2ufBYMgdpBtZJWdg6rFyfWVho8rph,993.56892000,pubkeyhash,,,
be0ef27a6018456e1fbf22226095239237629b3788f5ee765def19656ee06748,0,,0.00000000,nulldata,,,
be0ef27a6018456e1fbf22226095239237629b3788f5ee765def19656ee06748,1,RKjGJHW7cukmzkLY6DWpq3KqS5gU2ZDc8t,994.67780000,pubkeyhash,,,
be1446befb552dc2f3e511a915a46ab726251e007a73844f446e4547ea1ed4a1,0,RX1r2eyM1UW7y2xHcrTejDfyCUk1yBmz4i,306.51291019,pubkeyhash,,,
be1446befb552dc2f3e511a915a46ab726251e007a73844f446e4547ea1ed4a1,1,R9S1NteSc2BW4EycdbimijNVdotjYXLyRK,34.04666199,pubkeyhash,,,
be222557a8875fce7e4020472364fb8e2775deaef9cd56687956946cc92efd1f,0,,0.00000000,nulldata,,,
be222557a8875fce7e4020472364fb8e2775deaef9cd56687956946cc92efd1f,1,RVtZc1FegFJ52dVuz3X6HWmT5dghCFLVE1,994.51220000,pubkeyhash,,,
be33c57abcdcc3e9ea39101d739d0590a25c5686983cde28e36bd8e21a76630b,0,,0.00000000,nulldata,,,
be33c57abcdcc3e9ea39101d739d0590a25c5686983cde28e36bd8e21a76630b,1,RVrqw4gAtUAE38sjUsXJV86VA3nwb1U2jY,992.06487000,pubkeyhash,,,
be4074a2b36355c99a8f8438eafaaee035d819101e85c5ef2d8b3564bc563548,0,,0.00000000,nulldata,,,
be4074a2b36355c99a8f8438eafaaee035d819101e85c5ef2d8b3564bc563548,1,RHGtU8uUQwdJLnbedfMHyCmxLM8oXcXmDB,993.13575000,pubkeyhash,,,
be423b347314ec5b2a1b3fc7b1d842ad57c07cb0206c395b074bb402503c39fd,0,,0.00000000,nulldata,,,
be423b347314ec5b2a1b3fc7b1d842ad57c07cb0206c395b074bb402503c39fd,1,RKZPkXCa9GWqaeRZZrnrQ5ogPRicf9VnGa,993.88632000,pubkeyhash,,,
be6618918a9c69e36601a0505e7cd94570d73af394e929fb72e05348557123bb,0,RMKd7jAm9y682pLc6QiHSUFTxZReSRKZfe,1.27254515,pubkeyhash,,,
be7c43e0dc54a84f6874ad498a58983e88b35a6db0180f10de0cab04fea49913,0,,0.00000000,nulldata,,,
be7c43e0dc54a84f6874ad498a58983e88b35a6db0180f10de0cab04fea49913,1,RQM83iHK3eAfyi4cZPCJvzepSXhvECW1EV,990.20463000,pubkeyhash,,,
beb6170a416a38fbd79c373db16651994b20ea12393b925247d25cf7e2b27972,0,,0.00000000,nulldata,,,
beb6170a416a38fbd79c373db16651994b20ea12393b925247d25cf7e2b27972,1,RJvwxRWtx4HB1U5iheXKCUU34qj3b1Ycht,993.47508000,pubkeyhash,,,
beb7cb13e8e0ce654a8fb562dc8017bcd5e29be2779bcffd5b5685a56d3c8c84,0,,0.00000000,nulldata,,,
beb7cb13e8e0ce654a8fb562dc8017bcd5e29be2779bcffd5b5685a56d3c8c84,1,REVdxjuVkYYnYnQiid61EHz1jaKRVRaBZP,995.18500000,pubkeyhash,,,
bef77fd4964b8e96e17394c5af09fa7602895dd98c0f50372989bfdced03aa96,0,,0.00000000,nulldata,,,
bef77fd4964b8e96e17394c5af09fa7602895dd98c0f50372989bfdced03aa96,1,RHpnFAo7kyhxjkMWYjWetjamUoLdzd1cjX,992.60583000,pubkeyhash,,,
bf04511a2186f9bac79f99a42dfdd4fd9f13a8bd4894aaab6471cf11bf275cc6,0,,0.00000000,nulldata,,,
bf04511a2186f9bac79f99a42dfdd4fd9f13a8bd4894aaab6471cf11bf275cc6,1,RP46Joa6PVf9jJ7gaCdxehNRK9B3GMjnu1,994.54808000,pubkeyhash,,,
bf340630bb9074142fd28722e50c1d2eb7e81ec714cf15a31dc3cdf577f4f6b3,0,,0.00000000,nulldata,,,
bf340630bb9074142fd28722e50c1d2eb7e81ec714cf15a31dc3cdf577f4f6b3,1,RDSmXN4o7FZ7MBfhGBX3FD2NEazzksmYok,995.05284000,pubkeyhash,,,
bf45a048bedc0683687f92fe578733a7791b34d6182b622e63cfe2898b3ccd9c,0,,0.00000000,nulldata,,,
bf45a048bedc0683687f92fe578733a7791b34d6182b622e63cfe2898b3ccd9c,1,RBsrUJsDwBL9QePupJCKMo3UL7yzp3jcKW,993.70416000,pubkeyhash,,,
bf4ab89d44e0ac4775d1fb0622821f7483fa8f670fa94d9af49bde6eb2bac8cc,0,,0.00000000,nulldata,,,
bf4ab89d44e0ac4775d1fb0622821f7483fa8f670fa94d9af49bde6eb2bac8cc,1,RLUVXSvtnEUvngN863EFTm5TbwoXNXjoav,992.69139000,pubkeyhash,,,
bf4afe55df0aa28ba7e4cc758142e7ed2ffa0a31bd8019f5179aa9e315a6a6ca,0,,0.00000000,nulldata,,,
bf4afe55df0aa28ba7e4cc758142e7ed2ffa0a31bd8019f5179aa9e315a6a6ca,1,RBGXzwegT2LJq7wzVdV2j7AHEy2KtAvKko,993.95808000,pubkeyhash,,,
bf4b44a36fcd9f04209d4f9b80ab5cee2c30c8bbb26eaa97ee691d51bc0c8713,0,,0.00000000,nulldata,,,
bf4b44a36fcd9f04209d4f9b80ab5cee2c30c8bbb26eaa97ee691d51bc0c8713,1,RQVyAuyQhoQR1NzHVSTfUrmegzE4E27S3c,991.41075000,pubkeyhash,,,
bf76625eef5e465cfd648954f136d62abfa018ef7b8af45f0c41d7b2e9f315f9,0,,0.00000000,nulldata,,,
bf76625eef5e465cfd648954f136d62abfa018ef7b8af45f0c41d7b2e9f315f9,1,RNcbLan8jBGnRnSCsbMhLesVCAEmeHuaWS,991.48527000,pubkeyhash,,,
bf992ca210ede740abc8d24882dcfd661686559e96dd5301fefd3b6602b7834c,0,,0.00000000,nulldata,,,
bf992ca210ede740abc8d24882dcfd661686559e96dd5301fefd3b6602b7834c,1,RA4WPZKqwnNmcrCZbbkkbFvW2fMmsNV4aY,992.63067000,pubkeyhash,,,
bfac8e4fd967e6d12f6b67f1c0616a119a72a457c9e483e9b4495d5a00c07c41,0,,0.00000000,nulldata,,,
bfac8e4fd967e6d12f6b67f1c0616a119a72a457c9e483e9b4495d5a00c07c41,1,RBQTK5zBakcLYJMaFNnNx8bsZ8YJ6gzC5X,994.11264000,pubkeyhash,,,
bfc00ba88af5ac6e2dc956c601251a22ab1e355b5d787c251435dbb894ec2678,0,,0.00000000,nulldata,,,
bfc00ba88af5ac6e2dc956c601251a22ab1e355b5d787c251435dbb894ec2678,1,RWzMj7pH1R6R9q7jsN8U58AMMEkdMsVHpH,993.31515000,pubkeyhash,,,
bfdb56b75df31d27ef09cf54a3886a9c925ea1918a3e79d4cd3b207f5f584b34,0,,0.00000000,nulldata,,,
bfdb56b75df31d27ef09cf54a3886a9c925ea1918a3e79d4cd3b207f5f584b34,1,RM2ekRRCagqmJViFnF3xghPJ7512bq15WF,992.49819000,pubkeyhash,,,
c00de9cf156189558109ff44e2edb4b89a24a12abebdb4087853cb7b2ea439af,0,,0.00000000,nulldata,,,
c00de9cf156189558109ff44e2edb4b89a24a12abebdb4087853cb7b2ea439af,1,REyWh57Dy8ARRzLybe3Asm8on2BNh3u987,989.40455000,pubkeyhash,,,
c03b41b2504c3b73b49c242c4c72fe6e57fa428cd30d588c9a9c1a74918ae030,0,,0.00000000,nulldata,,,
c03b41b2504c3b73b49c242c4c72fe6e57fa428cd30d588c9a9c1a74918ae030,1,RG2qnU5ZdYk9dHtvkUhnvrAdkmbxT99W6x,989.26655000,pubkeyhash,,,
c070218c1fc76505ed56048d9b02f5740dc0c2b48fee7d0de1629f79f19404b3,0,,0.00000000,nulldata,,,
c070218c1fc76505ed56048d9b02f5740dc0c2b48fee7d0de1629f79f19404b3,1,RMK1GBeHsDmHmmXE3rkvQSeaGFFCAerqYi,990.60759000,pubkeyhash,,,
c0a039db051a1df6d5738130624617c669c16bed2a1fad33379948c5d0fd16ec,0,RLAJNd4Kg8GvNxLpYmYT9yuLH78cMjcre9,89224.50000000,pubkeyhash,,,
c0a039db051a1df6d5738130624617c669c16bed2a1fad33379948c5d0fd16ec,1,RTacWkAJvtvq9bZ6b1qopgCTkQJG9KS4Kq,13685.21814035,pubkeyhash,,,
c0b219d551439413c90ae41aa03aa14b2886e284526bbfc4f3b43ef59dd34b4f,0,,0.00000000,nulldata,,,
c0b219d551439413c90ae41aa03aa14b2886e284526bbfc4f3b43ef59dd34b4f,1,RGWFpaGMz98ZYjhF47p5zbCpXkPTcN1LjC,989.23343000,pubkeyhash,,,
c0c62f0004f4b16004eddb1468a7f000dcbac763f8eb91de139192b22dce7eeb,0,,0.00000000,nulldata,,,
c0c62f0004f4b16004eddb1468a7f000dcbac763f8eb91de139192b22dce7eeb,1,RKz829iNbE7Fb2oTQXMvZep5knVwh13zUD,995.18776000,pubkeyhash,,,
c0cb898a3652a62bbe298d123f5a9921333d4da10d0b9b7b10624b7976693562,0,RX1r2eyM1UW7y2xHcrTejDfyCUk1yBmz4i,306.17000176,pubkeyhash,,,
c0cb898a3652a62bbe298d123f5a9921333d4da10d0b9b7b10624b7976693562,1,RKEbbTrY92r4533uen3Vd7PjNZvB3pLJbe,34.00866707,pubkeyhash,,,
c0e928ee9f9dbb7a9316ec14cc6bc26742f156807e470c4432cff9b98dda6a36,0,,0.00000000,nulldata,,,
c0e928ee9f9dbb7a9316ec14cc6bc26742f156807e470c4432cff9b98dda6a36,1,RDEaPFcQFMQYMLRY1kgmCkxAMZTXanmaoq,994.23408000,pubkeyhash,,,
c0eb792abe45b421fbca1057c95888723f2eadf0f71c5d8f9885357921b6357f,0,,0.00000000,nulldata,,,
c0eb792abe45b421fbca1057c95888723f2eadf0f71c5d8f9885357921b6357f,1,RRRw83cuoWrSATLBVApKsedwsMpmtLrhCj,989.07611000,pubkeyhash,,,
c0ee26ede49d968e2200b681e5886c8686b9343e96f4836039d132d4f712b9e1,0,RMavW1S2tr1YDfmCjcRWBoypk7doDNUhTu,20.00432161,pubkeyhash,,,
c0ee26ede49d968e2200b681e5886c8686b9343e96f4836039d132d4f712b9e1,1,RHvY8nbzytTk2RJQhDspkP9hfPsAJFXCE7,28.04967410,pubkeyhash,,,
c0ee26ede49d968e2200b681e5886c8686b9343e96f4836039d132d4f712b9e1,2,RCYaeEfQ5jDMXgzrnh1VCj6PqzLHwNiKgi,793.89227779,pubkeyhash,,,
c0f2e5069ef861c2ca8c1914d4ce336abeecae7dd697512504c034a08f860e22,0,,0.00000000,nulldata,,,
c0f2e5069ef861c2ca8c1914d4ce336abeecae7dd697512504c034a08f860e22,1,RAeKny3eC7TurAExkbqQJCCS829Atgr4jm,990.01143000,pubkeyhash,,,
c0f9b307fc8ce05313327a4e3dba5c20dc7394b2cb2af97b20a27c75ad9d3f63,0,,0.00000000,nulldata,,,
c0f9b307fc8ce05313327a4e3dba5c20dc7394b2cb2af97b20a27c75ad9d3f63,1,R9tdDyytzWK9ghj4ykWrDbUkuDJfd7rWim,989.62811000,pubkeyhash,,,
c0feba6793e6bcd2d73e6cfda7b6c16fdc246cc23adf5ba11dd720e6b685400a,0,,0.00000000,nulldata,,,
c0feba6793e6bcd2d73e6cfda7b6c16fdc246cc23adf5ba11dd720e6b685400a,1,RVewrGdoxGavbDvuse9PRY9pyD8RL2b663,992.26359000,pubkeyhash,,,
c11e6ebc62b722b8ffbc71905e0dc0879e32cc140fc4909a9cf7ffed9076125b,0,,0.00000000,nulldata,,,
c11e6ebc62b722b8ffbc71905e0dc0879e32cc140fc4909a9cf7ffed9076125b,1,RQxpzoj5vgWUQxSNy2qTgZXw4mHik2usb6,988.97951000,pubkeyhash,,,
c128f51559a609f72758a07cc63901cdd38907a0e2642d429cd69b3b5e5b0b68,0,RAZhMpJHTbNJQRjk6d5XeDVWX2BnTnw6Dq,34.05005657,pubkeyhash,,,
c128f51559a609f72758a07cc63901cdd38907a0e2642d429cd69b3b5e5b0b68,1,RX1r2eyM1UW7y2xHcrTejDfyCUk1yBmz4i,306.54346553,pubkeyhash,,,
c134ca84490ee2210dab31e4cc00451a6b937c6d11e6e14b57624e7ab26e1cd9,0,,0.00000000,nulldata,,,
c134ca84490ee2210dab31e4cc00451a6b937c6d11e6e14b57624e7ab26e1cd9,1,RNLmLJeVWF3mnNDAADCz115b3eJLqv22cz,990.23499000,pubkeyhash,,,
c1617d492d7ce6c90f50dbfabcc29cae406a38cd7b75f2de125cabfd0494f0bd,0,RNBx7UNJyERBtsQk7gbyNUjgP58BVrRoNw,34.04741639,pubkeyhash,,,
c1617d492d7ce6c90f50dbfabcc29cae406a38cd7b75f2de125cabfd0494f0bd,1,RX1r2eyM1UW7y2xHcrTejDfyCUk1yBmz4i,306.51970001,pubkeyhash,,,
c1766c7bdfd03357bc9e0fcee2d4c0785af284a5678214e9cb6229ee53b3d44c,0,,0.00000000,nulldata,,,
c1766c7bdfd03357bc9e0fcee2d4c0785af284a5678214e9cb6229ee53b3d44c,1,RNWSXNX9nS87DxsJQ23xTbg2fGbipXk4XH,991.89099000,pubkeyhash,,,
c17968fcff0a2a68531a35b1da62b22170f1bae77172c5b24ebe181f28023b04,0,,0.00000000,nulldata,,,
c17968fcff0a2a68531a35b1da62b22170f1bae77172c5b24ebe181f28023b04,1,RY64GrJ3bB6e6rnTcubff11vPMu5w5GRVb,992.94807000,pubkeyhash,,,
c19b06d40f7f305e082ac69c139a5d6d7b45a9859ed3395b27a076f19d895a10,0,,0.00000000,nulldata,,,
c19b06d40f7f305e082ac69c139a5d6d7b45a9859ed3395b27a076f19d895a10,1,RVae7mj56K3ajCg6YP436zGDRbaoPzDGzk,991.79715000,pubkeyhash,,,
c1a1c550470deb88afdd0a3064bdb7ed3c1d16433a4dd3b894cd91f27f241f69,0,,0.00000000,nulldata,,,
c1a1c550470deb88afdd0a3064bdb7ed3c1d16433a4dd3b894cd91f27f241f69,1,RYGaB9GcrBae91i1g66K2kg88dBp6FPinN,991.57911000,pubkeyhash,,,
c1ee02c7b89927529484a98e1acfb75110f8a96ba862b2cb6cf1aa74ae55e426,0,,0.00000000,nulldata,,,
c1ee02c7b89927529484a98e1acfb75110f8a96ba862b2cb6cf1aa74ae55e426,1,RHquUJBBcbnPxtwWbGKw8Se4acbJ8KpznM,992.97015000,pubkeyhash,,,
c1f1ae8bdcb34fe960cbb585e57b5273fd8d074a0c41285d3f8709d362acfe47,0,,0.00000000,nulldata,,,
c1f1ae8bdcb34fe960cbb585e57b5273fd8d074a0c41285d3f8709d362acfe47,1,RQV7EqkGUF6C6iPc36TfNRSHNbNAaN1Hff,989.03195000,pubkeyhash,,,
c20daefb09b17113cce2ad4f502bd97577aefbe702f8d0ea2efed6df783b036d,0,,0.00000000,nulldata,,,
c20daefb09b17113cce2ad4f502bd97577aefbe702f8d0ea2efed6df783b036d,1,RUwqhvcowH9VQhiFgfwmFiEbSK28hxmyFU,993.01707000,pubkeyhash,,,
c234f2e07364f1899a8305362aba46b1abc2bc8db4ad69145c32861ce0cb0520,0,RRT3v8uKazr662SdurzZdt5oe7MzvLDqsi,120950.48388223,pubkeyhash,,,
c234f2e07364f1899a8305362aba46b1abc2bc8db4ad69145c32861ce0cb0520,1,RDUAN8vBRJvvHQd76G7KvEsgN6bqWmyeyD,238257.21483999,pubkeyhash,,,
c243bfef1fd85a3d6f0e3e03964ca16f974d66570b8bafe11fc66a9c77064c9a,0,,0.00000000,nulldata,,,
c243bfef1fd85a3d6f0e3e03964ca16f974d66570b8bafe11fc66a9c77064c9a,1,RNxrEZDCMic44vzHAxw4HbnPfzJdy7sr8e,993.85044000,pubkeyhash,,,
c244d49c522bb69c6147624cb5531ac8f2885e8dc98a3c3c5c06b95398c4b1bc,0,,0.00000000,nulldata,,,
c244d49c522bb69c6147624cb5531ac8f2885e8dc98a3c3c5c06b95398c4b1bc,1,RP7Z5w3iHY4rV5M5hL1Emibrh5ZJHhPKGb,993.93876000,pubkeyhash,,,
c24811630e0abe65011537041c60bc4d062710a14cf62d81d70703f990878c7d,0,REBhEqtStRYqeTeBwoE12juEDo72BoWZug,0.01000000,pubkeyhash,,,
c24811630e0abe65011537041c60bc4d062710a14cf62d81d70703f990878c7d,1,RGdTPNfTfisZD2dMNRL4yBdPJ4L8J17UG4,0.82952492,pubkeyhash,,,
c267abee013baf5335b8601ccbab3476e379e62746e3215aa5817731ab179852,0,,0.00000000,nulldata,,,
c267abee013baf5335b8601ccbab3476e379e62746e3215aa5817731ab179852,1,RKyFXzNsNavkrmwQtwSFDU5UFFJQsHRH3R,988.85531000,pubkeyhash,,,
c276b6d9afd79c16821802af8f4608f302ade331b8e4695a36e27969a9e2f3f1,0,,0.00000000,nulldata,,,
c276b6d9afd79c16821802af8f4608f302ade331b8e4695a36e27969a9e2f3f1,1,RHXCiBDQCKaGVDUFaXFCoqcWXoCShjemux,989.85135000,pubkeyhash,,,
c28312d4f0b7743bbd4d52c8677f783cd09772499a655793aec206f038d6ceca,0,,0.00000000,nulldata,,,
c28312d4f0b7743bbd4d52c8677f783cd09772499a655793aec206f038d6ceca,1,RGrmJ1fPQvBcDBFsVd5h5WDfBJf9yUQXXP,993.90288000,pubkeyhash,,,
c29a35d64280bc9f27c119539d853a189621907c8d2cb37c0afa74a2b70c3106,0,,0.00000000,nulldata,,,
c29a35d64280bc9f27c119539d853a189621907c8d2cb37c0afa74a2b70c3106,1,RNHoP6zDGenzmKo8yVULLtE21PxTKq35ge,995.21536000,pubkeyhash,,,
c2e1126017c6c211d9a103bbb04a504a0f9b4feada734c77b26d433df82af208,0,,0.00000000,nulldata,,,
c2e1126017c6c211d9a103bbb04a504a0f9b4feada734c77b26d433df82af208,1,RCuSSzXMLiUcbnJiRu6AF1SUfGXZnf34Xp,989.85687000,pubkeyhash,,,
c2e88c61a773076c141b3d42470f9ae5188ea3c6e2280a010c7f9aa107dfc268,0,,0.00000000,nulldata,,,
c2e88c61a773076c141b3d42470f9ae5188ea3c6e2280a010c7f9aa107dfc268,1,RV7NPmHtMLhv5D3Waq4XvafKVRQc7Ug46L,989.83203000,pubkeyhash,,,
c2e9ff4adae3ced24d9acdb5a7c256a32bb8651ba07cd307bd5c484841d63e83,0,,0.00000000,nulldata,,,
c2e9ff4adae3ced24d9acdb5a7c256a32bb8651ba07cd307bd5c484841d63e83,1,RSqH6a8L8asMr5S639gWqNpeb8LKoRfNrb,993.70140000,pubkeyhash,,,
c2edbde6b547e58812d646b7d32b583936742ffeba28a2e67cae84f960840e38,0,,0.00000000,nulldata,,,
c2edbde6b547e58812d646b7d32b583936742ffeba28a2e67cae84f960840e38,1,RLPBRqbd8NgkuXQa46QpyjTsUFoLEec4H9,993.44748000,pubkeyhash,,,
c2fe9e0ec028504a37e5b03b9f1678fe501bb25e0c6e6ddadb770181f0527976,0,RJEFFyj8wESr8MoeVSdvYkj6QL67XWouLc,34.04590762,pubkeyhash,,,
c2fe9e0ec028504a37e5b03b9f1678fe501bb25e0c6e6ddadb770181f0527976,1,RX1r2eyM1UW7y2xHcrTejDfyCUk1yBmz4i,306.50612045,pubkeyhash,,,
c336faa1964e503527819ef5b5f1a202f80c985407de3803513ed73423a631ff,0,,0.00000000,nulldata,,,
c336faa1964e503527819ef5b5f1a202f80c985407de3803513ed73423a631ff,1,RUcEiVCBmhQtjzPmERWZ9XQaqzpxr9Don9,994.07124000,pubkeyhash,,,
c348e4d17ace35e3ccf7b1566da00eaecbf248f076ec64bf0229fb7f379379b8,0,RNhucQmR7Uio94pjXAf4tRJNssreW8SAiK,8.62556600,pubkeyhash,,,
c348e4d17ace35e3ccf7b1566da00eaecbf248f076ec64bf0229fb7f379379b8,1,RPW7Q37Cs1TVGBVVbUWdtLxYhmbAaRb6cZ,279.32115500,pubkeyhash,,,
c364e76e677c6026d0cbd0bf3bcef5b7a9f46441af16c15425ae90a668b502c5,0,,0.00000000,nulldata,,,
c364e76e677c6026d0cbd0bf3bcef5b7a9f46441af16c15425ae90a668b502c5,1,RQfNr1s8dogJ8zvAFbHfjpHF1kdyqaGc57,990.76491000,pubkeyhash,,,
c38cb32887def2e48227950ecebbba8d631c972ee70ab7717c035e676a966f0d,0,,0.00000000,nulldata,,,
c38cb32887def2e48227950ecebbba8d631c972ee70ab7717c035e676a966f0d,1,RWtpJRAexgHHSptbJFLLEsqPDRQ1duEpB9,989.04299000,pubkeyhash,,,
c3a616afe333b77cab5c22f8814914ae016e344dc197974af3554607e8b5e1a5,0,,0.00000000,nulldata,,,
c3a616afe333b77cab5c22f8814914ae016e344dc197974af3554607e8b5e1a5,1,RFA8mq292CMdZNviiQZ6iT5X7JwJzUubHY,991.51287000,pubkeyhash,,,
c3acb84c70b650df1eff91a7d360f32d3ed5b8b82abc46fc5ee6d29dc191d3bb,0,,0.00000000,nulldata,,,
c3acb84c70b650df1eff91a7d360f32d3ed5b8b82abc46fc5ee6d29dc191d3bb,1,RLcwejuad928uDDDsCJHqiQ9AAjzhtadJ3,992.87631000,pubkeyhash,,,
c3b8177addd8471066123e4d6012670c613e3980f921111fc3d9fdff30913c5e,0,,0.00000000,nulldata,,,
c3b8177addd8471066123e4d6012670c613e3980f921111fc3d9fdff30913c5e,1,RQ1Ti8iD8Z6mEW2ZsCp1x9NW371M9xAcnv,993.20199000,pubkeyhash,,,
c3da2a6801245389f1fea453729f1da9632d63fe9bb2554dafefe4397ebb93b3,0,,0.00000000,nulldata,,,
c3da2a6801245389f1fea453729f1da9632d63fe9bb2554dafefe4397ebb93b3,1,RGinDRhFSt5tfg9oRbhCYJ9GfKfbMP5skM,993.36759000,pubkeyhash,,,
c432e90b8545982d126221654d6516ff6c2d9df0f26dc608788f6cd1d4ca14d9,0,,0.00000000,nulldata,,,
c432e90b8545982d126221654d6516ff6c2d9df0f26dc608788f6cd1d4ca14d9,1,RHGrMsgCkPRsR3sGCDjVwayzSHUN7eqiyG,990.11907000,pubkeyhash,,,
c4487ea229342a286665d82268d4d2b1fdb301b006165741d21f47718da92e5e,0,,0.00000000,nulldata,,,
c4487ea229342a286665d82268d4d2b1fdb301b006165741d21f47718da92e5e,1,RGNzLy6vaiKJyn6b84p38bVmZKNMyV86uy,990.46407000,pubkeyhash,,,
c4608ea26ae079e3fd84ec1225f87952a954cf1357db47ec084fbecfc945eb67,0,,0.00000000,nulldata,,,
c4608ea26ae079e3fd84ec1225f87952a954cf1357db47ec084fbecfc945eb67,1,RJ8fcaA4QQrjh5iVaNVCht2vDY1i7Jbrdb,994.66400000,pubkeyhash,,,
c4767fe3e94ac53f3b7e4d792d24a998470bcf0d5a5824e0378c374063639788,0,RX1r2eyM1UW7y2xHcrTejDfyCUk1yBmz4i,306.52309493,pubkeyhash,,,
c4767fe3e94ac53f3b7e4d792d24a998470bcf0d5a5824e0378c374063639788,1,RVqFt6D4pLej4jZ7cCz6q9dKc5yMTYndBC,34.04779358,pubkeyhash,,,
c4842b5633a2711fee27e2e00e0b572de0cd50d0514d40695fa52c342213ff0d,0,,0.00000000,nulldata,,,
c4842b5633a2711fee27e2e00e0b572de0cd50d0514d40695fa52c342213ff0d,1,RBZHbiZVLvVu8be3RtwnzUcNfmGdABEk18,989.48735000,pubkeyhash,,,
c4a6d8bc616d3f2d68fe78d98baa31580817e6676df2f0be5f205b9a33e8821e,0,,0.00000000,nulldata,,,
c4a6d8bc616d3f2d68fe78d98baa31580817e6676df2f0be5f205b9a33e8821e,1,RQY2XmcaQhEn9s9BzHER9Dv69qeqnBRWSE,992.83767000,pubkeyhash,,,
c4c0941d3fad4443f0810f6a8dd950762102e3ee1932a30a716319fee9fa29b4,0,,0.00000000,nulldata,,,
c4c0941d3fad4443f0810f6a8dd950762102e3ee1932a30a716319fee9fa29b4,1,RDuxBi7oGHLuBYC74bYW4ZM3N5S2sMpBmX,994.36380000,pubkeyhash,,,
c4dac39395b71799918d6e2382d70dc7d5713a31d338f5a4963652ac2303a40a,0,,0.00000000,nulldata,,,
c4dac39395b71799918d6e2382d70dc7d5713a31d338f5a4963652ac2303a40a,1,RM6iAULcCyJcBD6N1S5MEjp1raJ76nQVv1,993.52200000,pubkeyhash,,,
c4eed9237170ec1826c0d8a240213f33a04187d394dd4d22d77a0a67a4311881,0,,0.00000000,nulldata,,,
c4eed9237170ec1826c0d8a240213f33a04187d394dd4d22d77a0a67a4311881,1,RF5HhXxgporxT4ikRawSEXCDbqQy67m1H6,995.32852000,pubkeyhash,,,
c4f3f44599790c1ae7f7f843b1c041d86cd0a853aee55884ee5620be8aa09707,0,,0.00000000,nulldata,,,
c4f3f44599790c1ae7f7f843b1c041d86cd0a853aee55884ee5620be8aa09707,1,RLHzi9yRAsay157Qyv4HCXy6KiCZwhuxFK,990.40611000,pubkeyhash,,,
c5327cd03ada7801cbf386602407f69dc39e77b9daf2f5b19cf14e2c065cd7b6,0,,0.00000000,nulldata,,,
c5327cd03ada7801cbf386602407f69dc39e77b9daf2f5b19cf14e2c065cd7b6,1,RPYXoYHSpazvvSUkUGenp79MWqsRvhHknA,989.40731000,pubkeyhash,,,
c553e077d06c03cc38cd3d93561a9c80a4e88fd4f7898749853d966358d9d880,0,,0.00000000,nulldata,,,
c553e077d06c03cc38cd3d93561a9c80a4e88fd4f7898749853d966358d9d880,1,RMQaKwZiZaccjdknfXbsh7ytpdUdH2pden,994.26168000,pubkeyhash,,,
c5545a4ef6e7ffa48471fae870b3072b05766563fe66c491e8d7e541c1d2ee8d,0,,0.00000000,nulldata,,,
c5545a4ef6e7ffa48471fae870b3072b05766563fe66c491e8d7e541c1d2ee8d,1,RQocHL6jQoPqHPeFhNbgnq7fRWjzURJsrs,989.37971000,pubkeyhash,,,
c559138442f863b70401f81828294807522f3191cc2cc1c6b620952754afbdfe,0,,0.00000000,nulldata,,,
c559138442f863b70401f81828294807522f3191cc2cc1c6b620952754afbdfe,1,RCxGwNw8Xi55AVf5M2NiXy8eLDqymoFWpo,994.94828000,pubkeyhash,,,
c57393f0f8a93e4689a2188becde164bcea4dd4b8bebb9b4f751c8fcd117bd4f,0,,0.00000000,nulldata,,,
c57393f0f8a93e4689a2188becde164bcea4dd4b8bebb9b4f751c8fcd117bd4f,1,RWfviNigVnNZpHCviwUhJZpwN9WTA46g19,990.21291000,pubkeyhash,,,
c57d123dc4e1edd1509c431cc77e6d99e69e70bbcb66557f5cba61301ed00fd5,0,,0.00000000,nulldata,,,
c57d123dc4e1edd1509c431cc77e6d99e69e70bbcb66557f5cba61301ed00fd5,1,RBp6m8fC8gcVTrkuAhsvd5GXym3d5sGMzq,990.25707000,pubkeyhash,,,
c580bece3e90ecfabf9a916bba72164394bce3b9aed1091c5a5f19333edba55b,0,,0.00000000,nulldata,,,
c580bece3e90ecfabf9a916bba72164394bce3b9aed1091c5a5f19333edba55b,1,RLogsg2j7A5RBkCtauvbGPx1BHH22cirsm,993.84768000,pubkeyhash,,,
c5911be5d2fe7a9a10fd8d9145bfbe2685c9f211049ae80c621b0e1db5b778b3,0,,0.00000000,nulldata,,,
c5911be5d2fe7a9a10fd8d9145bfbe2685c9f211049ae80c621b0e1db5b778b3,1,RWWZTCo1pPzGr8w9HzeLj4LEb8A8e8pc4c,990.05835000,pubkeyhash,,,
c5e18a87acd30702c1606eb270327cb222906125e23cfc65df637d7361eb08b4,0,,0.00000000,nulldata,,,
c5e18a87acd30702c1606eb270327cb222906125e23cfc65df637d7361eb08b4,1,RRPkzbRnGQtrJV7Pqv1eByLNvtRHpKUrVw,992.31327000,pubkeyhash,,,
c5e7c914a6180eb547ba0c6b54a8a61e436f03ed440681f092d720e0228e0e61,0,,0.00000000,nulldata,,,
c5e7c914a6180eb547ba0c6b54a8a61e436f03ed440681f092d720e0228e0e61,1,RAkHDTTQJsdZz5gtV7r5rumSQYJv6eQmKF,990.33711000,pubkeyhash,,,
c5e946e83b26ee455d7027c7cea34ba5b8534444108eb4d48438d0621d250217,0,,0.00000000,nulldata,,,
c5e946e83b26ee455d7027c7cea34ba5b8534444108eb4d48438d0621d250217,1,RPRC3sFADxD1mvetcPvkwkatGUCSEu6XV4,994.40488000,pubkeyhash,,,
c601f2877e7a4dbddc468fd6892e7e7c56a8d8e85216f1ebc81612ef8e8faac3,0,R9gAyADZQZdjG4ZKGgFf5p63od7WwMz5AS,34.00188370,pubkeyhash,,,
c601f2877e7a4dbddc468fd6892e7e7c56a8d8e85216f1ebc81612ef8e8faac3,1,RX1r2eyM1UW7y2xHcrTejDfyCUk1yBmz4i,306.10895167,pubkeyhash,,,
c60f7be608b57936a86e059c82e851dfc28ef8443dcb03b8a988997e3f0f7a24,0,,0.00000000,nulldata,,,
c60f7be608b57936a86e059c82e851dfc28ef8443dcb03b8a988997e3f0f7a24,1,RP7AmBBAv7qs3GZ94fe3JRbjNT86oM7gxS,989.35763000,pubkeyhash,,,
c65bc0735cad8126e10165f68068fca28f865c125302efd6f5a9c396ca76433f,0,,0.00000000,nulldata,,,
c65bc0735cad8126e10165f68068fca28f865c125302efd6f5a9c396ca76433f,1,RWJN3hxXHVkHE5zK71MXM5tdU9eWZ8gy6A,994.94552000,pubkeyhash,,,
c66246b325b48b0215c1d5bcde01ce6efd2ae3c6ea7e001b598a1e3c458e1238,0,,0.00000000,nulldata,,,
c66246b325b48b0215c1d5bcde01ce6efd2ae3c6ea7e001b598a1e3c458e1238,1,RGhhM4gKcfCFVhiJhZ8Dfo8xfD29Dmy5Xg,990.99123000,pubkeyhash,,,
c69d396ad3c278ef34cabbf19cd47fb503de49ffa98d6dbb3bf5b3bc76edff7d,0,,0.00000000,nulldata,,,
c69d396ad3c278ef34cabbf19cd47fb503de49ffa98d6dbb3bf5b3bc76edff7d,1,RPEccZwHvBA6LtJ1R6sse7jQ76rTVvFSQP,990.77595000,pubkeyhash,,,
c6a50908f4f228c727f0b9626f6f790b54f8245deaebd527d1d9d42f8a9d21ba,0,,0.00000000,nulldata,,,
c6a50908f4f228c727f0b9626f6f790b54f8245deaebd527d1d9d42f8a9d21ba,1,RVJBK7M8WwnNp4TkGfU7CJKSvvjNoTPREQ,990.14667000,pubkeyhash,,,
c6dcee46889e169954a6df2bba6578d07b34e1b2562cfacb5eb05eb59d28a20a,0,,0.00000000,nulldata,,,
c6dcee46889e169954a6df2bba6578d07b34e1b2562cfacb5eb05eb59d28a20a,1,RJcyus3pAPYzuPrVr9ByZgvdKJJokPiYwC,991.33899000,pubkeyhash,,,
c7213118dadc8ec13f959fc4584d3ae7f2813038d5f31144b1fed412825836e8,0,,0.00000000,nulldata,,,
c7213118dadc8ec13f959fc4584d3ae7f2813038d5f31144b1fed412825836e8,1,RHTFPHifJNhduTgnurFtXgcACg9JAYuotp,991.51011000,pubkeyhash,,,
c7295892defc8b114b058674d35e89d2f62ecc082ac8d1e50b12a0daf261bcac,0,,0.00000000,nulldata,,,
c7295892defc8b114b058674d35e89d2f62ecc082ac8d1e50b12a0daf261bcac,1,RCwmMTxdK8LbfsjJfYJcRfvQBdRCTXfCBT,993.59928000,pubkeyhash,,,
c762dd2529ea96a430d76d9e57df9203740115e23c74fff0e62c84d79ed6531f,0,,0.00000000,nulldata,,,
c762dd2529ea96a430d76d9e57df9203740115e23c74fff0e62c84d79ed6531f,1,REmY3QJmJSk8o2hA9FSfbLcZg5Ht6U6yzh,990.57999000,pubkeyhash,,,
c77d48d3363188f2aac0e3ee5e70340876d39494c5ff4089e8540e260d93d805,0,,0.00000000,nulldata,,,
c77d48d3363188f2aac0e3ee5e70340876d39494c5ff4089e8540e260d93d805,1,RCMi9hqmHZuo46XeDH87r6gqm8DSBe85jA,993.75660000,pubkeyhash,,,
c787a6d86b91b4bf6e741fd2ef7be569b47a24f45ded8193f6ff62d37f51c0fa,0,,0.00000000,nulldata,,,
c787a6d86b91b4bf6e741fd2ef7be569b47a24f45ded8193f6ff62d37f51c0fa,1,RJ8WsZoRLu1XojRe1xNjnT5TxgbCY1q7HG,992.08419000,pubkeyhash,,,
c7c844b705d4c8f4bb6ced9923867e5acfd8d40f2330a8ff40e2597863e6297f,0,,0.00000000,nulldata,,,
c7c844b705d4c8f4bb6ced9923867e5acfd8d40f2330a8ff40e2597863e6297f,1,RWMJd84ATVr2cCZzryp8ai2pT7w7wz6ggs,994.42940000,pubkeyhash,,,
c7e736d42769554600f617cb59932feaf852ecbfe2d25700f346297323e0dc4f,0,,0.00000000,nulldata,,,
c7e736d42769554600f617cb59932feaf852ecbfe2d25700f346297323e0dc4f,1,RLaszsf84Uj3Hv7WKkd2tPTJPWtWJEXph3,992.41263000,pubkeyhash,,,
c7ef4a4f179aee53d18a110cc93203266ae115b8d06dbb2272c34a5ee10f45b3,0,,0.00000000,nulldata,,,
c7ef4a4f179aee53d18a110cc93203266ae115b8d06dbb2272c34a5ee10f45b3,1,RUDf8BRnd1yw8VTHy3X71UT22fNxKuAEvR,989.84859000,pubkeyhash,,,
c7fa5b05501ba120ac72b2774dc4c9340b50977e13167b0ec7519dc45f7db2b7,0,,0.00000000,nulldata,,,
c7fa5b05501ba120ac72b2774dc4c9340b50977e13167b0ec7519dc45f7db2b7,1,RK1o153UiiNyKqH2XJNxueRhfW4x3XSp4B,989.39351000,pubkeyhash,,,
c81f1b88b1ba6a7f796f9b2ae29822927da381e50a0c1175496dde2b8b3edd0f,0,,0.00000000,nulldata,,,
c81f1b88b1ba6a7f796f9b2ae29822927da381e50a0c1175496dde2b8b3edd0f,1,RANHhcUuNLCSkFVzXxTQrh9WgLZxtjbx1L,992.75763000,pubkeyhash,,,
c8273b2147bbffad2286b46bbb4b6ccc212997c58db00db30ef9ddd55712c4f1,0,,0.00000000,nulldata,,,
c8273b2147bbffad2286b46bbb4b6ccc212997c58db00db30ef9ddd55712c4f1,1,RJSq1qVLUCA6vJFowjWTeuDYiZrYdyxPqo,988.91051000,pubkeyhash,,,
c83b6ac28168e38022d841559af1af17671c302207febfac471df196e987f0fd,0,,0.00000000,nulldata,,,
c83b6ac28168e38022d841559af1af17671c302207febfac471df196e987f0fd,1,RBfz7AqAtB1YjxemwwfGEsTcWKdQYsux96,992.22495000,pubkeyhash,,,
c85e1d347533efc8d26be3f5705bf27c996a5e2464f9098d45465b11d8765c8f,0,,0.00000000,nulldata,,,
c85e1d347533efc8d26be3f5705bf27c996a5e2464f9098d45465b11d8765c8f,1,RFkkPr3tY9guy9MTzUQTnYAidDUZdHVE29,993.66552000,pubkeyhash,,,
c886c8ab06c2871dc466f9f19ab94f0191b5d464273eb3745ea3415db470a415,0,,0.00000000,nulldata,,,
c886c8ab06c2871dc466f9f19ab94f0191b5d464273eb3745ea3415db470a415,1,RTU5iGkqApVeTUAoHsHEugKEWTaYUKXXgK,989.17823000,pubkeyhash,,,
c89b7cf760a3bf85d55ee935277619f8d4bb90b7dcc596685baae04443e6d8d5,0,,0.00000000,nulldata,,,
c89b7cf760a3bf85d55ee935277619f8d4bb90b7dcc596685baae04443e6d8d5,1,RSHkPE4HxUMsPTVAev9RThWdJt8FwG1ntW,991.36659000,pubkeyhash,,,
c8a5fdd6ce53d1987d89c0b7f4ff6c699e6b7b5b8bca48b0b3babe4e3f087b89,0,,0.00000000,nulldata,,,
c8a5fdd6ce53d1987d89c0b7f4ff6c699e6b7b5b8bca48b0b3babe4e3f087b89,1,RFfzvqKgQDo3L9f2iPNZgTn72vgxW5qWp2,991.36383000,pubkeyhash,,,
c8a71be44117d118d3e32a6f949cc06e44c09c27845b18666bda6d5718309044,0,,0.00000000,nulldata,,,
c8a71be44117d118d3e32a6f949cc06e44c09c27845b18666bda6d5718309044,1,RFNZdbgJAvggqrptHTSbEEWaCXYsYenDD1,993.92220000,pubkeyhash,,,
c8e5458cece13addd1e011531ef7f933d93fc53587af377fddba93d7a87de996,0,,0.00000000,nulldata,,,
c8e5458cece13addd1e011531ef7f933d93fc53587af377fddba93d7a87de996,1,RNQ6mZXmYBKPyDXiUFesoP8QyKn9uDXdKn,994.14024000,pubkeyhash,,,
c8f70eb01084b3e8946380b37b103a8415869325bfbc7bbbb8eb4afc35ebd440,0,,0.00000000,nulldata,,,
c8f70eb01084b3e8946380b37b103a8415869325bfbc7bbbb8eb4afc35ebd440,1,RSuShRjaBN46KdVS7WDm8EcGqXFb1hiCxX,990.39231000,pubkeyhash,,,
c8f9753952ff12570a1133cb3117d1d42a89fbab4a52ae7dfb12b2e21697f084,0,,0.00000000,nulldata,,,
c8f9753952ff12570a1133cb3117d1d42a89fbab4a52ae7dfb12b2e21697f084,1,RS55yuc2g6C3yu2PSKMChBB1katxddVgNZ,989.10923000,pubkeyhash,,,
c90a53a58786c295da16e2924b92d98f9c4af921d704bcfd297f739412ec64a9,0,,0.00000000,nulldata,,,
c90a53a58786c295da16e2924b92d98f9c4af921d704bcfd297f739412ec64a9,1,RQQ2Ph4fmoNirXtEmLBdPQd9o3WngjHPyd,990.65451000,pubkeyhash,,,
c90ca5fba10fe07df04f9f3e5cba345bec8c3f3fa6d528b650d835744c204be0,0,,0.00000000,nulldata,,,
c90ca5fba10fe07df04f9f3e5cba345bec8c3f3fa6d528b650d835744c204be0,1,RQWyZTVbfnFZY6DqHkC8rSr7mQ5fCoEQGh,988.91603000,pubkeyhash,,,
c975013fb8db80d342af0a64dcd2b883a8e1e1c35ed849eec7b83603abc0b3b7,0,,0.00000000,nulldata,,,
c975013fb8db80d342af0a64dcd2b883a8e1e1c35ed849eec7b83603abc0b3b7,1,RJoHaFTBGdd4RUdy7fqXDYDTpvCstveSBq,989.37419000,pubkeyhash,,,
c98bddafe6cc6223168cb77cb0ce44a223b376a6afffc981fd2eebffb4bd0e27,0,RTawp15doJEMFahJrdLe4aoKGMh3J7s5ZM,20.04182819,pubkeyhash,,,
c9a3bb1f810e42efd06b6bd1bee11e43ef3f893c78e3f8e287e4fba5fff09c27,0,,0.00000000,nulldata,,,
c9a3bb1f810e42efd06b6bd1bee11e43ef3f893c78e3f8e287e4fba5fff09c27,1,RDNoqVs4U4krmCU9bNgVwiKqboH1PQmxmD,990.47511000,pubkeyhash,,,
c9b202c1ed9655957052c1391112b307d2cb1764050da20aae046a4f51657c2b,0,,0.00000000,nulldata,,,
c9b202c1ed9655957052c1391112b307d2cb1764050da20aae046a4f51657c2b,1,RLSagaui3sYgQAgJLeLVB1DPxf7cfDP2hC,989.95347000,pubkeyhash,,,
c9e643df935e57f89703b2b0d2b3fef3e81f24e83be8d1c83507b48065b1fc2b,0,,0.00000000,nulldata,,,
c9e643df935e57f89703b2b0d2b3fef3e81f24e83be8d1c83507b48065b1fc2b,1,RE7Q8qcCkhCSKPoNaxNsoNbVu2DYnCPESc,994.61708000,pubkeyhash,,,
c9f09454afc998b0a3482cb0cc04879c8e640ef62ab7e632b00fbc222f637b54,0,,0.00000000,nulldata,,,
c9f09454afc998b0a3482cb0cc04879c8e640ef62ab7e632b00fbc222f637b54,1,RMBFAyniLTqHosyH7vd9GwwxKGeTgSXzAD,989.33831000,pubkeyhash,,,
ca24f3a9c1550b9894309ad6b63924a9958a14ad5f8d7d5833bb668bd2fb5f1d,0,RX1r2eyM1UW7y2xHcrTejDfyCUk1yBmz4i,306.59779847,pubkeyhash,,,
ca24f3a9c1550b9894309ad6b63924a9958a14ad5f8d7d5833bb668bd2fb5f1d,1,RGMLzCNw5fB2DdnRhg8BgMxoJfLWizjfGz,34.05609219,pubkeyhash,,,
ca3654ebce4fff8c5bdde6ba52eb9342581d8efebac0c1d7bf8d1101c9e6e45a,0,,0.00000000,nulldata,,,
ca3654ebce4fff8c5bdde6ba52eb9342581d8efebac0c1d7bf8d1101c9e6e45a,1,RCcLUrFjXKyVczkcHFaGbNQ6SyKArzbKcd,993.67656000,pubkeyhash,,,
ca390544fa422283a3a720afc8bfb20154ccf142c36c130af517aaef1bd59646,0,,0.00000000,nulldata,,,
ca390544fa422283a3a720afc8bfb20154ccf142c36c130af517aaef1bd59646,1,RQXMEG58aNi86Ja3AEwVtJEYzSFTr71Kre,989.76855000,pubkeyhash,,,
caa9c8c7b879a1f3934f655b3585303646f6cb22595932fcad6b700fed18ad1f,0,RFFkTBhahhqHJVTjG9qwot6ZSxE89v9NSn,20.53161300,pubkeyhash,,,
cac192231b7ded9b8496de9f2aba7ca84a53b25ea233188b97632d8981fc3271,0,,0.00000000,nulldata,,,
cac192231b7ded9b8496de9f2aba7ca84a53b25ea233188b97632d8981fc3271,1,RPpmNoPB97GU4inib39ECJUWjcjp6th9Yf,991.45491000,pubkeyhash,,,
caeef0093c159c00e51666987ba65b960b427fe62217c79d62fa8ef9c502b0be,0,,0.00000000,nulldata,,,
caeef0093c159c00e51666987ba65b960b427fe62217c79d62fa8ef9c502b0be,1,RFPWWfZnQRAD4UVFTTySoXDqSy3C2mPZRk,994.08504000,pubkeyhash,,,
cb050b6fcc20aa429250a519511e4e64818e24ceae3d01ca19e780b6b1f870a5,0,,0.00000000,nulldata,,,
cb050b6fcc20aa429250a519511e4e64818e24ceae3d01ca19e780b6b1f870a5,1,RGrXGLhkTypW2LTSVowo3HTzL9pmby2ssj,989.58947000,pubkeyhash,,,
cb4be7f25c19b35df860c699c02d19b4fd202689e032cd70ea2d65f5875345e9,0,,0.00000000,nulldata,,,
cb4be7f25c19b35df860c699c02d19b4fd202689e032cd70ea2d65f5875345e9,1,RLGUYcCGzoPc4H1huaUKnutMrgJzkwCtkP,990.07767000,pubkeyhash,,,
cb52a8ec54558d6fdd9109f16801c63fc4b3ca1b49772791dc94277762a12e09,0,,0.00000000,nulldata,,,
cb52a8ec54558d6fdd9109f16801c63fc4b3ca1b49772791dc94277762a12e09,1,RKGAbKxhdEksJcGXTpzJwrUhEDV73r76QG,993.91944000,pubkeyhash,,,
cb98a051589185b0a99d91e328973eebb519c46752260e5da60a2959dd5cb420,0,,0.00000000,nulldata,,,
cb98a051589185b0a99d91e328973eebb519c46752260e5da60a2959dd5cb420,1,R9sWUbHtHQAddeCBzUW5JdCiyLNP2JC9Tn,990.61311000,pubkeyhash,,,
cc1c659b92158bcb34f98c21ba3fc5f20658dba0e47d150c9c234b51d7477cba,0,,0.00000000,nulldata,,,
cc1c659b92158bcb34f98c21ba3fc5f20658dba0e47d150c9c234b51d7477cba,1,RWvz87siWQzUkZ12sY6vG3ozmCYhZkURbj,994.35000000,pubkeyhash,,,
cc2644b3dc5fc322b145dd863c3e9ab4743711ecb24e604a97556713bbe619ca,0,,0.00000000,nulldata,,,
cc2644b3dc5fc322b145dd863c3e9ab4743711ecb24e604a97556713bbe619ca,1,RKAJmXxy9417r1QVW6oLXFNyE8uYZzQB6w,990.81183000,pubkeyhash,,,
cc5b8c07a657b6a31f10c7bd00fcf52b8b1dccfc6a1a87f7735d82cb9352442f,0,,0.00000000,nulldata,,,
cc5b8c07a657b6a31f10c7bd00fcf52b8b1dccfc6a1a87f7735d82cb9352442f,1,RSWQyHEJhBQFiTzt51m4KEUi63Jn2UPDZC,989.64743000,pubkeyhash,,,
cc61479f37bbe319f7eb6e7ccaf43ae2e853466c40ae2e73c55bb090371b0b1e,0,,0.00000000,nulldata,,,
cc61479f37bbe319f7eb6e7ccaf43ae2e853466c40ae2e73c55bb090371b0b1e,1,RVqRGpqJagxsCCVi5S34HMBXFiKrdPD4Tm,991.97655000,pubkeyhash,,,
cc64da462ae762c7ace31e158cbbc75def273e2f11ae4eaa3dae7d2dd29f86b5,0,,0.00000000,nulldata,,,
cc64da462ae762c7ace31e158cbbc75def273e2f11ae4eaa3dae7d2dd29f86b5,1,RWEYuZjmH4MX1bXQKt3uyqDimVgTpV5fxB,995.20432000,pubkeyhash,,,
cc68bc8af6b09770c012d1587870f956051f7cc1bee47f1b00494d95e0d55c99,0,,0.00000000,nulldata,,,
cc68bc8af6b09770c012d1587870f956051f7cc1bee47f1b00494d95e0d55c99,1,RMsmnT2QRURtj8pTacb8hzYCrBLV3cdEAv,993.45300000,pubkeyhash,,,
cca6fbe5423569246602182623847a7655c7f493b12c457d55527ee99def61c6,0,RLgEj9ciNDJgzsBVAcg78RodKMG8afZurF,1217.14601753,pubkeyhash,,,
cca6fbe5423569246602182623847a7655c7f493b12c457d55527ee99def61c6,1,RHvY8nbzytTk2RJQhDspkP9hfPsAJFXCE7,32.85170213,pubkeyhash,,,
cce2e089fdea9a6b1987d683a180115ab71f047af80e1617492ddee331d344ee,0,,0.00000000,nulldata,,,
cce2e089fdea9a6b1987d683a180115ab71f047af80e1617492ddee331d344ee,1,REccR47rjebMnbFRt6z6tqDcVZwLRhP1cu,988.86359000,pubkeyhash,,,
cd014b07c0400fb798de4921b5f7027d8503a7ae893de8247d3031f4e8a754a8,0,,0.00000000,nulldata,,,
cd014b07c0400fb798de4921b5f7027d8503a7ae893de8247d3031f4e8a754a8,1,R9tX77jC8M3PVWcbt3RUbGH3dy6fkuLAk8,990.07491000,pubkeyhash,,,
cd24f1fe5dc555c713fde16b39c72b12d291838119fa2443a7301ff705b6bead,0,,0.00000000,nulldata,,,
cd24f1fe5dc555c713fde16b39c72b12d291838119fa2443a7301ff705b6bead,1,R9v1r3T2WAqECV7Ex86pNy66Amiks6vND5,994.16784000,pubkeyhash,,,
cd36b2227d88b3319c9ff734988bc405213d04840b5f4ed0b2dc91653dc6a49a,0,,0.00000000,nulldata,,,
cd36b2227d88b3319c9ff734988bc405213d04840b5f4ed0b2dc91653dc6a49a,1,RAEFnqD4HgLKoK8m3pBv3prEwtbDQt6nmW,989.23619000,pubkeyhash,,,
cd48f8729ab1e9bac2cf370e02aa7e034767d81d1f0ddd08833702a717689f8f,0,,0.00000000,nulldata,,,
cd48f8729ab1e9bac2cf370e02aa7e034767d81d1f0ddd08833702a717689f8f,1,RQD9JNiEPAXWBzArKXQ7xQQekYVzwmMTFM,995.32576000,pubkeyhash,,,
cd502c0a704717962f79f8f20cfceb0880656d9df8fa6befc83d53316d1af67e,0,,0.00000000,nulldata,,,
cd502c0a704717962f79f8f20cfceb0880656d9df8fa6befc83d53316d1af67e,1,RLikezbAAhZeiUmHjESuoYerXQgo9obUMq,992.90667000,pubkeyhash,,,
cd8d930cc94b6996d8d742a0f5b1d30756d4f875c8903e540411667d08462c44,0,,0.00000000,nulldata,,,
cd8d930cc94b6996d8d742a0f5b1d30756d4f875c8903e540411667d08462c44,1,RXW36gTB453yAFA3VeWQPGvd34f9zXzSrK,992.16699000,pubkeyhash,,,
cdb130c8d961ac41b5fa78ae170ba81cbaab8e4ea4482d1cc146bd5faa666e90,0,,0.00000000,nulldata,,,
cdb130c8d961ac41b5fa78ae170ba81cbaab8e4ea4482d1cc146bd5faa666e90,1,RQVmborS4NDX8XAY9o9Qp7c91sAz3rjjPs,989.72439000,pubkeyhash,,,
cdc683f64de534226f33d9d33eb6ae3b99a48d307200ba996085425d20fa42cf,0,,0.00000000,nulldata,,,
cdc683f64de534226f33d9d33eb6ae3b99a48d307200ba996085425d20fa42cf,1,RGgPtCi9Y9B3yr2sAuK6FMoQQazeHycJMs,989.11199000,pubkeyhash,,,
cdd6bfc42ee7e7214236aadb1625fcdf030067c0645e869c63052cef4e68f9a6,0,,0.00000000,nulldata,,,
cdd6bfc42ee7e7214236aadb1625fcdf030067c0645e869c63052cef4e68f9a6,1,RDckkkqvNnRXAXHCP92AWumqMvNBZHq3yM,994.00500000,pubkeyhash,,,
cdf2c7bca96e9951f8f356a8258d038ff330c57057c07c6a173f60483c8ed497,0,,0.00000000,nulldata,,,
cdf2c7bca96e9951f8f356a8258d038ff330c57057c07c6a173f60483c8ed497,1,RU4D8w8kZ7mexVRLERhF4UsKRUbMCJP783,993.25167000,pubkeyhash,,,
ce0155cecc096ccd55f501fb02c48e0ac4539fb27bdd700c9203e67db75c6c76,0,REDrUZrXomr9NqH11Uabi7oLapkSBbMWc6,34.02555178,pubkeyhash,,,
ce0155cecc096ccd55f501fb02c48e0ac4539fb27bdd700c9203e67db75c6c76,1,RX1r2eyM1UW7y2xHcrTejDfyCUk1yBmz4i,306.32289007,pubkeyhash,,,
ce1096a6c19916e7951e4e9a0b062ad85c96a6b7473c5f9601253aa7866bfde5,0,,0.00000000,nulldata,,,
ce1096a6c19916e7951e4e9a0b062ad85c96a6b7473c5f9601253aa7866bfde5,1,RCP2TNvzSx8ukAkZNNhfV5dfUCCbxovneu,989.34659000,pubkeyhash,,,
ce1bbe7e353df9fa7271b2b3c1d5c36816ea03fd879cae14a6d64593f8da4aff,0,,0.00000000,nulldata,,,
ce1bbe7e353df9fa7271b2b3c1d5c36816ea03fd879cae14a6d64593f8da4aff,1,RUhH4ECY8RgiYDF4HcK7uksqGPXp2hDTrv,993.57720000,pubkeyhash,,,
ce1fec9170688f40313fa1a6489939b69cb02a3380789eeb56f5e3554c39a047,0,,0.00000000,nulldata,,,
ce1fec9170688f40313fa1a6489939b69cb02a3380789eeb56f5e3554c39a047,1,RPGWUagr25Avv72kU2iaQxWu1b588DK9CZ,994.68884000,pubkeyhash,,,
ce40702936fb6bcaa4510f76ee0e698b62a547a00128ac24633d0dd4ec953bd7,0,,0.00000000,nulldata,,,
ce40702936fb6bcaa4510f76ee0e698b62a547a00128ac24633d0dd4ec953bd7,1,RCwmFpSY3UM92bj97SbXdjaYQajzmhufqA,989.47907000,pubkeyhash,,,
ce4628906b2fb1570af65ad041621d65ce40496d99cc9b07f3a4d31b38e24247,0,,0.00000000,nulldata,,,
ce4628906b2fb1570af65ad041621d65ce40496d99cc9b07f3a4d31b38e24247,1,RWvrB233Gs8t738Sk44Tzeo6tmbz3YSTVZ,993.64344000,pubkeyhash,,,
ce84c284b9c2fa0e76e875944def98570d7a801dcf5eef8af32a90b009fb34ef,0,,0.00000000,nulldata,,,
ce84c284b9c2fa0e76e875944def98570d7a801dcf5eef8af32a90b009fb34ef,1,RGcUKj79cxX9J5zVsF6vuCSeV6KTEM76r8,988.87187000,pubkeyhash,,,
ce8f7ac580ab9471b3babde75403abe4bc7ac38236de86e3fa3ebc68b5aad48c,0,,0.00000000,nulldata,,,
ce8f7ac580ab9471b3babde75403abe4bc7ac38236de86e3fa3ebc68b5aad48c,1,REY4WHYE1dLxnDXHKyybSH9TH1Rw2T6pug,991.24791000,pubkeyhash,,,
ce9db83fa45d47a720dd1f3a9054838a23567eacd5cbd53278a7382381c0742e,0,RXeWHY3Y498CRkitgj48ERbgx6ZrCxysYk,250.27680896,pubkeyhash,,,
ce9db83fa45d47a720dd1f3a9054838a23567eacd5cbd53278a7382381c0742e,1,RHvY8nbzytTk2RJQhDspkP9hfPsAJFXCE7,25.94946722,pubkeyhash,,,
ce9db83fa45d47a720dd1f3a9054838a23567eacd5cbd53278a7382381c0742e,2,RDH94i2rFgRFsUtygQRuNNGKsELB2Y3YWm,953.49083256,pubkeyhash,,,
cee22a1e42efa4d741f72a6f8b25e40cc3d9c124c52423bb102125f02b1d712a,0,,0.00000000,nulldata,,,
cee22a1e42efa4d741f72a6f8b25e40cc3d9c124c52423bb102125f02b1d712a,1,RPZuZqiTPDcBcvRNGUYpG25U29DqxqqUsi,991.07127000,pubkeyhash,,,
cef64125dad8e292e83c109dd1fde5f47d32b07bbc51232153d8fa6080ed7369,0,,0.00000000,nulldata,,,
cef64125dad8e292e83c109dd1fde5f47d32b07bbc51232153d8fa6080ed7369,1,RL6Kq8Sti8m5qSfoTJZLtz4iqwCiwZA4zi,991.85787000,pubkeyhash,,,
cf124e03b66956afd4bf5c81abd959414100930718c448d38cc764f43d97073b,0,,0.00000000,nulldata,,,
cf124e03b66956afd4bf5c81abd959414100930718c448d38cc764f43d97073b,1,RXV5QiNGrwB8joie6xVenhmRJD7JSa4mLe,994.36104000,pubkeyhash,,,
cf1283fa9bddd23003648d9cda005de0dba64ac15c46afa4feae8fae0a1e01e0,0,,0.00000000,nulldata,,,
cf1283fa9bddd23003648d9cda005de0dba64ac15c46afa4feae8fae0a1e01e0,1,RLTXGC2vkLsoCRCJZsgvqhMasKp5QFbz2b,992.51475000,pubkeyhash,,,
cf139b0bd3c5943ee936d6ac0fa1d2cb681bc2e09fd22b40fba0e50d37d4d7c3,0,,0.00000000,nulldata,,,
cf139b0bd3c5943ee936d6ac0fa1d2cb681bc2e09fd22b40fba0e50d37d4d7c3,1,RLiWjuxh94mu1ivoQKZb8agrGTmXMecsZw,993.04743000,pubkeyhash,,,
cf2fde76d4f204f0f1a8778b9eaf2a06864e7fed4fd20cdf00009349c3ec785c,0,,0.00000000,nulldata,,,
cf2fde76d4f204f0f1a8778b9eaf2a06864e7fed4fd20cdf00009349c3ec785c,1,RYLY11x4U6gLLJmS7S6ToFqtiouQegYRjB,994.37484000,pubkeyhash,,,
cf31fdc68ae78fccad05d11afab6ef559640b1af50422c3097b26885c676acf3,0,RTawp15doJEMFahJrdLe4aoKGMh3J7s5ZM,20.43153782,pubkeyhash,,,
cf4797e220a4d57d100dd88d590d849293ca6af0dd975d9e0d25e3886b72696b,0,RX1r2eyM1UW7y2xHcrTejDfyCUk1yBmz4i,306.42466891,pubkeyhash,,,
cf4797e220a4d57d100dd88d590d849293ca6af0dd975d9e0d25e3886b72696b,1,RSBDbVxxbL11HsZxkinKbQmrTsJeLMd7UZ,34.03685939,pubkeyhash,,,
cf969913e7749c32ca4d9bec785a21d9c275b8264100f30d37b7443a3c3d60b0,0,,0.00000000,nulldata,,,
cf969913e7749c32ca4d9bec785a21d9c275b8264100f30d37b7443a3c3d60b0,1,RGk36E8sWSYbmo7avrHr7hYrY69vT8FGqp,992.24427000,pubkeyhash,,,
cfac751023bd66ecd79b953fc271a52b123efb6d26f86b4cf12ac18c8d99d5f2,0,,0.00000000,nulldata,,,
cfac751023bd66ecd79b953fc271a52b123efb6d26f86b4cf12ac18c8d99d5f2,1,RJhmi5jrRiovMqEFLfA9n7td47Jk9nHQop,992.06763000,pubkeyhash,,,
cfbf35a1998ae9c07cf37b5e94af2f0aa0179e0f86cb5c51ee891b670d1a2f16,0,,0.00000000,nulldata,,,
cfbf35a1998ae9c07cf37b5e94af2f0aa0179e0f86cb5c51ee891b670d1a2f16,1,RCtRbfSTZnYKt9JXLLh3qV7df6Rnrzo9sQ,990.02799000,pubkeyhash,,,
cfcbe7a935a778e415a50952671fbf1c164445ccd8011ede1984c968e2470f77,0,,0.00000000,nulldata,,,
cfcbe7a935a778e415a50952671fbf1c164445ccd8011ede1984c968e2470f77,1,RXEyGwva1zAkgrFys6zoVqp6UzWGxiCsmx,992.61963000,pubkeyhash,,,
cfe1cfb7838e71917d05cb3b848aea6efc41b0afcc42bb3b7dab8a820c931637,0,,0.00000000,nulldata,,,
cfe1cfb7838e71917d05cb3b848aea6efc41b0afcc42bb3b7dab8a820c931637,1,RXM1SgAdcmvSTvfzeNJEWuDcTaTCMszWVd,992.76315000,pubkeyhash,,,
cff1520eb2c443ed5e4ce041be0627a9813646f33b408e912713cafac444e166,0,,0.00000000,nulldata,,,
cff1520eb2c443ed5e4ce041be0627a9813646f33b408e912713cafac444e166,1,RR51fFpDetwEFnJchSbCCCdBm6nQHvrvpN,991.10163000,pubkeyhash,,,
cff7c2d13e55f73c482d1223ce95f94bdfc7c9fd2af80793512e7023d1d09e38,0,,0.00000000,nulldata,,,
cff7c2d13e55f73c482d1223ce95f94bdfc7c9fd2af80793512e7023d1d09e38,1,RYGs6S5wK1Ewg3Le4tH4iTnzYxSvFN89hk,993.14127000,pubkeyhash,,,
d0046d1743ff7a08aae29d7400f43327ea0d86f9bde074702c0df8d51cd9dc4e,0,,0.00000000,nulldata,,,
d0046d1743ff7a08aae29d7400f43327ea0d86f9bde074702c0df8d51cd9dc4e,1,RBvSRxTWTonANhUg6ju87X7xg9NKbTwgUf,994.58120000,pubkeyhash,,,
d0315de868eeba184ae742f0b2e6e8799e03f5bad649a6114e6ccc94359986c7,0,,0.00000000,nulldata,,,
d0315de868eeba184ae742f0b2e6e8799e03f5bad649a6114e6ccc94359986c7,1,RKwhTqRQMFqdSLwzDi1jVk94DwMTMznKrC,992.10075000,pubkeyhash,,,
d0693a45f90084c78045bde367548d3568cfdb401bc3f713966a0b46dbb1fb3e,0,RCTRdNB2enZSiMb86PFESgRWwcEWQV8hqg,125000.51297754,pubkeyhash,,,
d083da1d3a6fb8ec362df99dc0002f942374413d2db2d457db83ea0f89a7a32e,0,,0.00000000,nulldata,,,
d083da1d3a6fb8ec362df99dc0002f942374413d2db2d457db83ea0f89a7a32e,1,RJ1QGtjfrbpFM6GwPGTQ4tnKHNbTaqh3t6,991.06299000,pubkeyhash,,,
d08c49fc6f5eb9615d8c7531f47188113d90894f73c8a18cd899b6291e71c8d3,0,,0.00000000,nulldata,,,
d08c49fc6f5eb9615d8c7531f47188113d90894f73c8a18cd899b6291e71c8d3,1,RQDYXi74en82y8VVkd1NjEd7MhyUFi2CSM,991.95723000,pubkeyhash,,,
d0930f4e057dabf87c258cb6a62730a73368df68ed04261476269ccef7b4da4c,0,RRzdeaSqVcaiJScWu7RM4DYErPZFswHjtE,34.00339019,pubkeyhash,,,
d0930f4e057dabf87c258cb6a62730a73368df68ed04261476269ccef7b4da4c,1,RX1r2eyM1UW7y2xHcrTejDfyCUk1yBmz4i,306.12252066,pubkeyhash,,,
d09e1788fdb63fd1fb6c15d01b9a1dcdea37e70771073184e197e553a9bef39f,0,,0.00000000,nulldata,,,
d09e1788fdb63fd1fb6c15d01b9a1dcdea37e70771073184e197e553a9bef39f,1,RVY8sR4rjjqJriLu9J17LgpjUzQE8FZoyM,992.28291000,pubkeyhash,,,
d0a3b5f6337bc584c08b0529c61aac71ccdb6fd5cfb76fefe2da05f9c3718305,0,,0.00000000,nulldata,,,
d0a3b5f6337bc584c08b0529c61aac71ccdb6fd5cfb76fefe2da05f9c3718305,1,RGtacZS1ajwDU8Gt8YHbb2rEJmWW5ainfy,990.95259000,pubkeyhash,,,
d0af530c4019724966da1455467e1940cf9fec7f00c683f071ff5b77f68ea949,0,,0.00000000,nulldata,,,
d0af530c4019724966da1455467e1940cf9fec7f00c683f071ff5b77f68ea949,1,RRcenxGnRM8FYp6JqYr4Z4wRfT3FSy5CBC,990.58275000,pubkeyhash,,,
d0df958be489fcd58db0a35cf022020b8700d917397fb10858036a9f3082805f,0,,0.00000000,nulldata,,,
d0df958be489fcd58db0a35cf022020b8700d917397fb10858036a9f3082805f,1,RGnDCaZVPgKicXnvdA3kZrBGdcUNEX9G9b,990.38127000,pubkeyhash,,,
d0e5e8be79ef973be414080745e506801f7da45d1b0b47457d10d8b7457bf54c,0,RVXvJPC6zzQsLp3mSRp7epzAiG2HioCvj2,2951.85645400,pubkeyhash,,,
d116cd650b8fa65d38288c329efa19a45f42fdd63d7d49bd03adfb105d0fdfa8,0,,0.00000000,nulldata,,,
d116cd650b8fa65d38288c329efa19a45f42fdd63d7d49bd03adfb105d0fdfa8,1,RVmjpfjWtGHFCBqRy1THgsFH9rTWGehJLk,990.67383000,pubkeyhash,,,
d1441b51d5e7633339de32a39ddf68be95b60d339f3fe6fd06f86f6d5070e05e,0,,0.00000000,nulldata,,,
d1441b51d5e7633339de32a39ddf68be95b60d339f3fe6fd06f86f6d5070e05e,1,RDXse7YfedPWHA6JUQoKawoWa8moC7AMSB,995.15220000,pubkeyhash,,,
d16d27f084f1ff538525d0d71c2ffd68e3fce9913ffb20d3bf4dcb08ea80bb91,0,,0.00000000,nulldata,,,
d16d27f084f1ff538525d0d71c2ffd68e3fce9913ffb20d3bf4dcb08ea80bb91,1,RFGe8kLxfkd1z5LBXshXh99tdoyjFXZdMV,994.91516000,pubkeyhash,,,
d197a4eac3763e5ac6801cffadb99840138bac5595690302a926b6aa64332b85,0,,0.00000000,nulldata,,,
d197a4eac3763e5ac6801cffadb99840138bac5595690302a926b6aa64332b85,1,RTiW1JHZQaCJmYU1YG3gxFudmURb91WC1Y,991.14855000,pubkeyhash,,,
d1b284fad66792fc79f95eeabee769409c6c1b811917dbd2066e5718dfb7f657,0,,0.00000000,nulldata,,,
d1b284fad66792fc79f95eeabee769409c6c1b811917dbd2066e5718dfb7f657,1,RCbKsukeR1CqHZz7xiymh6R1SyKsmhE2Lv,995.35060000,pubkeyhash,,,
d1c7423775593ac9ed31180de8478f01c9e573c603329e597a23824e7bc5ddba,0,,0.00000000,nulldata,,,
d1c7423775593ac9ed31180de8478f01c9e573c603329e597a23824e7bc5ddba,1,RUTZ6G787HghdFswyoFTWenQSeVm5jFcNL,989.72715000,pubkeyhash,,,
d1d7c6e551931d8ff98c73d0683a0990ac893f7e1ab1ae6847474ebe8bd562de,0,,0.00000000,nulldata,,,
d1d7c6e551931d8ff98c73d0683a0990ac893f7e1ab1ae6847474ebe8bd562de,1,RLXb5cxHoMFLi79yizPvKCSU5nXuAkrn3i,991.30035000,pubkeyhash,,,
d2133e234de25020d3e16dcf3a485df44be818846d8b47c0e5f9722ab0f502ba,0,,0.00000000,nulldata,,,
d2133e234de25020d3e16dcf3a485df44be818846d8b47c0e5f9722ab0f502ba,1,RLX3imbrkMLaGcYJdtYZneoE6U8wiuMvMx,990.53583000,pubkeyhash,,,
d22e7c0e6aeaa1a922aaae43faa6f7d91c584b69f4bc2ec55b0ecb02d0bc3fc1,0,,0.00000000,nulldata,,,
d22e7c0e6aeaa1a922aaae43faa6f7d91c584b69f4bc2ec55b0ecb02d0bc3fc1,1,RU1yrN9Ch213jYdWce2aMTg6HqKYtJLFXu,990.93327000,pubkeyhash,,,
d2332603e9f58157c471e937e942066319b354cefed0ed0a777644d867dc183e,0,,0.00000000,nulldata,,,
d2332603e9f58157c471e937e942066319b354cefed0ed0a777644d867dc183e,1,RM3Nb7fK5XGVHk9rGoW9MKQ5xk5s9zNGrQ,992.96187000,pubkeyhash,,,
d245d795861e5f2c4dfa5baad49c7d434f038632e94adb1f8230a65b7ab6037e,0,,0.00000000,nulldata,,,
d245d795861e5f2c4dfa5baad49c7d434f038632e94adb1f8230a65b7ab6037e,1,RYT7DzixSHWWim1Kp1Y5rdfpkEQaJkxV2Q,992.95911000,pubkeyhash,,,
d27194928610ae022511f79575124abc544bd13971e5a36df86a833b63dfc95b,0,,0.00000000,nulldata,,,
d27194928610ae022511f79575124abc544bd13971e5a36df86a833b63dfc95b,1,RBweDpWELsLRXSEE9kNLLw8ZC7YdCY2gbw,993.29859000,pubkeyhash,,,
d2b0786eecbd7cac771b26521c1812ac38bf35f98a126a7be7548645b3d25399,0,,0.00000000,nulldata,,,
d2b0786eecbd7cac771b26521c1812ac38bf35f98a126a7be7548645b3d25399,1,RX1QboPdcFyJZYHZZpkdhRALm6vmZjjZyv,989.47355000,pubkeyhash,,,
d2bd0ea82a29664c55f525f74132b05eb847cd2035c44ea5eff4e1f5a3c19e8a,0,,0.00000000,nulldata,,,
d2bd0ea82a29664c55f525f74132b05eb847cd2035c44ea5eff4e1f5a3c19e8a,1,RCRoRRJHqcSwK3PuzLwGpJaWMB4GY1ig2Y,990.62967000,pubkeyhash,,,
d2f413099059946af89e11f3a39dc8a10cb9965e3a0dfe4e181c45f761dd673e,0,RX1r2eyM1UW7y2xHcrTejDfyCUk1yBmz4i,306.32628214,pubkeyhash,,,
d2f413099059946af89e11f3a39dc8a10cb9965e3a0dfe4e181c45f761dd673e,1,RCAa5suTYNSjCf6WRJHzxk7vivvSdixpMF,34.02592866,pubkeyhash,,,
d329e50f7aaa62b11c797892d13e663d0dfbb3daefa0554bc8ccfcde33d1c157,0,,0.00000000,nulldata,,,
d329e50f7aaa62b11c797892d13e663d0dfbb3daefa0554bc8ccfcde33d1c157,1,RFKzXahqojUEtdR52tvYawakiKmYCTnJu3,992.66103000,pubkeyhash,,,
d32b5374ebf1420a6b191c781ad59dc66c844ba7b6775a6601c349172be0e7b0,0,,0.00000000,nulldata,,,
d32b5374ebf1420a6b191c781ad59dc66c844ba7b6775a6601c349172be0e7b0,1,RVmEXHW512myAFTrkCn2ukdtLojask6xcf,993.27099000,pubkeyhash,,,
d34d7112eb8395917cd1eb7ecc3e364b0f022bd86f338062bceef62aea003d1b,0,,0.00000000,nulldata,,,
d34d7112eb8395917cd1eb7ecc3e364b0f022bd86f338062bceef62aea003d1b,1,RC6VZkbSsLT8K2R7kDX9QTcjgBdJL35Mzj,995.22640000,pubkeyhash,,,
d35a76a2abe1c66222f94c00e7c923b38c8e0580f920ea29f49126a06072f948,0,,0.00000000,nulldata,,,
d35a76a2abe1c66222f94c00e7c923b38c8e0580f920ea29f49126a06072f948,1,RBUNhjNUxnFKDRX4bx2HEZLSvYJjG4DLR3,991.57635000,pubkeyhash,,,
d370ea7c60cee333a5d7b2f4dbb76fe9d3b568449e6e09d012caf481d1567080,0,,0.00000000,nulldata,,,
d370ea7c60cee333a5d7b2f4dbb76fe9d3b568449e6e09d012caf481d1567080,1,RWZFrKGGUTTyhAmBXGJkNPLQhy6WkEes7x,993.10815000,pubkeyhash,,,
d37c397c63ba512a46c6a0f7b9d6a85ca90b7d0f78aa0de64f97c58074d34d50,0,,0.00000000,nulldata,,,
d37c397c63ba512a46c6a0f7b9d6a85ca90b7d0f78aa0de64f97c58074d34d50,1,RHFxBtfqNK3EkXK9ZT53Eh1oSWPoE2wacT,989.64191000,pubkeyhash,,,
d39e3ccb9cc7d3a2336fe22d8e22cdc9c9bcf132334199606165cbec8c01c569,0,,0.00000000,nulldata,,,
d39e3ccb9cc7d3a2336fe22d8e22cdc9c9bcf132334199606165cbec8c01c569,1,RHbg3TemcwsaQULiijnvzDT3r1q6hKTYfr,989.20859000,pubkeyhash,,,
d3c86ac2526fc7ca9cf88d2148749034b9617094d1b5392e3788c13fbc3fd3b7,0,,0.00000000,nulldata,,,
d3c86ac2526fc7ca9cf88d2148749034b9617094d1b5392e3788c13fbc3fd3b7,1,RGpu1oF6McLekCzjYwARxMiM8aceT3vYSR,993.08607000,pubkeyhash,,,
d3ca1fdcc09948dacae850f470ba514820cbdcd73397e46ccf91a701c689f467,0,,0.00000000,nulldata,,,
d3ca1fdcc09948dacae850f470ba514820cbdcd73397e46ccf91a701c689f467,1,RFnhtMYMSLGmvBaC1LmKvPqsnMi2f9QYQM,992.56167000,pubkeyhash,,,
d3d733bd84cff58c632d1b37884bc0ae3c0e1244abda3c506d5334d6f6ff9b5c,0,,0.00000000,nulldata,,,
d3d733bd84cff58c632d1b37884bc0ae3c0e1244abda3c506d5334d6f6ff9b5c,1,RNtvGV6MuZ79RctDxp9C48eM9QYraoyQ9W,995.35336000,pubkeyhash,,,
d41b300edcd584a80c5996eee2b5d8992e85676350ee832ea2c17bba6c1e57dd,0,,0.00000000,nulldata,,,
d41b300edcd584a80c5996eee2b5d8992e85676350ee832ea2c17bba6c1e57dd,1,RDj6cEJgPFxfFrm4hLNko2SVTae2MXx1zt,992.27463000,pubkeyhash,,,
d42e7a160f21618d3b58a3456406b76974f1a61b5ca2fd33694169924906470d,0,,0.00000000,nulldata,,,
d42e7a160f21618d3b58a3456406b76974f1a61b5ca2fd33694169924906470d,1,RVnHxPTPxH96wGmAX16EqDa6gtGajTVBVJ,994.89584000,pubkeyhash,,,
d430ba222945cd8477d72b607da69ca3a55b2d807629b6cc81526f7a6b1ccbd1,0,,0.00000000,nulldata,,,
d430ba222945cd8477d72b607da69ca3a55b2d807629b6cc81526f7a6b1ccbd1,1,RNfAyLv2LRYj1jw6fTufw38gKhttTvcyzW,991.35555000,pubkeyhash,,,
d441e3b568544d5cb30e596a933bb509fc55429aa6e033666b00ec9e6e254f2e,0,,0.00000000,nulldata,,,
d441e3b568544d5cb30e596a933bb509fc55429aa6e033666b00ec9e6e254f2e,1,RQHsVGcLpZKMWRbBvz48R4caKeoWQTeDwz,993.05019000,pubkeyhash,,,
d46bf701dfbba5ace76f6b319bf442303da941b9987127731d7609ea0ce34e82,0,,0.00000000,nulldata,,,
d46bf701dfbba5ace76f6b319bf442303da941b9987127731d7609ea0ce34e82,1,RHeUq6gMjgrEBPU3R3hQ996KBiQ4NjLSZU,991.76679000,pubkeyhash,,,
d4742b6a695a481d07332d752eb8f47c0a5cb7ba636f052e53de74aa18c2fa00,0,,0.00000000,nulldata,,,
d4742b6a695a481d07332d752eb8f47c0a5cb7ba636f052e53de74aa18c2fa00,1,RF2LLGRtM3JQKJ6HKCpnhpreWsSnBXho6N,993.82560000,pubkeyhash,,,
d4794388dfdf15a03031fbe766362b2c8f8a9d60b59422bd8b40ac1cdd756681,0,,0.00000000,nulldata,,,
d4794388dfdf15a03031fbe766362b2c8f8a9d60b59422bd8b40ac1cdd756681,1,RN7WNnWWhxq1j7sVhZbozUYA7wex9fsEdP,994.83512000,pubkeyhash,,,
d4b7c15579c59118db58bf7e2939d210e5e1277d3c8e32a997cb2619c1d1b009,0,,0.00000000,nulldata,,,
d4b7c15579c59118db58bf7e2939d210e5e1277d3c8e32a997cb2619c1d1b009,1,RBfTmoo75swqhtBYMwUHWa6dCzWd67Shv7,990.24051000,pubkeyhash,,,
d4c3b275d6657f86b3fd52d0138957df76baec08cf7810ff185724ed715d6b36,0,,0.00000000,nulldata,,,
d4c3b275d6657f86b3fd52d0138957df76baec08cf7810ff185724ed715d6b36,1,RHsLNifBq96hARYxhsu1tZsgKUUCKHS9Jr,992.75487000,pubkeyhash,,,
d4d07740b853e4a3595cb09a7c087c4280845e38e9adb82e884a1715d788d89b,0,,0.00000000,nulldata,,,
d4d07740b853e4a3595cb09a7c087c4280845e38e9adb82e884a1715d788d89b,1,RBH83F6axcTraL1pfp4ZaSQY8bgYLRV7fM,989.91483000,pubkeyhash,,,
d4d8d90dedd741bdd1a4a48c36ab70b96d09a84b9439622a8c674c9471c7a425,0,,0.00000000,nulldata,,,
d4d8d90dedd741bdd1a4a48c36ab70b96d09a84b9439622a8c674c9471c7a425,1,RNdJMGJT7NyqLa2iydfMUshehHdnjBdQdG,992.14491000,pubkeyhash,,,
d4e53673d1d3ee19974cfb923f5adbfb580d3ee57562ff117792bb798fef7273,0,,0.00000000,nulldata,,,
d4e53673d1d3ee19974cfb923f5adbfb580d3ee57562ff117792bb798fef7273,1,RTwYibfarwV1fkLaScSWY15rnjB3LtyvjE,992.79627000,pubkeyhash,,,
d51d9d9ca9ec756510d920999328386f89de622300b982f5227edd4849d1ba6c,0,,0.00000000,nulldata,,,
d51d9d9ca9ec756510d920999328386f89de622300b982f5227edd4849d1ba6c,1,RS72fJFrh3VD68JfzCxWrh9N8qXPKbyHwt,994.49564000,pubkeyhash,,,
d521234e323fc491178f7e23b4afa3c0e70edbc02d8262f0dea57a2cc3df5e87,0,,0.00000000,nulldata,,,
d521234e323fc491178f7e23b4afa3c0e70edbc02d8262f0dea57a2cc3df5e87,1,RAsTQPt93ug2hxySqbe8iVmqsLZDecQGfN,989.01815000,pubkeyhash,,,
d56cd415086af6cb358c77aed01b9529193ade6e29dfa458d8b60bb2bfff8024,0,,0.00000000,nulldata,,,
d56cd415086af6cb358c77aed01b9529193ade6e29dfa458d8b60bb2bfff8024,1,RN3ofBtU6WooTq6YZARLFhVDW46hfUWATj,989.82651000,pubkeyhash,,,
d57f261a63c31224bdca83b029b91d9022577c2872798a96fa98a2857cd22170,0,,0.00000000,nulldata,,,
d57f261a63c31224bdca83b029b91d9022577c2872798a96fa98a2857cd22170,1,RUCx9py2HtGMSmfcjFUYppCfUjwDsQgvJy,990.34815000,pubkeyhash,,,
d5892494cac404ce08428e4b52c8674a40b2d8996f7947d75824bf35c1491f8c,0,,0.00000000,nulldata,,,
d5892494cac404ce08428e4b52c8674a40b2d8996f7947d75824bf35c1491f8c,1,RQSHBp2UcrJ9Tw8mAV6XFN8VD4puyoYuW4,995.36716000,pubkeyhash,,,
d592a12fdb84e5680de7daba3a76bd72a32101f645af1642bd66d7fafec103db,0,,0.00000000,nulldata,,,
d592a12fdb84e5680de7daba3a76bd72a32101f645af1642bd66d7fafec103db,1,RPsSckgLJjTa14wQuLJGjM4Aq3DUmA6kjz,995.09424000,pubkeyhash,,,
d594c2c9f79cb45faedf874460c21b6c7bbbbaf2b69665a47bf313a855ebba68,0,,0.00000000,nulldata,,,
d594c2c9f79cb45faedf874460c21b6c7bbbbaf2b69665a47bf313a855ebba68,1,REpkatTZ2MiUDni5v3MB1gT3VFiqyLqxfp,990.28467000,pubkeyhash,,,
d5c4abfa0e71f1e5fa99ce10f25cfe778ca4cd638ceb3b5110f2a488300ea210,0,RX1r2eyM1UW7y2xHcrTejDfyCUk1yBmz4i,306.28712455,pubkeyhash,,,
d5c4abfa0e71f1e5fa99ce10f25cfe778ca4cd638ceb3b5110f2a488300ea210,1,RMUfRbtB3ot3eY9Bhok4ZEKKc88s6KbJet,0.00580008,pubkeyhash,,,
d5cb3c1f783c7a6a648ad5099a03f16f31ffc39ecabcb95506003c2330c70dd9,0,,0.00000000,nulldata,,,
d5cb3c1f783c7a6a648ad5099a03f16f31ffc39ecabcb95506003c2330c70dd9,1,R9wjtR3vd44kMz85qGGagztGnk2KBizpmD,993.44196000,pubkeyhash,,,
d5dfe2514390e16920d297eac39c2f11e82a470b828f59d8e5f224a36cf7f05d,0,,0.00000000,nulldata,,,
d5dfe2514390e16920d297eac39c2f11e82a470b828f59d8e5f224a36cf7f05d,1,RFbeSm86Ftu3bseCuyrGEXUyrfX45GrJwW,991.62327000,pubkeyhash,,,
d5f1d36d9e66205de1daa52bbb74cccd21ffeddfae2d89b9c563593e01253b7c,0,,0.00000000,nulldata,,,
d5f1d36d9e66205de1daa52bbb74cccd21ffeddfae2d89b9c563593e01253b7c,1,RLKUQ7jq6mW7W5V3JNFAwwRZ2HpcRZYnsS,991.18719000,pubkeyhash,,,
d606c3decbd5e016bbe381bf5778060d0c7f8e935917f86e40bdf6a95e728763,0,,0.00000000,nulldata,,,
d606c3decbd5e016bbe381bf5778060d0c7f8e935917f86e40bdf6a95e728763,1,RSRrPmLzasSiqiX7cP8R5Vd1aWrEJcpcAF,990.14391000,pubkeyhash,,,
d61f99e3d5feb388d2e3ea89e4bb1f9ac8f820bc5fd1533545a4cfb6bc9a0aaf,0,,0.00000000,nulldata,,,
d61f99e3d5feb388d2e3ea89e4bb1f9ac8f820bc5fd1533545a4cfb6bc9a0aaf,1,RQ31MiCBJihju66LjXK5SQrW19Jc1YRAD9,989.36315000,pubkeyhash,,,
d64b842767a104159f369ee467a8785daeb3f321bb1786028e8c31fbaa4d38fc,0,,0.00000000,nulldata,,,
d64b842767a104159f369ee467a8785daeb3f321bb1786028e8c31fbaa4d38fc,1,RSyikaRv4fC6eAhSeWbuf6NZmz9ozXDHKj,994.89860000,pubkeyhash,,,
d70c975659a516802b20e12b039eefcd3e695c62d310551355a5f5c04be9c204,0,RHuXWhJktpnoR9qNxvXQTTA6jh93PJGzAx,621.64441610,pubkeyhash,,,
d70c975659a516802b20e12b039eefcd3e695c62d310551355a5f5c04be9c204,1,RHvY8nbzytTk2RJQhDspkP9hfPsAJFXCE7,29.99733629,pubkeyhash,,,
d72cab7bcda7279f227535b9812ce5e0ba789ad9030facb66f6cbd9756542818,0,,0.00000000,nulldata,,,
d72cab7bcda7279f227535b9812ce5e0ba789ad9030facb66f6cbd9756542818,1,RRyVmMvd1gwkUqZan69V8Xaq6pvs3bJytS,989.87343000,pubkeyhash,,,
d74121d51b39d5524175a9ad03e599282a3e65288e7a5501079db1f1f978958e,0,RMKd7jAm9y682pLc6QiHSUFTxZReSRKZfe,3.78771292,pubkeyhash,,,
d74e16fc0276c6e24ac46bd54bed3b377c90e90fbcb2e19b90e44dc940a78056,0,,0.00000000,nulldata,,,
d74e16fc0276c6e24ac46bd54bed3b377c90e90fbcb2e19b90e44dc940a78056,1,RGB3xxqCjzQSVutagRumnqSYGNZV6U9nzE,995.15496000,pubkeyhash,,,
d74e861fec5540728b868d90865796e1534c675b2f5ee43b1e302866e2dd8414,0,,0.00000000,nulldata,,,
d74e861fec5540728b868d90865796e1534c675b2f5ee43b1e302866e2dd8414,1,RHh86ZCtbRC7N5vEicwZR4cZr99AAvZcXd,993.30135000,pubkeyhash,,,
d76b7588934d70fb066f904b52e762be80782663a0e15a952ba6ee927c1aeeab,0,,0.00000000,nulldata,,,
d76b7588934d70fb066f904b52e762be80782663a0e15a952ba6ee927c1aeeab,1,R9JMhZKH2mkHqdY9TaeEd5fyveowbRgRzU,991.83027000,pubkeyhash,,,
d76ee2ad9d21a9521f6c61e3db68af085aa72f7f6e8b95282525716fa8db9fb2,0,,0.00000000,nulldata,,,
d76ee2ad9d21a9521f6c61e3db68af085aa72f7f6e8b95282525716fa8db9fb2,1,RGeZP62xsyLxvCLfy1Wuq6x22yKrTQmcAy,989.93139000,pubkeyhash,,,
d773aa5fde9b32bab00843e4a13940c786ed98d63143c0ecf192d4665ecc2c3c,0,,0.00000000,nulldata,,,
d773aa5fde9b32bab00843e4a13940c786ed98d63143c0ecf192d4665ecc2c3c,1,RRZgsLhFRRjD7qexUTVfqjoK7XB88aTLqv,991.79991000,pubkeyhash,,,
d77560d8459f77b05b45997271156aa99e3d6ef6d600f85aed0e91954948fc2d,0,,0.00000000,nulldata,,,
d77560d8459f77b05b45997271156aa99e3d6ef6d600f85aed0e91954948fc2d,1,RRdcqXprj4cTEtr3RWxQYwtJHhBdi61JGj,989.00711000,pubkeyhash,,,
d7a18cf4ab53a42174c2a848c0a007cae5575df6b4e2fe62a1717b2feb02b736,0,RX1r2eyM1UW7y2xHcrTejDfyCUk1yBmz4i,306.56383874,pubkeyhash,,,
d7a18cf4ab53a42174c2a848c0a007cae5575df6b4e2fe62a1717b2feb02b736,1,RFTQGp44p72M5uVJdet6uzWzPHr4ya1QDD,34.05232012,pubkeyhash,,,
d7a52a9c4c8c94db8f054e88ca821a6b7aaf567a1e821ef80f7bae0cc285a57d,0,,0.00000000,nulldata,,,
d7a52a9c4c8c94db8f054e88ca821a6b7aaf567a1e821ef80f7bae0cc285a57d,1,RLaSKx4wnwvTE7P5mqKTFG1nzq989cAhTg,989.73267000,pubkeyhash,,,
d7c9de18872ee9b61ec512f56b4db147839a06392d3c9803e90b285e865a9cd6,0,,0.00000000,nulldata,,,
d7c9de18872ee9b61ec512f56b4db147839a06392d3c9803e90b285e865a9cd6,1,RBKT6Vm2uD3k7ecUfZnbZSye1Axe9Z3mpp,991.70055000,pubkeyhash,,,
d7dc92d00aab7e491f41ad9bb5b781d38f97add6ea1e986fe5dd7d69e7504548,0,,0.00000000,nulldata,,,
d7dc92d00aab7e491f41ad9bb5b781d38f97add6ea1e986fe5dd7d69e7504548,1,RKs1U8GV6bxkboT2kSmmc6dugBpZcxgcSe,993.35931000,pubkeyhash,,,
d7e1f84abc6aab9299bf8b05ad56e2c51621bfb9a9081369e7877700dd1a5e64,0,,0.00000000,nulldata,,,
d7e1f84abc6aab9299bf8b05ad56e2c51621bfb9a9081369e7877700dd1a5e64,1,RDFgjib3MhbUpoBeUF6632qMRDxLr4u89P,995.00624000,pubkeyhash,,,
d7f5b9291382e545b5950537a985cecfc505008eb7a345a1a9b802d42db18324,0,,0.00000000,nulldata,,,
d7f5b9291382e545b5950537a985cecfc505008eb7a345a1a9b802d42db18324,1,RMoeAQagurZn1kS3eYohQTJGm4pG159Z5Z,993.78972000,pubkeyhash,,,
d802ef6f931ad0395b510e5330ef9b924fc4a7d475607e5687ea1e63cd99a92e,0,,0.00000000,nulldata,,,
d802ef6f931ad0395b510e5330ef9b924fc4a7d475607e5687ea1e63cd99a92e,1,RNc2sLE26Ke4foj5u9wn9Y3WpcugymQLSs,994.85444000,pubkeyhash,,,
d85b9647716aa703599983c10aceb56550231db66d1e9e618e37edb2e773c781,0,,0.00000000,nulldata,,,
d85b9647716aa703599983c10aceb56550231db66d1e9e618e37edb2e773c781,1,RCJHkGy52K8DaP3UPhwm8mbFRgVTPxVnmg,993.34551000,pubkeyhash,,,
d86a4624d79d478cdce345f0093da7afc148aa5e91a6858bb27739272043e47c,0,,0.00000000,nulldata,,,
d86a4624d79d478cdce345f0093da7afc148aa5e91a6858bb27739272043e47c,1,RX2BcBNAZKNBU2ARUAFG5oTW7Kwt26atEM,994.49840000,pubkeyhash,,,
d87d33248185550c9cf73c122bb41b9886b8caf21c23e85b922a5e1bc691bce3,0,,0.00000000,nulldata,,,
d87d33248185550c9cf73c122bb41b9886b8caf21c23e85b922a5e1bc691bce3,1,RGTrPs1hKUrihffJkSQvS5nUrjRxsCY7wq,990.96915000,pubkeyhash,,,
d8b097db70c7dfa47aef0c06274a5e06bf2f95e6ff672ee867bb4a48171835c7,0,,0.00000000,nulldata,,,
d8b097db70c7dfa47aef0c06274a5e06bf2f95e6ff672ee867bb4a48171835c7,1,RX1cFwtGCj2YS79rSrXfsmSLLff6YsiuBL,995.01176000,pubkeyhash,,,
d8f044b2c760996da48ebae650097ac44c07068efea10167ae0ba564aee66d46,0,,0.00000000,nulldata,,,
d8f044b2c760996da48ebae650097ac44c07068efea10167ae0ba564aee66d46,1,RD9T9WkWxPMCHxxktcGsyb1q9W6je8cX1P,994.69712000,pubkeyhash,,,
d8fed12d2afd0f6ad13baba33a8a544001d57f8b3db50bb50d7b7365cda5192e,0,,0.00000000,nulldata,,,
d8fed12d2afd0f6ad13baba33a8a544001d57f8b3db50bb50d7b7365cda5192e,1,RSAvMuvwbdo9x3mWreLp6TdQrKmgSnbGje,994.39660000,pubkeyhash,,,
d906d524d23776f3439569c1e943603e9ead4c9bc9f84ad3d55a3cf08941fb5b,0,,0.00000000,nulldata,,,
d906d524d23776f3439569c1e943603e9ead4c9bc9f84ad3d55a3cf08941fb5b,1,RX49LjBgftVNewr1LZQD4MTUsXDvonAgVx,989.18375000,pubkeyhash,,,
d939d07dfc87e1f4f5389613f1f010772b21719e2bedbb87c329a0ec680e27bd,0,,0.00000000,nulldata,,,
d939d07dfc87e1f4f5389613f1f010772b21719e2bedbb87c329a0ec680e27bd,1,RAYUHLks5Zb17Ah32ER9UJEeCcCCxb9pUM,994.35552000,pubkeyhash,,,
d9512b234493cd33ea3825dabaa8b1ba4763558ae25f2a83540fb4bcbd9371e7,0,,0.00000000,nulldata,,,
d9512b234493cd33ea3825dabaa8b1ba4763558ae25f2a83540fb4bcbd9371e7,1,RBJYuJzJyBRv7EbmML7hAgjVr2QtkLAvKa,994.66952000,pubkeyhash,,,
d964e8dd4d32819f9f64a0ce28f854d611297aa12b59e8fc0262a1cff9426a47,0,,0.00000000,nulldata,,,
d964e8dd4d32819f9f64a0ce28f854d611297aa12b59e8fc0262a1cff9426a47,1,RXxuhKqSDchFqdargm9g6kz85BuH4LBkk2,991.71159000,pubkeyhash,,,
d997232818049d1039147c32bd1fd3306e0cdaa8fa83964f1d3c5059b3229b85,0,,0.00000000,nulldata,,,
d997232818049d1039147c32bd1fd3306e0cdaa8fa83964f1d3c5059b3229b85,1,RGHqAXktCHRWc5WXaHiUsPpf2vVmzB8tQp,990.31779000,pubkeyhash,,,
d9c2f8f65a2c447f78328018306f7acc3cc9b94b8dab79b595be913c433dc619,0,,0.00000000,nulldata,,,
d9c2f8f65a2c447f78328018306f7acc3cc9b94b8dab79b595be913c433dc619,1,RDEWyggfNB16ddAMv2xDfEdZjdsp2ARNjJ,989.00435000,pubkeyhash,,,
da0d2beea2f64f7155c367c617eecde6cd78f06f50026299a7d7a27341f855bf,0,,0.00000000,nulldata,,,
da0d2beea2f64f7155c367c617eecde6cd78f06f50026299a7d7a27341f855bf,1,RLXsqNiZ7EBqGJNfaSti3KP3Ejo8opMsKk,993.24891000,pubkeyhash,,,
da1a0c0330506d4d8c8d2b79bdd135a1c4f1ead9eb981b0f08956587d2dbad0f,0,,0.00000000,nulldata,,,
da1a0c0330506d4d8c8d2b79bdd135a1c4f1ead9eb981b0f08956587d2dbad0f,1,RWEpkXH2XqEtKc2BB9zjHmyut5Zhb3JttW,994.48460000,pubkeyhash,,,
da30218807d4a8edd925dad2678d02169bd78c0f17ab0708fc48b8722ceecdb6,0,,0.00000000,nulldata,,,
da30218807d4a8edd925dad2678d02169bd78c0f17ab0708fc48b8722ceecdb6,1,RC9RzJY2rrvuwunbYtQ9b7JqnYm5yJaheP,989.99487000,pubkeyhash,,,
da41e5eec2c85a7fac0e6daf8ed3fe652719bdcfea195c6f5fa799cbef0ee4a4,0,,0.00000000,nulldata,,,
da41e5eec2c85a7fac0e6daf8ed3fe652719bdcfea195c6f5fa799cbef0ee4a4,1,RUUsDxZ3onfgm7rGvo8hEFhD17TwieHkSS,991.62879000,pubkeyhash,,,
da86c068d58685534f48fe02a62db1fe7b0a95f5a33c63892ffcc331de5d7905,0,,0.00000000,nulldata,,,
da86c068d58685534f48fe02a62db1fe7b0a95f5a33c63892ffcc331de5d7905,1,RUVewoHQm4TsZuHTcoPCf5dQRA9bt1a9AS,994.20924000,pubkeyhash,,,
da9f6c892e775feb4d95ba9d906dd099b485e7a43a9768bcd7b5960d9f1d69a8,0,,0.00000000,nulldata,,,
da9f6c892e775feb4d95ba9d906dd099b485e7a43a9768bcd7b5960d9f1d69a8,1,RAh7GfTeL2qJxg6CVptW4AMsX6v4sgMzRq,994.21476000,pubkeyhash,,,
dab42d34cca69c8a0b7008459f3bc40a6a11cece940cfea3c9cd641816682be1,0,,0.00000000,nulldata,,,
dab42d34cca69c8a0b7008459f3bc40a6a11cece940cfea3c9cd641816682be1,1,RDt5KLee6MF8JtxEVT2YkhsGh9Y5ZXYQh4,992.53131000,pubkeyhash,,,
dab6d87e20d707b50c91fa5364ff93eb9e3fa477fe25f6b99f618e4b77371029,0,,0.00000000,nulldata,,,
dab6d87e20d707b50c91fa5364ff93eb9e3fa477fe25f6b99f618e4b77371029,1,RGBGVQn3wFqjre3bjuvoF8S25jtiBUVDXB,995.13012000,pubkeyhash,,,
dabe416807c5a6b5418ba209c6d695a99a529336abfd02c8d066e9bdc8b033ef,0,,0.00000000,nulldata,,,
dabe416807c5a6b5418ba209c6d695a99a529336abfd02c8d066e9bdc8b033ef,1,REmde66BrJC5wFXV24gJsa12Lvm5gpoFjc,993.46128000,pubkeyhash,,,
dacd0519e77860d453c50afbe2eb3d876365b5605a54e740be5ef745cfa2a868,0,,0.00000000,nulldata,,,
dacd0519e77860d453c50afbe2eb3d876365b5605a54e740be5ef745cfa2a868,1,RLeBYxiUWdMM1GU38MsQxHWsXD4CU3Qj7d,994.90688000,pubkeyhash,,,
dacf2ae7a784eed0da83ef3b52e958559a8d505153eeb9027ecb49e7e41112dc,0,,0.00000000,nulldata,,,
dacf2ae7a784eed0da83ef3b52e958559a8d505153eeb9027ecb49e7e41112dc,1,RQqQqxVeFs84p3oRQDL2NVLL4MQQb8SxY4,989.46527000,pubkeyhash,,,
daf27b85755c264058db81559d607fd2db8d0041cee1c1269d70b9853885baeb,0,,0.00000000,nulldata,,,
daf27b85755c264058db81559d607fd2db8d0041cee1c1269d70b9853885baeb,1,RXiYbbuHQmHst33fusmoA8rFQqaLV6iejT,989.87619000,pubkeyhash,,,
db2be346eb8a55f1318ce9a4f0a2c913de146cae5d74f1b72dcc97ae4905c340,0,,0.00000000,nulldata,,,
db2be346eb8a55f1318ce9a4f0a2c913de146cae5d74f1b72dcc97ae4905c340,1,RM4io8Xdkag4nYqbyHBiAoSNZwr4KBM5Zo,993.11091000,pubkeyhash,,,
db507594e58ba6fffc4dda4e7e209bb83fa1a678ea35ea762c346be727bd44ef,0,,0.00000000,nulldata,,,
db507594e58ba6fffc4dda4e7e209bb83fa1a678ea35ea762c346be727bd44ef,1,RTr84MhGXCq5b7BNmtThreXfy8jFNqLSiG,994.48736000,pubkeyhash,,,
db8e7129fe3879620e3c33f6976f1c3db22679aad72710fbe15731ba9ab85beb,0,,0.00000000,nulldata,,,
db8e7129fe3879620e3c33f6976f1c3db22679aad72710fbe15731ba9ab85beb,1,RXEYEEFbtFrDsZ947kFEWj4jdRQek6i1xh,990.06387000,pubkeyhash,,,
dbc8715cf99388360e79882e525c2dd424d71d9a17495382b69f6b5a7abc75c3,0,,0.00000000,nulldata,,,
dbc8715cf99388360e79882e525c2dd424d71d9a17495382b69f6b5a7abc75c3,1,RWVFvh9BQZdga1QBgGUcfJeQwe6cdWomeB,995.35888000,pubkeyhash,,,
dc0c1c7ca303e5a64559f69db2c3593afef728149dd016b1293852575b3903a0,0,,0.00000000,nulldata,,,
dc0c1c7ca303e5a64559f69db2c3593afef728149dd016b1293852575b3903a0,1,RX9uV1YdN3z9LpYQZpS3oXcb8FiUzUkfFW,991.23687000,pubkeyhash,,,
dc543db6c72047618f8d04983f7eed84bc3ba4f40c4966f2fcf3300259c16da3,0,RLfjfzeQgKRvN34SbxKzThtf5HgLfVVuvZ,34.00376667,pubkeyhash,,,
dc543db6c72047618f8d04983f7eed84bc3ba4f40c4966f2fcf3300259c16da3,1,RX1r2eyM1UW7y2xHcrTejDfyCUk1yBmz4i,306.12591315,pubkeyhash,,,
dc781994c99674b951477caadc6039596fa8a80e08a7222210aa79a82841b4fb,0,RMAonu93LpFAv8qYsG6c32pwHd2koqiUZC,882.85826508,pubkeyhash,,,
dc781994c99674b951477caadc6039596fa8a80e08a7222210aa79a82841b4fb,1,RXeWHY3Y498CRkitgj48ERbgx6ZrCxysYk,258.19101837,pubkeyhash,,,
dc87b572dda56adc26b353d7f9d253600485ed1c63c72dd8cde657d5147e3746,0,,0.00000000,nulldata,,,
dc87b572dda56adc26b353d7f9d253600485ed1c63c72dd8cde657d5147e3746,1,RGTiv1CU1dgkn7jmsWztL9SZvxFdNDUC7j,988.87739000,pubkeyhash,,,
dc9786236e1003960eb9fd43cb6bc5bfe2ceee777d5eaf80dd0c5ca858fa8f47,0,,0.00000000,nulldata,,,
dc9786236e1003960eb9fd43cb6bc5bfe2ceee777d5eaf80dd0c5ca858fa8f47,1,RYC2tdb45e3s4ViPxCT9ZSTmkREE1dV5LZ,990.54963000,pubkeyhash,,,
dca26a168fbd124ffdd9547c1ae1bd64b9ee28ead36bb7f89205b13c4325ffc8,0,,0.00000000,nulldata,,,
dca26a168fbd124ffdd9547c1ae1bd64b9ee28ead36bb7f89205b13c4325ffc8,1,RFXuy76FgQa7RfHF21yMEfSrAx6w76g5zz,994.58396000,pubkeyhash,,,
dca40267026dbc9a945a11775b9d040fb1b83c0d8e769f4106bbc1c6315a9682,0,RRT3v8uKazr662SdurzZdt5oe7MzvLDqsi,0.16737990,pubkeyhash,,,
dca40267026dbc9a945a11775b9d040fb1b83c0d8e769f4106bbc1c6315a9682,1,RRT3v8uKazr662SdurzZdt5oe7MzvLDqsi,95.58441728,pubkeyhash,,,
dcb5cc163088171e4cf126160f5e7463724417cee3a57290eb60c2f01f7f6916,0,,0.00000000,nulldata,,,
dcb5cc163088171e4cf126160f5e7463724417cee3a57290eb60c2f01f7f6916,1,RYKgSFHP2LKUzKGKQa7WUXx9h2BUcEpoNE,995.13564000,pubkeyhash,,,
dcdf8466af4e212d817080642225d75c79a7514e43de90c3aade7ab24df49c49,0,,0.00000000,nulldata,,,
dcdf8466af4e212d817080642225d75c79a7514e43de90c3aade7ab24df49c49,1,RB7raBzDTvBReU4uZBfMXfN8KSZkwf5DKj,992.34363000,pubkeyhash,,,
dcf2baea026c26faff07aaac9a55c283b259208ce781b0264c62f3cd40c09e0e,0,,0.00000000,nulldata,,,
dcf2baea026c26faff07aaac9a55c283b259208ce781b0264c62f3cd40c09e0e,1,RPB9JBkXHpoftynDMbFjaGjxc4HE2acU1P,989.90655000,pubkeyhash,,,
dcf72c04e2aa6875a26ee3ac31d3dcde20898ce8acde0e115cf59cad0e6ba65f,0,,0.00000000,nulldata,,,
dcf72c04e2aa6875a26ee3ac31d3dcde20898ce8acde0e115cf59cad0e6ba65f,1,RXCtd1i3KZt1xgfZYMp9EURCr217b6p4k5,993.39780000,pubkeyhash,,,
dd28c61a828cd30b79bd1497ba014b19d1be49495a05fafd207c18e7dfc19289,0,,0.00000000,nulldata,,,
dd28c61a828cd30b79bd1497ba014b19d1be49495a05fafd207c18e7dfc19289,1,RUi8tEtNCQvwfhnSfaSfUNknLaZJywg7iD,991.61499000,pubkeyhash,,,
dd28cd1f2a3d9f0d77d6439a8f9e84f83751e4377fb7a135c0ef267e394e4ada,0,,0.00000000,nulldata,,,
dd28cd1f2a3d9f0d77d6439a8f9e84f83751e4377fb7a135c0ef267e394e4ada,1,RHr68AmxkZdJTofR4wZhWbJnsCyfyV16vF,990.93603000,pubkeyhash,,,
dd33ac038412d06a8dadb63c174556cb1a7a4a0e7f33735e65482fb0042adb31,0,,0.00000000,nulldata,,,
dd33ac038412d06a8dadb63c174556cb1a7a4a0e7f33735e65482fb0042adb31,1,RFFQ5hDk3LNxxD1b8h8pqUDHTnA8FUvwiQ,992.71899000,pubkeyhash,,,
dd571c16ad1fdb0509ff86acc5925f3c1cc514ba19327e5782aca8b48b4c46c1,0,,0.00000000,nulldata,,,
dd571c16ad1fdb0509ff86acc5925f3c1cc514ba19327e5782aca8b48b4c46c1,1,RC5AQbsLZdAhdKJBhVrEqP2opzvSmicqfB,989.04023000,pubkeyhash,,,
dd5d30dfe39d3df2ce3728d7a08e782f38ec955d7de6b250c03f3b2e4c15b056,0,,0.00000000,nulldata,,,
dd5d30dfe39d3df2ce3728d7a08e782f38ec955d7de6b250c03f3b2e4c15b056,1,RVHimXrQL6HXVQsj4FX6rGTVPApubwJPQj,989.58395000,pubkeyhash,,,
dd714c04edd1feff98213360a12a6cf233bec79ed9848508e07c4ef8a8ec58c8,0,,0.00000000,nulldata,,,
dd714c04edd1feff98213360a12a6cf233bec79ed9848508e07c4ef8a8ec58c8,1,RGxhGqtVhp24BP3S3Z2J15gaPM24pxZqts,991.91583000,pubkeyhash,,,
dd78e5e69140b9ee321572c58403d97291faf4f6c9354ea1beae142d25da5ef0,0,,0.00000000,nulldata,,,
dd78e5e69140b9ee321572c58403d97291faf4f6c9354ea1beae142d25da5ef0,1,RMNnLXbEKPbqxum86EBpdKLbkB1vg94KVL,993.21303000,pubkeyhash,,,
dd8f3c17c3a17e65fde7caec840228b4609ab568b8491e54337d16b3368336a5,0,,0.00000000,nulldata,,,
dd8f3c17c3a17e65fde7caec840228b4609ab568b8491e54337d16b3368336a5,1,RGziDrFCqSrLo52F86XxAaRsbjHKS3KLc8,991.37487000,pubkeyhash,,,
dd9f5c650b339695c80cab53ea7ad04d11c40b7e8e0eb925887b5eabaeb2268e,0,,0.00000000,nulldata,,,
dd9f5c650b339695c80cab53ea7ad04d11c40b7e8e0eb925887b5eabaeb2268e,1,RQXPuxfxcb5gEmG19x8nJDDM1KGukJJnht,993.08883000,pubkeyhash,,,
ddb2d0b6cd5ae02bf97218f0469b9fb3bcb443e4af7a81d123bcfed23ca19f6a,0,,0.00000000,nulldata,,,
ddb2d0b6cd5ae02bf97218f0469b9fb3bcb443e4af7a81d123bcfed23ca19f6a,1,RCCGdTBcVviyWUEH55xHqDwJUQ8ZedbWMR,991.02711000,pubkeyhash,,,
ddbdf1a2dccc11179c55eb83c6d7276f4b32dd58516d559922cfba38cba6e237,0,,0.00000000,nulldata,,,
ddbdf1a2dccc11179c55eb83c6d7276f4b32dd58516d559922cfba38cba6e237,1,RTwGxPxv55iNfWz7zcVWGjmxwJhJU93W8H,988.96847000,pubkeyhash,,,
ddc96f057af210d24c264e4af9cfe55db8751eb3d6d645ebbc0fdfe8d1df904d,0,,0.00000000,nulldata,,,
ddc96f057af210d24c264e4af9cfe55db8751eb3d6d645ebbc0fdfe8d1df904d,1,RB84hcpxGVwnCtMHgSxJCaevLMLM2mW5bM,993.01155000,pubkeyhash,,,
ddcdacf653d88e4ede8c1b49974f58000c56d3036dec81b46c0945a87a453780,0,,0.00000000,nulldata,,,
ddcdacf653d88e4ede8c1b49974f58000c56d3036dec81b46c0945a87a453780,1,RMCiZTqp5Dsh7LG3wfBtF1WFrGLPXTwFiM,988.94915000,pubkeyhash,,,
dddae7d9bcd89117c800eb2586b516b4024ea41eaa8b8b98330aef56e43311bb,0,RX1r2eyM1UW7y2xHcrTejDfyCUk1yBmz4i,306.54007024,pubkeyhash,,,
dddae7d9bcd89117c800eb2586b516b4024ea41eaa8b8b98330aef56e43311bb,1,RTeW839WP9RDT1JcuG2pYRDwh5MAD51bUw,34.04967939,pubkeyhash,,,
ddf48dcd308d185f89da7b61559ef97f98a07f478ebbd745c5d6b93615a2e0d2,0,RX1r2eyM1UW7y2xHcrTejDfyCUk1yBmz4i,306.24979682,pubkeyhash,,,
ddf48dcd308d185f89da7b61559ef97f98a07f478ebbd745c5d6b93615a2e0d2,1,RX7L9sUcMwDQnntuS1vhJzijbHz5MBNGSh,0.00831093,pubkeyhash,,,
ddf59151e0d2aae7e69827b471bb304289617ce1e53c06d4e18c8f85391cdf1f,0,,0.00000000,nulldata,,,
ddf59151e0d2aae7e69827b471bb304289617ce1e53c06d4e18c8f85391cdf1f,1,RPXDQqxyp148iZ6cavWWLvVXz16yHYtuuK,993.50544000,pubkeyhash,,,
ddfc6e376fd5727db6396cf4e4e4c654e73bcc16a23302fbd3ba502c3edb6f0b,0,,0.00000000,nulldata,,,
ddfc6e376fd5727db6396cf4e4e4c654e73bcc16a23302fbd3ba502c3edb6f0b,1,RDCVrDJU4hLJ7TuW48CtzFrYNgNFfYgQx6,989.92587000,pubkeyhash,,,
de06e95bc4dea6a57a27d825c0c6921c90ec6ec087e78e2fa187515f3e41282c,0,,0.00000000,nulldata,,,
de06e95bc4dea6a57a27d825c0c6921c90ec6ec087e78e2fa187515f3e41282c,1,RB2zDixa3gmjXCTwF62Lu7yoaJkPz53ZM5,994.11816000,pubkeyhash,,,
de39fb8f75f85206116607317d8ef88244db57afe9c23afd57479024ff31b9df,0,RXe7HeRtqCnA6aTXAwckgih6ckyunAPZC1,34.03308968,pubkeyhash,,,
de39fb8f75f85206116607317d8ef88244db57afe9c23afd57479024ff31b9df,1,RX1r2eyM1UW7y2xHcrTejDfyCUk1yBmz4i,306.39073878,pubkeyhash,,,
de45ba1c76c91851ce3da5b8da1e6a985abacdcea1a4934f339cddb87ace350e,0,,0.00000000,nulldata,,,
de45ba1c76c91851ce3da5b8da1e6a985abacdcea1a4934f339cddb87ace350e,1,RMovdvuiYzNY4EvhsXKgdPV65iSsrw5a4G,991.95171000,pubkeyhash,,,
de510d7478ac5aec22369e7d3625192e017a14c069b25f19996bf40083267fa3,0,,0.00000000,nulldata,,,
de510d7478ac5aec22369e7d3625192e017a14c069b25f19996bf40083267fa3,1,RS48JjugVJfDJ2QEmiot9uWPqAgktn697E,989.30243000,pubkeyhash,,,
de5bb22aba84b406281c189b8077835eeb93227588b354d9d1502bd0d00e3f9e,0,,0.00000000,nulldata,,,
de5bb22aba84b406281c189b8077835eeb93227588b354d9d1502bd0d00e3f9e,1,RJzdHXWFPaPSEx8vtMcYfM36TNLSiwaqDB,990.49167000,pubkeyhash,,,
de5bcb029591a4c0a159fa6c3d58dc06063133d8ca6fbae00fda5e1279b52abf,0,,0.00000000,nulldata,,,
de5bcb029591a4c0a159fa6c3d58dc06063133d8ca6fbae00fda5e1279b52abf,1,RSRtdry19kw3yMMradDxXf36iSzP1H7RDb,993.26271000,pubkeyhash,,,
de710fc361f2e47025eb4178853f5a9829445c28b98f42b02c12e6318306ea92,0,,0.00000000,nulldata,,,
de710fc361f2e47025eb4178853f5a9829445c28b98f42b02c12e6318306ea92,1,RGTnZ2hncER7qPkfurV7A8YqEyBZ87tt65,993.82008000,pubkeyhash,,,
de72921e3e4f1b07f6d445cc56d542e64c1e38726875360f2a6a225749ac98e6,0,,0.00000000,nulldata,,,
de72921e3e4f1b07f6d445cc56d542e64c1e38726875360f2a6a225749ac98e6,1,RU1P8yvjcxZ8Uo5qvq9pgi51NaPu9WkNhR,991.99035000,pubkeyhash,,,
de72929369b8aaeb32022f1dfd168abf8974f7e345071316d5e241298c4aaea2,0,,0.00000000,nulldata,,,
de72929369b8aaeb32022f1dfd168abf8974f7e345071316d5e241298c4aaea2,1,RFiYVHhMW7qULhQpBNy7KZRacp9YG8vSHX,994.95932000,pubkeyhash,,,
de8d7beeef991adffbe940677c1ac45f9065792f94a87ec4c67296b6887f7df4,0,RY97dRM1xnG7ZbwX72mBDdxKBZH1wvLTHA,34.03761336,pubkeyhash,,,
de8d7beeef991adffbe940677c1ac45f9065792f94a87ec4c67296b6887f7df4,1,RX1r2eyM1UW7y2xHcrTejDfyCUk1yBmz4i,306.43145518,pubkeyhash,,,
de92c387996bdc9abbff0c4dbfc8741bb84bca862971427b2cf55a9032b977a9,0,,0.00000000,nulldata,,,
de92c387996bdc9abbff0c4dbfc8741bb84bca862971427b2cf55a9032b977a9,1,RAvdkeRHZ75cCzRX7Ag42MXwn3mNfh3Waj,994.93724000,pubkeyhash,,,
de9e5c6ebfea47b4af76012c4cf00e9acb950ad97722c4b3f8994cdd1a010d3e,0,,0.00000000,nulldata,,,
de9e5c6ebfea47b4af76012c4cf00e9acb950ad97722c4b3f8994cdd1a010d3e,1,RFnX19Aov3dmFYBEdprDwqswreptJoyMx8,995.09976000,pubkeyhash,,,
dec4f5645a4d11d81342cad89872175e448925a5c5bc29f2ae52055b6cf060e1,0,,0.00000000,nulldata,,,
dec4f5645a4d11d81342cad89872175e448925a5c5bc29f2ae52055b6cf060e1,1,RUXtMFNjQYgbzAU6oVmwhX7RxcJW6VUkqe,993.26547000,pubkeyhash,,,
dec95b7a40f1b739b8703dcc3650c23c731eb8ecb72f86a25ed813c9fa5fd3d5,0,,0.00000000,nulldata,,,
dec95b7a40f1b739b8703dcc3650c23c731eb8ecb72f86a25ed813c9fa5fd3d5,1,RH7UD6afzG2FWdEYfbzhr8h3LvUWtZQ4h1,994.19544000,pubkeyhash,,,
decba65cd74990fe71a2ee1d257b9341c5357958c1b34f712d140dbfa4dc1c8c,0,,0.00000000,nulldata,,,
decba65cd74990fe71a2ee1d257b9341c5357958c1b34f712d140dbfa4dc1c8c,1,RVEW9XZj3iDtFHrVKF5n4YVMvKLpEhjR9g,993.54132000,pubkeyhash,,,
ded8bedf918acd28e3bd4c5b5e030c03152ecff329f02c3d048cf76d6649eba0,0,,0.00000000,nulldata,,,
ded8bedf918acd28e3bd4c5b5e030c03152ecff329f02c3d048cf76d6649eba0,1,RMLVoY63jLnRo1oX3aT92pH6ZCHpx8P5bs,991.59015000,pubkeyhash,,,
dee4b06a879b0012611f535657db158c2a871edee4c969291f9245e1ea9d0d88,0,,0.00000000,nulldata,,,
dee4b06a879b0012611f535657db158c2a871edee4c969291f9245e1ea9d0d88,1,RTNdEawWVJpHtnKp7g2MNATonjyHHmWisz,991.97379000,pubkeyhash,,,
deea243c893672106211d184293c9e79e85962518b69e06dd56f81c19aac7b00,0,,0.00000000,nulldata,,,
deea243c893672106211d184293c9e79e85962518b69e06dd56f81c19aac7b00,1,RLRLLbmJWseHqf1rVWG4Q9dRvQZ1LTBDxu,993.12195000,pubkeyhash,,,
df0cb345363052ee1cbc7583e913d939b0046b179a02b3b4a4dde87640dee397,0,,0.00000000,nulldata,,,
df0cb345363052ee1cbc7583e913d939b0046b179a02b3b4a4dde87640dee397,1,RVMrR3Xdkews97PvSEcv2mUpxCFQnJ376Z,989.42387000,pubkeyhash,,,
df0e5b14b2867f6152e3f770c68512101af23d477ad6c5db115782933adf21b9,0,,0.00000000,nulldata,,,
df0e5b14b2867f6152e3f770c68512101af23d477ad6c5db115782933adf21b9,1,RB3qaV5D3UcCW171mCdor4M8WV5q1ejugc,989.12579000,pubkeyhash,,,
df1a72c6a823b51827513bf74f25a5a9156459abb1fd45e77da7026b291a6499,0,,0.00000000,nulldata,,,
df1a72c6a823b51827513bf74f25a5a9156459abb1fd45e77da7026b291a6499,1,RPYMSGn1sQ5T41crdf9euF5BsatoHjRZWg,989.45423000,pubkeyhash,,,
df2e3e431c7c27b1f87ce228167aa68c93bef6eb1b6371e46647d41d67196736,0,,0.00000000,nulldata,,,
df2e3e431c7c27b1f87ce228167aa68c93bef6eb1b6371e46647d41d67196736,1,RQPrd86HS7QZ5faWFAJ2NTbrix4kJoZine,989.50667000,pubkeyhash,,,
df5b8b6754edd76971660ce2f32f2879dd064a5ddd0e5e8168666848108acf20,0,RHVP3Cs4W5UygTPBBvswkEvnhcZVU3MppL,34.00602897,pubkeyhash,,,
df5b8b6754edd76971660ce2f32f2879dd064a5ddd0e5e8168666848108acf20,1,RX1r2eyM1UW7y2xHcrTejDfyCUk1yBmz4i,306.14625926,pubkeyhash,,,
df5f5613c320195198955a0e38a49a1c21224b65d26bd23eecca504434d6d9e3,0,,0.00000000,nulldata,,,
df5f5613c320195198955a0e38a49a1c21224b65d26bd23eecca504434d6d9e3,1,RVREVVMyxP6mzmrGiBh7gsqsxSnpKGSWBh,994.16232000,pubkeyhash,,,
df675e2692e41a985ebd0df32bd20118b39b981630d1b62ce5ae6dc21da4bf0f,0,,0.00000000,nulldata,,,
df675e2692e41a985ebd0df32bd20118b39b981630d1b62ce5ae6dc21da4bf0f,1,RX587mF5kGBKp7GDb1FLmrLTQ1CV3YG7um,992.83215000,pubkeyhash,,,
df8a742b8846818810b50aa2a679f93ed5a79595c67eecb1a75a0a2547234729,0,,0.00000000,nulldata,,,
df8a742b8846818810b50aa2a679f93ed5a79595c67eecb1a75a0a2547234729,1,RKJrdDLDdBx2GvxPTwEJRgGrbgbNaZBm1P,994.06848000,pubkeyhash,,,
df9217e79ac4b8fb27b42065372ea8d14e65d1f188adcb0e2132308fac960111,0,,0.00000000,nulldata,,,
df9217e79ac4b8fb27b42065372ea8d14e65d1f188adcb0e2132308fac960111,1,RLsX6nbQz4HPaRRPxaB1KtrgNQue1GpKuF,993.87804000,pubkeyhash,,,
dfb682e5685b3e06a135eb0a3960021b893f950bef347d7f534af975c08ce58e,0,,0.00000000,nulldata,,,
dfb682e5685b3e06a135eb0a3960021b893f950bef347d7f534af975c08ce58e,1,RQsPGJkhcFeWVyeWew7RGoPqTPi9aWPkkL,989.51495000,pubkeyhash,,,
dfdd85404dbd1294ea928caeac7f4e1c74a2bef3abda113dea26545d7a3bacd9,0,,0.00000000,nulldata,,,
dfdd85404dbd1294ea928caeac7f4e1c74a2bef3abda113dea26545d7a3bacd9,1,RSnRj2w48TmDBnnoUFPBYzb6jC37LqUDpr,990.57171000,pubkeyhash,,,
dfea35b5c0f8d442cc1af150734f4de91b61373ae8ed97ec444c48f111dadd3d,0,,0.00000000,nulldata,,,
dfea35b5c0f8d442cc1af150734f4de91b61373ae8ed97ec444c48f111dadd3d,1,RJkKaftzcVfuzcsAy61jLwpWgFPSUrViiF,990.85047000,pubkeyhash,,,
e0059fcdb15fb010f82293cdc71451489f1afd4db8cfd9d32a3ca5a34d4cf4e2,0,,0.00000000,nulldata,,,
e0059fcdb15fb010f82293cdc71451489f1afd4db8cfd9d32a3ca5a34d4cf4e2,1,RJCdAeJLskk5jg53N3BFMZ6kwadLqrnbQy,993.49440000,pubkeyhash,,,
e01c1bd5bda230f697c11e9ff7d020ec0df2787ab1acb498167213f973f01e15,0,,0.00000000,nulldata,,,
e01c1bd5bda230f697c11e9ff7d020ec0df2787ab1acb498167213f973f01e15,1,REMqoLQB4vbZ78LotpaLg8MReLbr7sPBQe,990.47787000,pubkeyhash,,,
e021a997be48bcdc75adb4fa0773d0d44f9e1a7d75674eefea08f457ff78e889,0,,0.00000000,nulldata,,,
e021a997be48bcdc75adb4fa0773d0d44f9e1a7d75674eefea08f457ff78e889,1,RMyKfWETgZbHLSrWeLowbonCTos5gbMEZk,988.99055000,pubkeyhash,,,
e0a2d91e9642ee60e5b49c0b5f524ddf0ab0b621c66e3b4c5eb6e60a21fdf206,0,,0.00000000,nulldata,,,
e0a2d91e9642ee60e5b49c0b5f524ddf0ab0b621c66e3b4c5eb6e60a21fdf206,1,R9miMGUjL9e2NUiUH1hrWH5zeihvV5jdqJ,994.22028000,pubkeyhash,,,
e0ad169b0b74786dea81c7b6ffe247f5ecb5cd22a37082c7703f84fe5ecc94df,0,,0.00000000,nulldata,,,
e0ad169b0b74786dea81c7b6ffe247f5ecb5cd22a37082c7703f84fe5ecc94df,1,RHeTtvQP1uUc6i4ZRngq7B3KhiwtD1JGX9,989.79339000,pubkeyhash,,,
e10be3f9a2aecc0fe31c8f94f656fac0d27809cb8866915c91aa73301c2395cf,0,,0.00000000,nulldata,,,
e10be3f9a2aecc0fe31c8f94f656fac0d27809cb8866915c91aa73301c2395cf,1,RLdzfDjmrTLK1rqMSytzDhupg8ufRY6P8Y,992.19183000,pubkeyhash,,,
e111bc1852d89b9318193b34ebbe087248d4cf3f78b1bf2f52154595556ebaf0,0,,0.00000000,nulldata,,,
e111bc1852d89b9318193b34ebbe087248d4cf3f78b1bf2f52154595556ebaf0,1,RPDzCgfXrQvDHuAt1xt9pLDLzyCmsNsvKq,989.54807000,pubkeyhash,,,
e123c1e3dabe65f6aba8d22c99c9d4e585d2a7a7d1ae1059b3f9c164c67f6e57,0,,0.00000000,nulldata,,,
e123c1e3dabe65f6aba8d22c99c9d4e585d2a7a7d1ae1059b3f9c164c67f6e57,1,RB1EA53uPxjfc5i3XGCYGpFVChqjxuLeef,993.66276000,pubkeyhash,,,
e12c06c7f92076e123de50371d587053ae14d7b85d1f7cfe2184767b56db854e,0,,0.00000000,nulldata,,,
e12c06c7f92076e123de50371d587053ae14d7b85d1f7cfe2184767b56db854e,1,RVaPPytoeMWkVLW92zjN486Jb9UGhLoYTr,994.05468000,pubkeyhash,,,
e13a343985d1810eb760d18828f432d0034b76560be477ead502f0d01c946f4a,0,,0.00000000,nulldata,,,
e13a343985d1810eb760d18828f432d0034b76560be477ead502f0d01c946f4a,1,RBDXKjnrq3JKKuDnRVRRRiHqDCoaSvWmE5,988.88291000,pubkeyhash,,,
e15e44090d95b726c6b6a217ea65699aba0ad801171aadda94c23f00aea6cdee,0,,0.00000000,nulldata,,,
e15e44090d95b726c6b6a217ea65699aba0ad801171aadda94c23f00aea6cdee,1,RTd3CPp1vFXHuHpFygFq6uGdpcPJFYfWco,992.97567000,pubkeyhash,,,
e15f51328c241ae47d35cc2f2f30f584269e6a3582514b815937a832d921d0bb,0,RX1r2eyM1UW7y2xHcrTejDfyCUk1yBmz4i,306.56723424,pubkeyhash,,,
e15f51328c241ae47d35cc2f2f30f584269e6a3582514b815937a832d921d0bb,1,RPpnbopPqh2X13RkiF6gMrPV3LVZWq85nd,34.05269730,pubkeyhash,,,
e16c0d0f74288d5cb3ed050f31d030acc45012ac315cfe7a329b1476d965308a,0,,0.00000000,nulldata,,,
e16c0d0f74288d5cb3ed050f31d030acc45012ac315cfe7a329b1476d965308a,1,RHbytyBv77CwCXBEuABRZb35nXhJRbXbM3,991.12371000,pubkeyhash,,,
e1a793f3bb51187975a9ea99d9a7e6eeb4f4fb1fe6bdc954b040a9df72a20cc5,0,,0.00000000,nulldata,,,
e1a793f3bb51187975a9ea99d9a7e6eeb4f4fb1fe6bdc954b040a9df72a20cc5,1,R9vxyRDgE2ghSw38qxC6RGYN6wfHo2QPDa,990.74559000,pubkeyhash,,,
e1acfc6c5af4d42dc51b6c698eaa2b9bbfb9d193f402cae42e34492018ecfd1a,0,,0.00000000,nulldata,,,
e1acfc6c5af4d42dc51b6c698eaa2b9bbfb9d193f402cae42e34492018ecfd1a,1,RKyxTZLtMeohoAtwHAUiWye44mVQucnNJn,991.74471000,pubkeyhash,,,
e1aecae823bd9966d711deaf7f9775018b90ec2199aadc2358c806a49c1aba18,0,R9TQTSGo2PVguZqU49oZcos8EtVqho2NFz,34.03082808,pubkeyhash,,,
e1aecae823bd9966d711deaf7f9775018b90ec2199aadc2358c806a49c1aba18,1,RX1r2eyM1UW7y2xHcrTejDfyCUk1yBmz4i,306.37038240,pubkeyhash,,,
e1db879f96b9d2b5cf4ed11c042520f2a9f23db48228f9938b251b0d1400b0d9,0,,0.00000000,nulldata,,,
e1db879f96b9d2b5cf4ed11c042520f2a9f23db48228f9938b251b0d1400b0d9,1,RRDwZPYcxcDV75d3kHvr4eKB9fa5NsqnP5,989.15339000,pubkeyhash,,,
e1e523a5b02dda413842a2dda67defd9d40d2d14dbaf36ba09a4592e3e2458db,0,,0.00000000,nulldata,,,
e1e523a5b02dda413842a2dda67defd9d40d2d14dbaf36ba09a4592e3e2458db,1,RGxVhPd5udxE5KxAtU5a8AWFrthChATAR8,992.47059000,pubkeyhash,,,
e1f060f91534c092ba93f3183c5f816b0f7e164209695baafc592c976fb280cb,0,,0.00000000,nulldata,,,
e1f060f91534c092ba93f3183c5f816b0f7e164209695baafc592c976fb280cb,1,RA6PYNGEt2C3kX6uJgiG4Vp3ttkjZ153yD,993.51096000,pubkeyhash,,,
e1f697e3bdbe80974f8973c3f40bfb354c4f80d5f9846c9c15c9ab62967e2965,0,,0.00000000,nulldata,,,
e1f697e3bdbe80974f8973c3f40bfb354c4f80d5f9846c9c15c9ab62967e2965,1,RBj4tznGfqv2bRQM2iPSNySq4BaakgJkdY,994.15956000,pubkeyhash,,,
e20d5b1b40edc7e65269592053613cee7d5ac9b84ead051375147b2f19315448,0,,0.00000000,nulldata,,,
e20d5b1b40edc7e65269592053613cee7d5ac9b84ead051375147b2f19315448,1,RKMUkEyFt21u75CvRrJeFzxR2eDqypQZnE,991.91859000,pubkeyhash,,,
e22fc9e91f22b168f4b4a31d0443b70f7609a2b6f2798743aa8deb7a72b28059,0,RTawp15doJEMFahJrdLe4aoKGMh3J7s5ZM,20.16852881,pubkeyhash,,,
e232a5cbe9ffa415220f6e1e644a19d461fed6ddddabd18526e36e0a2d94ee81,0,,0.00000000,nulldata,,,
e232a5cbe9ffa415220f6e1e644a19d461fed6ddddabd18526e36e0a2d94ee81,1,REn4WXjMJf6oPZFZt6sZJWy8mYVkARzyed,995.34232000,pubkeyhash,,,
e256ff3f25e10753898fd5ce2672fbc692d8bf98396fe1b8300e2787f8b5ac54,0,,0.00000000,nulldata,,,
e256ff3f25e10753898fd5ce2672fbc692d8bf98396fe1b8300e2787f8b5ac54,1,RLHsDoFyYE3MQaV4EGXngjNBKrvAeWSjot,989.65019000,pubkeyhash,,,
e27601ab7e1f025f59d1149f2b0031f5f798d9f405275053f35977ca09952827,0,,0.00000000,nulldata,,,
e27601ab7e1f025f59d1149f2b0031f5f798d9f405275053f35977ca09952827,1,RKPJE1A9sSpGvQJ7QhE39vCs2vxwrnNWT1,991.42179000,pubkeyhash,,,
e27d491b61d11c73b118ba8a029c101c59d86fad239142906a42204f4bebf781,0,,0.00000000,nulldata,,,
e27d491b61d11c73b118ba8a029c101c59d86fad239142906a42204f4bebf781,1,RGVHxF7DFJCmSgcbYoWv37oqM1B11Mt7xt,992.98395000,pubkeyhash,,,
e29f7bd7f9ef8f68bd8da93a4fac0a6a9f570e087e2d7ea1026dcef69a85578c,0,,0.00000000,nulldata,,,
e29f7bd7f9ef8f68bd8da93a4fac0a6a9f570e087e2d7ea1026dcef69a85578c,1,RKAq6khYyP3XrEnyWnSWTEB6xgfWgZQRRA,992.05383000,pubkeyhash,,,
e29fc4d07aee4184db0b590c6103df7755b28a34a103bc7aab05e2e126691b16,0,,0.00000000,nulldata,,,
e29fc4d07aee4184db0b590c6103df7755b28a34a103bc7aab05e2e126691b16,1,R9rwppZUTTuYNsfC3V6GJenNkYi35a6xEu,992.44023000,pubkeyhash,,,
e2a2a3eaf012c541ffdf7a829bdb159ffea9af915e0e9e2f53a455db07e15897,0,,0.00000000,nulldata,,,
e2a2a3eaf012c541ffdf7a829bdb159ffea9af915e0e9e2f53a455db07e15897,1,RXdasp9RhwkTVmd6DS3F4wvXMN7emLJzV7,992.74935000,pubkeyhash,,,
e2bdf68b2947388fb7accf781d42bdd0dbd04f9cce4dd4bcfb7e6d19ba2df7ac,0,,0.00000000,nulldata,,,
e2bdf68b2947388fb7accf781d42bdd0dbd04f9cce4dd4bcfb7e6d19ba2df7ac,1,RLyx9BpPbNfV74cML3dHCjRxgT55jHi5ch,992.94531000,pubkeyhash,,,
e2ca09baed8dccc3d44ad37748b0004c5930bb37eabe65a32ceddb61a2287c88,0,,0.00000000,nulldata,,,
e2ca09baed8dccc3d44ad37748b0004c5930bb37eabe65a32ceddb61a2287c88,1,R9q8nYkPyGmThrCScP2XPQzj3U89aHX7ia,993.09987000,pubkeyhash,,,
e2e4ff7a24a72a01a25260498c10aafb62386c1b6ecc6d1f3dc868549eab4f3f,0,,0.00000000,nulldata,,,
e2e4ff7a24a72a01a25260498c10aafb62386c1b6ecc6d1f3dc868549eab4f3f,1,RENf67ScuzFF5fWunczKXwtfgTKH3xCpRo,991.75023000,pubkeyhash,,,
e2ec991bc3f0e96be3c4dc3aa42b7fb6ad3297f9a0abd5dca65da7d9a8b949aa,0,RX1r2eyM1UW7y2xHcrTejDfyCUk1yBmz4i,306.31271401,pubkeyhash,,,
e2ec991bc3f0e96be3c4dc3aa42b7fb6ad3297f9a0abd5dca65da7d9a8b949aa,1,RCm6BMRY9EJWuvV1jZ5RpJ7y6t7TTcMrx2,34.02442113,pubkeyhash,,,
e2fc30cf1df1f61911151ac6eaefb2ccff80ba961d7682a053b7458d5ee7c0cd,0,,0.00000000,nulldata,,,
e2fc30cf1df1f61911151ac6eaefb2ccff80ba961d7682a053b7458d5ee7c0cd,1,RSeHJMMSSbg8LtGXD3paxinHreQE9vJKwd,988.97675000,pubkeyhash,,,
e30a1c4af409b3c62bada3e3219754762cafc83be835a8389f59fb4e72e1866a,0,,0.00000000,nulldata,,,
e30a1c4af409b3c62bada3e3219754762cafc83be835a8389f59fb4e72e1866a,1,RVoLBZDLQHTFGJFKDrM91pQ3jEJ5PDRXnG,993.97740000,pubkeyhash,,,
e31024bb1bcf708c2317cfee7c3fc6cae3c0a5ffd564d3b267c0480daffe0e69,0,,0.00000000,nulldata,,,
e31024bb1bcf708c2317cfee7c3fc6cae3c0a5ffd564d3b267c0480daffe0e69,1,RMcus4KeUigsQPS4RPue1z3wJ56RiNPqYX,994.01880000,pubkeyhash,,,
e3264c0f1ae6b21d8a2b303ac6381f0f816545d2a1fdcc05adfdc2a117414e6d,0,,0.00000000,nulldata,,,
e3264c0f1ae6b21d8a2b303ac6381f0f816545d2a1fdcc05adfdc2a117414e6d,1,RGxPeRTHvzR78Z8BsTYuQAYCWwGnjjmK2Y,994.90964000,pubkeyhash,,,
e329d695ddb71d41717ee3d5d43e7db545a55381862d63abf606f1131189bbce,0,,0.00000000,nulldata,,,
e329d695ddb71d41717ee3d5d43e7db545a55381862d63abf606f1131189bbce,1,RMLQMP4LihUe6TmPcHa6JsCiq3gSQa37k1,992.54511000,pubkeyhash,,,
e32ba1b384f7e1b76bcf3f9fe14c578a8cc222bdfc4f748fe11ea567d92ce710,0,RBUvYBuSogRqRKbeCMrgWvMTwSTKvaxgsG,34.04515337,pubkeyhash,,,
e32ba1b384f7e1b76bcf3f9fe14c578a8cc222bdfc4f748fe11ea567d92ce710,1,RX1r2eyM1UW7y2xHcrTejDfyCUk1yBmz4i,306.49933089,pubkeyhash,,,
e32ceb2d57cd4d51f40df4d93b54e564f6b3021c43f55aa9134494fd71f7c629,0,,0.00000000,nulldata,,,
e32ceb2d57cd4d51f40df4d93b54e564f6b3021c43f55aa9134494fd71f7c629,1,RNwnwmGdhh7po2dHkYU1dn9VnE4LbB2Tqk,992.18631000,pubkeyhash,,,
e350b116e972656633c0b00d146817fdf19945d2ec5d9b56e2a8998d6135525c,0,,0.00000000,nulldata,,,
e350b116e972656633c0b00d146817fdf19945d2ec5d9b56e2a8998d6135525c,1,RNrPTQKfDQePnVVurSHYeHoYwzzpvzCBDr,988.96019000,pubkeyhash,,,
e35fce1b3ec88af14aeef439274a80e18da26326cb3abee1e71aac6016e067f5,0,,0.00000000,nulldata,,,
e35fce1b3ec88af14aeef439274a80e18da26326cb3abee1e71aac6016e067f5,1,RSDvQ9CA8gEcrtUnJr2MoTC7V4u1UXiFxT,990.48063000,pubkeyhash,,,
e3606a83a7c57f9d93abed599834162bf85bc74a529c766b4470f5aeac4a93b9,0,,0.00000000,nulldata,,,
e3606a83a7c57f9d93abed599834162bf85bc74a529c766b4470f5aeac4a93b9,1,RTCz8DFn84U439wzKfR6TWqY4qG5K3gXjC,994.44872000,pubkeyhash,,,
e36a39af94064ac112d65ee3f453185461732aa9154740576692416c777fb4a4,0,,0.00000000,nulldata,,,
e36a39af94064ac112d65ee3f453185461732aa9154740576692416c777fb4a4,1,RYEVJM8gQFsKHotVunHQDyR1Qr1GGLJFkJ,995.04180000,pubkeyhash,,,
e39785be3b7233efc2d2c861eeb49d6414acb705226d53242db052ad81501181,0,,0.00000000,nulldata,,,
e39785be3b7233efc2d2c861eeb49d6414acb705226d53242db052ad81501181,1,RV1rtsT3yAhJ4ct9gff7s4HNLkgcg2xBTo,993.33999000,pubkeyhash,,,
e3c877299e645683b620a132c823fdf6811e0a59eeb0851c24e75c527cc247b9,0,,0.00000000,nulldata,,,
e3c877299e645683b620a132c823fdf6811e0a59eeb0851c24e75c527cc247b9,1,RPQ1RaS3UVzGaBZg8zYpwQzehYVsmGH5Yd,991.12647000,pubkeyhash,,,
e3dd69465d2c3a20e9955fe72038e4a804dd32c3f3ddef2f30a67887e34aafc0,0,,0.00000000,nulldata,,,
e3dd69465d2c3a20e9955fe72038e4a804dd32c3f3ddef2f30a67887e34aafc0,1,RYFGdJczAmBVzGAn7GH5w59UwTudUwEWS7,989.26931000,pubkeyhash,,,
e3e5d04a255fea215cd94c6b2b2a962246071bd447f804c39576899c33ac69cc,0,,0.00000000,nulldata,,,
e3e5d04a255fea215cd94c6b2b2a962246071bd447f804c39576899c33ac69cc,1,RV4FkjtJyy5o17T1oShW6ss6cZLDoNdjrk,992.54235000,pubkeyhash,,,
e3f2d4c24a793a9bcfcf5d65797c51369b22ad6278b1b3a1884314f807ea25b5,0,,0.00000000,nulldata,,,
e3f2d4c24a793a9bcfcf5d65797c51369b22ad6278b1b3a1884314f807ea25b5,1,RPzXX39p9YUFh7KKbHdsRQEUAvr6mgd8Lx,995.05560000,pubkeyhash,,,
e3feda97a11752ef416bdd630c63d19b8435febf687e98b3ae11b7677b012947,0,,0.00000000,nulldata,,,
e3feda97a11752ef416bdd630c63d19b8435febf687e98b3ae11b7677b012947,1,RPg8HMAiCkhwv1Ae6t3CktixgQVP8pry3h,994.73852000,pubkeyhash,,,
e4388534df63ee8044d9ec8d5e3e02f89e6a64e3498d5480de6b7ce07c466541,0,,0.00000000,nulldata,,,
e4388534df63ee8044d9ec8d5e3e02f89e6a64e3498d5480de6b7ce07c466541,1,RLL5r8SYGbdbX5NnC3kJaUWaE5yBvJfyyc,993.37311000,pubkeyhash,,,
e43d8a7d6ad3ceb6592d6db095d224701ccf1a1c7d48f82f6368883999152c7b,0,,0.00000000,nulldata,,,
e43d8a7d6ad3ceb6592d6db095d224701ccf1a1c7d48f82f6368883999152c7b,1,RAf7vVUDg52d8DtRq8NeHZJSL3MsN62pG5,995.28160000,pubkeyhash,,,
e4435fe5f345183003458fbf4b9d6bf2501a33ea5035cc1efeb95278e121bbf6,0,,0.00000000,nulldata,,,
e4435fe5f345183003458fbf4b9d6bf2501a33ea5035cc1efeb95278e121bbf6,1,RQtK6GNwn9iymnufXNTqAaWYMNyiJdDjqo,989.52875000,pubkeyhash,,,
e4484901992cdf7db7d57ebb6ef72ba936979550acd08095af0847275ecf5ecc,0,,0.00000000,nulldata,,,
e4484901992cdf7db7d57ebb6ef72ba936979550acd08095af0847275ecf5ecc,1,RGN2ytm79yirDLtsLPfMg3TFcyEEgDCJH5,988.88843000,pubkeyhash,,,
e448d211f4c07baa08e2cc6bfc92c780905e2c5a4fed06f3d03cfb9f42b11567,0,,0.00000000,nulldata,,,
e448d211f4c07baa08e2cc6bfc92c780905e2c5a4fed06f3d03cfb9f42b11567,1,RRX4AAYe2cVQyuHWeNdaBsZRZhiJ9vtWXv,990.17979000,pubkeyhash,,,
e4570c1d691aba49bfe304321af43ac97549cfb8304ba04f7839b4d3555b3e17,0,,0.00000000,nulldata,,,
e4570c1d691aba49bfe304321af43ac97549cfb8304ba04f7839b4d3555b3e17,1,REJa35GZvzd4crL9CTDDCWbi6i45DAz48Y,993.47232000,pubkeyhash,,,
e45b3d6a4d35f88a1c88f5484b2d8e338a3e65fbce2f2da9934729bb59777f73,0,,0.00000000,nulldata,,,
e45b3d6a4d35f88a1c88f5484b2d8e338a3e65fbce2f2da9934729bb59777f73,1,RUGXxBCiLwgfyzNQrim47qSDiE6sqT1Pep,990.29571000,pubkeyhash,,,
e47184ab2e02e2b56aeba2ced9b7b88cf3a3ca25ca03664af1ea7061869be580,0,,0.00000000,nulldata,,,
e47184ab2e02e2b56aeba2ced9b7b88cf3a3ca25ca03664af1ea7061869be580,1,RLUcXXGtRH3nS3TFRUjDgFsXi9iUTNALcg,992.13939000,pubkeyhash,,,
e486abac52a65965b74ff703e940df301dcd5744451dda5f33467c43d7e16540,0,,0.00000000,nulldata,,,
e486abac52a65965b74ff703e940df301dcd5744451dda5f33467c43d7e16540,1,RGDhqHRSAjipdXT9qNuvLfD8jvrfjkxafK,992.97843000,pubkeyhash,,,
e4de53cbf8930f28a2dfd2a6c5225901fcd2bb4c82679ab6a57237b933b6121b,0,,0.00000000,nulldata,,,
e4de53cbf8930f28a2dfd2a6c5225901fcd2bb4c82679ab6a57237b933b6121b,1,RVpygyX3DcNaSdMXajWmBsT8tBVrfXTwwY,993.12471000,pubkeyhash,,,
e4ecb9d5940b84f3fed2f4e0621fccc37d43f613131c602a32c125ab1fcacf1a,0,,0.00000000,nulldata,,,
e4ecb9d5940b84f3fed2f4e0621fccc37d43f613131c602a32c125ab1fcacf1a,1,RVBVQKUbJH7L6s5gg1skg1HQyCLj4knu85,992.89287000,pubkeyhash,,,
e4f23780db5ee1a941a8ba755f61623579c54b4b50e1fd2a6376c47eb1057c48,0,,0.00000000,nulldata,,,
e4f23780db5ee1a941a8ba755f61623579c54b4b50e1fd2a6376c47eb1057c48,1,RT8qiZUkXLAseUMLL83v1dcr7Biu9v1vGF,993.47784000,pubkeyhash,,,
e4f89da3d55f2132de6eb7ab70ae8df60e636122ae90e3a099c78a433065c21d,0,,0.00000000,nulldata,,,
e4f89da3d55f2132de6eb7ab70ae8df60e636122ae90e3a099c78a433065c21d,1,RPZTKbMfGZZWUCPypLjRJ2KawKqsQ8gfrE,992.39331000,pubkeyhash,,,
e50a073a05c43f0afd87e12ecaf1e385890bd68253e9e43abf4adb9e7879ee15,0,,0.00000000,nulldata,,,
e50a073a05c43f0afd87e12ecaf1e385890bd68253e9e43abf4adb9e7879ee15,1,REPJt43s2b6khR2HXeQ4uPS44W624eS1uF,990.48615000,pubkeyhash,,,
e53f6c2cfe9b24089616a9a2443c21b08fbd8352f1cff80ccdf4f66beab57180,0,,0.00000000,nulldata,,,
e53f6c2cfe9b24089616a9a2443c21b08fbd8352f1cff80ccdf4f66beab57180,1,RKeQFcWxyesgJthSBvpnLCPheRaqjn8xgj,993.57444000,pubkeyhash,,,
e558c3c2b9a7a18979ca9d090b54e5271914e6aeebf6b806157f22aea691e776,0,,0.00000000,nulldata,,,
e558c3c2b9a7a18979ca9d090b54e5271914e6aeebf6b806157f22aea691e776,1,RVKtAurRhEKj3S5P29fRwy56tHxsaohwpW,992.12007000,pubkeyhash,,,
e558fb189d8be602b583324972a693ab6c482c895ebb7d47a6bc7af160fb7451,0,,0.00000000,nulldata,,,
e558fb189d8be602b583324972a693ab6c482c895ebb7d47a6bc7af160fb7451,1,RUfgD4CZLL8z6QWfvwE5QmtoitT5tMnpSD,989.13131000,pubkeyhash,,,
e56d1faf049200a2d448acb904daeeddeb07c97964e8acb992f42f89089ac59d,0,,0.00000000,nulldata,,,
e56d1faf049200a2d448acb904daeeddeb07c97964e8acb992f42f89089ac59d,1,RDur4qvmrXXmqLZX96X2JdTy2wb4ooKEP4,990.16599000,pubkeyhash,,,
e57270984556644f9aabe7920762ddd7f698427a5d5af3a7917e24a7fde8a679,0,,0.00000000,nulldata,,,
e57270984556644f9aabe7920762ddd7f698427a5d5af3a7917e24a7fde8a679,1,RE6BNENMnrGgcPrEiTMWQAPWLuVxnsw8Kh,991.59291000,pubkeyhash,,,
e57d180aaca9166a8741b2eb92d36b823d577aad377c6246b8a78afe8b8f3887,0,,0.00000000,nulldata,,,
e57d180aaca9166a8741b2eb92d36b823d577aad377c6246b8a78afe8b8f3887,1,RDsQmzWJ8CXZUn8XqMXja8EMqrCsC4P49o,991.44387000,pubkeyhash,,,
e5823890b4e6f22efa7621a1a7d7000676f9cad9beea62d78b324734bd050c55,0,,0.00000000,nulldata,,,
e5823890b4e6f22efa7621a1a7d7000676f9cad9beea62d78b324734bd050c55,1,RCEAR2HPSUbDtQcVxqBNXxzGFLvStqLDFh,991.73367000,pubkeyhash,,,
e5946cc9269ef5c2c40090a287eb4ff7252c011742a3e17532a95d2502c7de16,0,,0.00000000,nulldata,,,
e5946cc9269ef5c2c40090a287eb4ff7252c011742a3e17532a95d2502c7de16,1,RYEBtQSUv64F27xkF1hS4VVjEfsP9ujCes,991.77231000,pubkeyhash,,,
e594bf998478994fa00c88dada71a475e4145a6f46c51a7945f543d0e864bc89,0,,0.00000000,nulldata,,,
e594bf998478994fa00c88dada71a475e4145a6f46c51a7945f543d0e864bc89,1,RP6SS4CDgVPzsqqFMQ2dBN2wDnmoAkoKHc,992.13387000,pubkeyhash,,,
e598c4598f676233b32b66b049940d386839c57de6a0744ff8f38b4db418840c,0,,0.00000000,nulldata,,,
e598c4598f676233b32b66b049940d386839c57de6a0744ff8f38b4db418840c,1,RGwNdVsHzEtYLFgu4p8eaud2miVUFiV1L6,992.93427000,pubkeyhash,,,
e59c84d7f591280370ca9a0558eb34fae461127fce8c01ceedd457e2219a14c3,0,,0.00000000,nulldata,,,
e59c84d7f591280370ca9a0558eb34fae461127fce8c01ceedd457e2219a14c3,1,RB6CmBC4Nus8Q8g3WQbRM3EVrU3LxGeraz,989.80995000,pubkeyhash,,,
e5dd1a52e891ef06e091184b8fd8c5c9fcfd79c10d048915378bb42eee9446cd,0,,0.00000000,nulldata,,,
e5dd1a52e891ef06e091184b8fd8c5c9fcfd79c10d048915378bb42eee9446cd,1,RDvNQPZvtthu1ZJ5yfEVzz8x8SayDS2ixJ,995.18224000,pubkeyhash,,,
e5e83ddd00979aa36633016c509aa8ceb935d720b44ee2e1e975db3172630c26,0,,0.00000000,nulldata,,,
e5e83ddd00979aa36633016c509aa8ceb935d720b44ee2e1e975db3172630c26,1,RD4sckgyVaDg9NrpAE2FEKkxzr2AFgi3pS,991.87167000,pubkeyhash,,,
e5fdeae97deac97582fa5a2fc3f7dfd4972ae1d5f9191ae9836c8591125b11e3,0,,0.00000000,nulldata,,,
e5fdeae97deac97582fa5a2fc3f7dfd4972ae1d5f9191ae9836c8591125b11e3,1,RVdnjaHzLAVu1Kpd4BsWqD2PtdAW51Mipb,992.65551000,pubkeyhash,,,
e60ea848eb98a4047132e79834ce98aec16e84a747b0cc873f4ed91284729fa6,0,,0.00000000,nulldata,,,
e60ea848eb98a4047132e79834ce98aec16e84a747b0cc873f4ed91284729fa6,1,RSAMTyookFDinwtZGycZTNQAZzdFihgS9t,992.20563000,pubkeyhash,,,
e60fb06e06bd8792b6468b81c274371e93d706f765d475a6dbff02623f5a3c3c,0,,0.00000000,nulldata,,,
e60fb06e06bd8792b6468b81c274371e93d706f765d475a6dbff02623f5a3c3c,1,RDtPE8nEToZRMqANGbZGkfNUmufZRa693n,995.03108000,pubkeyhash,,,
e638b25b819505de35c4cf0db7823baa766a8aeb1b8e61038ad1c01e70547b5d,0,,0.00000000,nulldata,,,
e638b25b819505de35c4cf0db7823baa766a8aeb1b8e61038ad1c01e70547b5d,1,RBvdFKDWz8fr96LfCpH1BLECac7tEV5cSk,991.68123000,pubkeyhash,,,
e64db30894dc6d42293205abfd870e6bc54fdb583cf9ee7eb23a43d1785e1c84,0,,0.00000000,nulldata,,,
e64db30894dc6d42293205abfd870e6bc54fdb583cf9ee7eb23a43d1785e1c84,1,RSdvFmYGHTN3qNJ1hbb9TyzhsQJZTXhcEi,993.94704000,pubkeyhash,,,
e671ef48591846e6cf652a443a9faf737a8ff3146068421ffbd5cc9ab12d9728,0,,0.00000000,nulldata,,,
e671ef48591846e6cf652a443a9faf737a8ff3146068421ffbd5cc9ab12d9728,1,RL6FzyvFjTrYJq2tYQNsF9tN3DUNkj2QF5,994.24788000,pubkeyhash,,,
e67404480091d6adabd19040a62105e412889ee3a97ff59aa3730fa6a211f7a5,0,,0.00000000,nulldata,,,
e67404480091d6adabd19040a62105e412889ee3a97ff59aa3730fa6a211f7a5,1,RWnafbSVJviM1knDkqGAQ9Q5HPLtKgacFE,990.12735000,pubkeyhash,,,
e67746fc3ba4b77a2fab54b5cb87ee7457e77322b62615e8909214a49365390c,0,,0.00000000,nulldata,,,
e67746fc3ba4b77a2fab54b5cb87ee7457e77322b62615e8909214a49365390c,1,RYcWexVW7e3eaXWPgbAPGWFbgK9pbzyBZz,994.34448000,pubkeyhash,,,
e6995bea427ca8a6a5cb89af01e6b0d07ca13d3cad1ff534e8023a6e7a1f977d,0,,0.00000000,nulldata,,,
e6995bea427ca8a6a5cb89af01e6b0d07ca13d3cad1ff534e8023a6e7a1f977d,1,RAFh9VHaCiz1MmxJFanK8fF63M1xrGGscs,991.88823000,pubkeyhash,,,
e6a5f760feaa375dfa97a592532622a02323f9401dd2314cd1c959d15d3926a6,0,,0.00000000,nulldata,,,
e6a5f760feaa375dfa97a592532622a02323f9401dd2314cd1c959d15d3926a6,1,R9UMEnBYgYjvbCJm7GQRufQBVa2m3Cs9pe,993.96360000,pubkeyhash,,,
e6aba6cfbdce9b85548cb8bc8951bd590f97cbbcff4b43b30eb55e3ce7eb384d,0,,0.00000000,nulldata,,,
e6aba6cfbdce9b85548cb8bc8951bd590f97cbbcff4b43b30eb55e3ce7eb384d,1,RG7hFBYtQDGmuA2M7fBZgFJDqCcRb3z5ap,995.12460000,pubkeyhash,,,
e6ac1aa8727cb74e24bbed5990d1301c69be4d6e7786df08f05c567dbf0d06c8,0,,0.00000000,nulldata,,,
e6ac1aa8727cb74e24bbed5990d1301c69be4d6e7786df08f05c567dbf0d06c8,1,RTUnQgG2XYQTLuQPpuEXwxWghLxMxwq28b,993.49992000,pubkeyhash,,,
e6e50e15b3a16862db9e929a1d94e7b9514a884a175766e39e46370469558d46,0,,0.00000000,nulldata,,,
e6e50e15b3a16862db9e929a1d94e7b9514a884a175766e39e46370469558d46,1,RLpQun12pkxfYgutNpf3B2nvD7MRSVhtqz,991.36107000,pubkeyhash,,,
e722686aacfbd8db6b34606a010a7bd16812533aeedccf07c0ac7d0e69cc9c48,0,RX1r2eyM1UW7y2xHcrTejDfyCUk1yBmz4i,306.34663541,pubkeyhash,,,
e722686aacfbd8db6b34606a010a7bd16812533aeedccf07c0ac7d0e69cc9c48,1,RBkp72yTnTVQWpKAfiqvbGvKXhssajVE4v,34.02819002,pubkeyhash,,,
e73c4e22615d27fa5ef11ec9c1687115de2ec0477e02d4bd8bd781926f95e4d1,0,,0.00000000,nulldata,,,
e73c4e22615d27fa5ef11ec9c1687115de2ec0477e02d4bd8bd781926f95e4d1,1,RJgFZDHxTMNyezWMq6gwDUzWTtu49pZBR6,992.33811000,pubkeyhash,,,
e743fca6fea225c2f0ad3de8607836fbc27b9c8cb6f529cdfcc06ee0c1bb994e,0,,0.00000000,nulldata,,,
e743fca6fea225c2f0ad3de8607836fbc27b9c8cb6f529cdfcc06ee0c1bb994e,1,RXBBkzLYwww7MFbxhT3ZptkMCSiqF8WBBy,994.71920000,pubkeyhash,,,
e75c6ede24f4b57e7374576fde70533e6ad2fdab9a119ab454cc87290cf2f7fd,0,,0.00000000,nulldata,,,
e75c6ede24f4b57e7374576fde70533e6ad2fdab9a119ab454cc87290cf2f7fd,1,RTsExgw67SnWD5cPB3tHe5AJSSdxHzN8eD,994.04640000,pubkeyhash,,,
e7637bc68dfec08b8c220dae1d8037f5dbecae6906c4176f1e7f0580823cee8c,0,,0.00000000,nulldata,,,
e7637bc68dfec08b8c220dae1d8037f5dbecae6906c4176f1e7f0580823cee8c,1,RXBJHnGsg49MjoG5pediLmzX43sGpJ6Qhx,992.18907000,pubkeyhash,,,
e7832458f90b2eddc796f32ca67d68ee00c8ee56feacd988c8e5e7778f0a6806,0,,0.00000000,nulldata,,,
e7832458f90b2eddc796f32ca67d68ee00c8ee56feacd988c8e5e7778f0a6806,1,RYPKMdnQHHu2ie3Trd2ZbQv1Q4ywiaZx2n,990.84495000,pubkeyhash,,,
e792b423cb8c3522a17abaf82dec746aa690f508d9d3a7ec111a96476bc4edb5,0,,0.00000000,nulldata,,,
e792b423cb8c3522a17abaf82dec746aa690f508d9d3a7ec111a96476bc4edb5,1,R9jzZoBxztJ49s3Ps6th7mixVYYvspVx5y,993.42816000,pubkeyhash,,,
e7a432835bea3cb6e3ad0c11d50381d82df12112d3fad7101ed9c52c57a35a02,0,,0.00000000,nulldata,,,
e7a432835bea3cb6e3ad0c11d50381d82df12112d3fad7101ed9c52c57a35a02,1,RVWnETUebNoxjXd8PYC2UtGJz6BiuP2vNZ,993.36207000,pubkeyhash,,,
e7d0cf972c89d023a2eea95cecc88060dceafb6262b881a4b8617fc10e7ba645,0,,0.00000000,nulldata,,,
e7d0cf972c89d023a2eea95cecc88060dceafb6262b881a4b8617fc10e7ba645,1,RGG81hBF5mv1zFnVC688ZsjJ1Z683fqFxj,994.78268000,pubkeyhash,,,
e7f0c117450686bb4d9d63898cfe9a109992195b366ae1d838186af776b79117,0,,0.00000000,nulldata,,,
e7f0c117450686bb4d9d63898cfe9a109992195b366ae1d838186af776b79117,1,RSzQYvcMRCVurFCzoZQZszTDDxWVpoBd1n,991.33347000,pubkeyhash,,,
e7fae7ac9ea1b3cb26469147695e25aa78d8de5c683d493ba807db2387977e30,0,,0.00000000,nulldata,,,
e7fae7ac9ea1b3cb26469147695e25aa78d8de5c683d493ba807db2387977e30,1,RWLYwWVSzLofYLEKowwWzuvj6Y2bsM5XtP,989.44043000,pubkeyhash,,,
e7fba1549387ba6f34a74bd38963fb5d6cb27e88893011d2545a459a9ee07c7c,0,,0.00000000,nulldata,,,
e7fba1549387ba6f34a74bd38963fb5d6cb27e88893011d2545a459a9ee07c7c,1,RSjCHdBSQ5RYV4pQ3XbYk3HQb2v5EBhMAd,993.93048000,pubkeyhash,,,
e8000579d644cc2ce0516ddc64f17e90c2cfd1f2a7b14bbd14334c98557b32cf,0,,0.00000000,nulldata,,,
e8000579d644cc2ce0516ddc64f17e90c2cfd1f2a7b14bbd14334c98557b32cf,1,RKZRiQS6jH8pXELp9Dsn41qZ6ASPR12uNY,991.28103000,pubkeyhash,,,
e803d1acb6e2a4bb74b795bf1e95e5fc643e35a05a1394a481cd68dab5815525,0,,0.00000000,nulldata,,,
e803d1acb6e2a4bb74b795bf1e95e5fc643e35a05a1394a481cd68dab5815525,1,RSwez1J9jE17PjJuZfweS4bUdHL1m91rf7,992.82387000,pubkeyhash,,,
e80c4819b6c38b3f1ca1521f447610202f372eae2bf0442e74f913c7a53651e4,0,,0.00000000,nulldata,,,
e80c4819b6c38b3f1ca1521f447610202f372eae2bf0442e74f913c7a53651e4,1,RKXDrtWM8bp3di2u24yxqWzm3tpbcST6tn,993.64068000,pubkeyhash,,,
e82bc0e40537fe56694bf467a0f5e881118765312483bf865d490488df6554a0,0,,0.00000000,nulldata,,,
e82bc0e40537fe56694bf467a0f5e881118765312483bf865d490488df6554a0,1,RYHLdBpiZck4oc9fYfUYxLnyLRrnAG5kqw,992.92047000,pubkeyhash,,,
e8521b2b19910277d21f10c0221c7dc524eb7fdce277f27c54207bdbaf96e6d8,0,,0.00000000,nulldata,,,
e8521b2b19910277d21f10c0221c7dc524eb7fdce277f27c54207bdbaf96e6d8,1,RBofBxErrkSsXFxLfnE3Cbk5aY4uEfHUbv,989.79615000,pubkeyhash,,,
e86a9632bbb9c53aa95f454d1290d62b589acbf8a21695a0c055f3ce585d3f16,0,,0.00000000,nulldata,,,
e86a9632bbb9c53aa95f454d1290d62b589acbf8a21695a0c055f3ce585d3f16,1,RYE8fFVNxwaUJAGEH44rqCHjxkWbjKxo5e,989.91759000,pubkeyhash,,,
e879b0f66e8ab8e90c6622695f7ebfb337b87a1721f92615e271d8103b521c41,0,,0.00000000,nulldata,,,
e879b0f66e8ab8e90c6622695f7ebfb337b87a1721f92615e271d8103b521c41,1,RVKLQnBExXshCHSwC2NZoTLCBQdhrbuHL9,989.58671000,pubkeyhash,,,
e89c9d352a3d896d0cd5142fe01c625a52d8dcf8374e7d5eedd8f68f8331c748,0,,0.00000000,nulldata,,,
e89c9d352a3d896d0cd5142fe01c625a52d8dcf8374e7d5eedd8f68f8331c748,1,RPPdhK1aKu1rpe3CvFcWnvYfDCCj29PeGb,994.91240000,pubkeyhash,,,
e8a07bafbc719082892b2e1d8acb847ac86956e477cc7844096b00c394459805,0,,0.00000000,nulldata,,,
e8a07bafbc719082892b2e1d8acb847ac86956e477cc7844096b00c394459805,1,RR79ymTY84AfWYC9ztCr36cPt3LMq5miLE,990.29847000,pubkeyhash,,,
e8b2637d606b4d9f64b6237341d3181da77152e78971dea6829fb4920a4c518d,0,,0.00000000,nulldata,,,
e8b2637d606b4d9f64b6237341d3181da77152e78971dea6829fb4920a4c518d,1,RWWZqpNkkUfG9bXPqNvsDyuhn3eFbeVaYn,989.76303000,pubkeyhash,,,
e8d02111aecb888bd4f3cd2249558f5cc1feccb651440a1d455ad4246a0c0fd3,0,,0.00000000,nulldata,,,
e8d02111aecb888bd4f3cd2249558f5cc1feccb651440a1d455ad4246a0c0fd3,1,RFsRCH2iGTtxUNy6oavNSAXCzYnrmyuW9j,990.78147000,pubkeyhash,,,
e8d28f35171bd76633bbcf35dfd2ec138d4e777e5a5ea21fbb8fc00827c69f46,0,,0.00000000,nulldata,,,
e8d28f35171bd76633bbcf35dfd2ec138d4e777e5a5ea21fbb8fc00827c69f46,1,RMvmocHNHimo1nStF6UqqtggQo8cCJhsJP,991.08231000,pubkeyhash,,,
e8d9a3e2d5ef6acf7de10c9b3718ead9bed1e8af8e30451ff4bbb1aa166c3760,0,,0.00000000,nulldata,,,
e8d9a3e2d5ef6acf7de10c9b3718ead9bed1e8af8e30451ff4bbb1aa166c3760,1,RTLpgbwo9fTuNXZwxcpzLpw3y3Bapo2RnU,994.19820000,pubkeyhash,,,
e8e244104855236f2b1145a71fbed1d7c73988afd19c7ac66046dbaee2c3c81b,0,,0.00000000,nulldata,,,
e8e244104855236f2b1145a71fbed1d7c73988afd19c7ac66046dbaee2c3c81b,1,RSQ4kP3vakkrwMPYqK3LF8GmembWa7tUB3,990.89739000,pubkeyhash,,,
e8f754e87c6239822e06cd617536124000bff18187802c8b03da81d45c6567c3,0,RX1r2eyM1UW7y2xHcrTejDfyCUk1yBmz4i,306.36359723,pubkeyhash,,,
e8f754e87c6239822e06cd617536124000bff18187802c8b03da81d45c6567c3,1,RYQ8PFJZdJRbFSjsh9151zxhsmdVc5Pyjp,34.03007430,pubkeyhash,,,
e900dcf78f44a1cbaa9d0a860e521d2bb7e8d1ef76dc2fd6b078813123f9308b,0,,0.00000000,nulldata,,,
e900dcf78f44a1cbaa9d0a860e521d2bb7e8d1ef76dc2fd6b078813123f9308b,1,RCs3CkLtnMhyR2xhyF2ezJBVMajRLTYYT7,991.39971000,pubkeyhash,,,
e90a59f126f40369d646d05871a43454a47d1dbb6a2d4b4991fc76bf332f68c0,0,,0.00000000,nulldata,,,
e90a59f126f40369d646d05871a43454a47d1dbb6a2d4b4991fc76bf332f68c0,1,RCTEHHt5eD7hSBu8aW7aCDfp9DtHHyba2Y,994.53704000,pubkeyhash,,,
e915c4808a598013caf22e83c4c19a72338c7d0a30b2b4fce7b2db6d42a1d2ac,0,,0.00000000,nulldata,,,
e915c4808a598013caf22e83c4c19a72338c7d0a30b2b4fce7b2db6d42a1d2ac,1,RBZswegNmsrdYnqR7n3oyCV2PPdMpK3VBm,993.69864000,pubkeyhash,,,
e92927dbd484119399bb07701f1eaaf23ae2b33080cf7ead2514432dc0a0646e,0,,0.00000000,nulldata,,,
e92927dbd484119399bb07701f1eaaf23ae2b33080cf7ead2514432dc0a0646e,1,RSLAMzjZBYm1aDrnvjNMvoAxDYUNy62Uis,995.39200000,pubkeyhash,,,
e9364a04db9fde1c3d225c8aa678c8365dc4daecf5b6ad6728fbace84437f82b,0,RV8F24ckPJr2KUejkBfeKxfFJwxo1wPUos,34.00678283,pubkeyhash,,,
e9364a04db9fde1c3d225c8aa678c8365dc4daecf5b6ad6728fbace84437f82b,1,RX1r2eyM1UW7y2xHcrTejDfyCUk1yBmz4i,306.15304413,pubkeyhash,,,
e9a643d8cbeaa6abf26c7fa0af353969fb278e987fc706450682f98f10639d0c,0,,0.00000000,nulldata,,,
e9a643d8cbeaa6abf26c7fa0af353969fb278e987fc706450682f98f10639d0c,1,RPQk54GqcY1hfJGSXZtHWLrb3iyA5Niazc,993.00879000,pubkeyhash,,,
e9b382a8c1e585afe417fb7435e25337807af92a6d8400f5ef852c568f94060f,0,RJp8QBtfLpF5VxeyuvQFHqio6GuqcXqj1w,100.00000000,pubkeyhash,,,
e9b382a8c1e585afe417fb7435e25337807af92a6d8400f5ef852c568f94060f,1,R9MP7adM8uufuRCmLr3H51XNVefFyj7UPr,104.72937400,pubkeyhash,,,
e9b73f665af80b4715faf064270abd86116b1ebbc2301268360b573ecce9c6b1,0,,0.00000000,nulldata,,,
e9b73f665af80b4715faf064270abd86116b1ebbc2301268360b573ecce9c6b1,1,REEmccMbMiiJHAEJ1uXE649RaEXKLx9FNZ,995.19604000,pubkeyhash,,,
e9c61364ab5e49477cdfe0e66701152f336123d70ba01a84675c7c9275ef38c7,0,,0.00000000,nulldata,,,
e9c61364ab5e49477cdfe0e66701152f336123d70ba01a84675c7c9275ef38c7,1,R9tdV333TvyCp6JjbKdV5JbB2MEFEtMyRK,992.69691000,pubkeyhash,,,
e9d135dc5367edf6479dcd9f4fc34c97240dfadca26379b07c332fce4b271824,0,,0.00000000,nulldata,,,
e9d135dc5367edf6479dcd9f4fc34c97240dfadca26379b07c332fce4b271824,1,RLKGEf8A9cSHCWsq4K3KuzyBhN43BXxVbh,995.07492000,pubkeyhash,,,
e9e3df2de63a0c1c131f76027a5502437fd50631f55c93e94b8d5044ba233a82,0,RUJvDPH3TbEK1XRdpoqfyywvRQJN2QJaxr,810.44833241,pubkeyhash,,,
e9e3df2de63a0c1c131f76027a5502437fd50631f55c93e94b8d5044ba233a82,1,RBasdyNy9xc8XRMujQdKDqT6YFsz1YePhY,20.01470433,pubkeyhash,,,
ea0215a31a880c2c405cf6ac4d71d914d6d67e156b9fbcf1df487bfd99efa370,0,RXDWwq7XH9zMCq8PvpYunMda7xLoCzRCRe,1240001.20000000,pubkeyhash,,,
ea0215a31a880c2c405cf6ac4d71d914d6d67e156b9fbcf1df487bfd99efa370,1,RLU3ZLFat6s3Qtxo2eFzSti2VaYoL5S8qz,1957073.25656250,pubkeyhash,,,
ea09bf54e299b99acab92a1a589cf7921b7b9fbd7736ec2a80ef6c1d384b56d6,0,,0.00000000,nulldata,,,
ea09bf54e299b99acab92a1a589cf7921b7b9fbd7736ec2a80ef6c1d384b56d6,1,REjFUMyak6afg2rGQEe3LkDL9JfLqSAVXW,994.75232000,pubkeyhash,,,
ea56f3a90a0fc3a90ac408cb42540bf46cf29d22aa83a1cb4f3a9fa6a984044d,0,,0.00000000,nulldata,,,
ea56f3a90a0fc3a90ac408cb42540bf46cf29d22aa83a1cb4f3a9fa6a984044d,1,RV3iMe2GTGWjPDbgErqvGuhY5eR376Zk9q,991.50735000,pubkeyhash,,,
ea591331312fadddc92c0f721544968f88ccd2be07add3b87ea6ce76644f6816,0,,0.00000000,nulldata,,,
ea591331312fadddc92c0f721544968f88ccd2be07add3b87ea6ce76644f6816,1,RAtKpNPiYDtgMxgF5agatHn7k9psCAXcJD,989.02091000,pubkeyhash,,,
ea6ff78c68de7ce42123a0065b77be49bbcedddd02a4a605721d0607eae83d9f,0,,0.00000000,nulldata,,,
ea6ff78c68de7ce42123a0065b77be49bbcedddd02a4a605721d0607eae83d9f,1,RDTaAJwaVdQLTrbV8L1FvivRWKjBahpMvC,989.74923000,pubkeyhash,,,
ea70b625f6192b60f1360da2fdf002e1f88ce6e9e15e435f0220c97575ec8251,0,,0.00000000,nulldata,,,
ea70b625f6192b60f1360da2fdf002e1f88ce6e9e15e435f0220c97575ec8251,1,RHR12Fk1Wx8kqESeNwaDTunKXxym1wbYA7,991.95447000,pubkeyhash,,,
ea7e4fe7e75034420b6cc53f0849935a943436e4ed5d0a930bca9923cae97940,0,,0.00000000,nulldata,,,
ea7e4fe7e75034420b6cc53f0849935a943436e4ed5d0a930bca9923cae97940,1,RP3tgi4DxvvgRDV9Qdj5uBecAVCu97QNYV,994.66124000,pubkeyhash,,,
ea91ebea6d9ff46bf233c6f82e325ea776ca9441e0a4d6f3f908f11aa9cdb1b5,0,,0.00000000,nulldata,,,
ea91ebea6d9ff46bf233c6f82e325ea776ca9441e0a4d6f3f908f11aa9cdb1b5,1,RRh5hoQgfbynhcSzcKMUT6D3zVGHjWYhBn,994.82408000,pubkeyhash,,,
eaa849a296a0acc43de8e2c1f5d33211a9158352df599ac199e628e1e3f1fedb,0,,0.00000000,nulldata,,,
eaa849a296a0acc43de8e2c1f5d33211a9158352df599ac199e628e1e3f1fedb,1,RGyfaSGGQXv9k1z1LPWfetSTTwMQiVgqxb,990.30123000,pubkeyhash,,,
ead02086d4674a20d8f6546155b3c36208d1c1a395a3515a6e725e62c2653307,0,,0.00000000,nulldata,,,
ead02086d4674a20d8f6546155b3c36208d1c1a395a3515a6e725e62c2653307,1,RHsE7eM4DBdDgpyxWsEZdZDVWEjEk6HpnT,993.63792000,pubkeyhash,,,
ead192b09b9c6c7578179051e5eb71f8e24cba31361a02485d54bd836ceb7601,0,,0.00000000,nulldata,,,
ead192b09b9c6c7578179051e5eb71f8e24cba31361a02485d54bd836ceb7601,1,RStgsqn1vmaELa2qazSQhi4G7u1WUQBi8X,989.95899000,pubkeyhash,,,
eadc1cc4da5b8e4d7acc35bb51f28eb80404fdadeffc63c5f3467130578b9f63,0,,0.00000000,nulldata,,,
eadc1cc4da5b8e4d7acc35bb51f28eb80404fdadeffc63c5f3467130578b9f63,1,RNkkfFZDDuZ5zik4GSSCp7GArbSswZmfq6,993.75936000,pubkeyhash,,,
eadd7364ac630bc7e4a4a2c1e5d53bdce24fad1bae67697aaa2730e3049b947b,0,,0.00000000,nulldata,,,
eadd7364ac630bc7e4a4a2c1e5d53bdce24fad1bae67697aaa2730e3049b947b,1,RMgJSrySDpfU9Vyd9JiTssbQZkTsrP3iAC,993.61860000,pubkeyhash,,,
eae3d37d0bc92465aff6234953e1728890524be0dff315e636f017cc7e365fd7,0,,0.00000000,nulldata,,,
eae3d37d0bc92465aff6234953e1728890524be0dff315e636f017cc7e365fd7,1,RNMGgCN1QWTayQjjpvNNMa3iUZTXM9KGaH,990.96363000,pubkeyhash,,,
eb13afd9a1dd8aedf87d781c0098494ea0187f8dac37bd72a7d490ecdc08b91c,0,,0.00000000,nulldata,,,
eb13afd9a1dd8aedf87d781c0098494ea0187f8dac37bd72a7d490ecdc08b91c,1,R9nfFCkxCm7ExTHDxQdKVv6Ytw8femoTXE,992.34915000,pubkeyhash,,,
eb1a5a7c1381a736b709f5da0ca75cc041d49fd6db61433134ddc2b54210f1b8,0,,0.00000000,nulldata,,,
eb1a5a7c1381a736b709f5da0ca75cc041d49fd6db61433134ddc2b54210f1b8,1,RMc71NzKBvg1DMQ4paLMBzo6YCrHNwQQLK,989.49287000,pubkeyhash,,,
eb3f2b79f0560e4154d919ac40f16685e7107ab3df7f59e83267264545d15529,0,,0.00000000,nulldata,,,
eb3f2b79f0560e4154d919ac40f16685e7107ab3df7f59e83267264545d15529,1,RBtkAdSQN7SYgRVCMQWJxSksRfEDjQPLdt,991.87719000,pubkeyhash,,,
eb49e3a215c8c0330b60773053fd106eb748b2edb4ef8335673a5ff294920f8c,0,RX1r2eyM1UW7y2xHcrTejDfyCUk1yBmz4i,306.11912859,pubkeyhash,,,
eb49e3a215c8c0330b60773053fd106eb748b2edb4ef8335673a5ff294920f8c,1,RS2FGbbbYkzkcyGLeyedykeqN6aZsZ5Y1b,34.00301349,pubkeyhash,,,
eb8589ba01d5dda6d2ad0c2c6467a35c7da8693a2c88896637abd3800d194369,0,RBMdCYPBBS8hJvgzATpJ27ZoPefHzWWf3u,651.64403106,pubkeyhash,,,
eb8589ba01d5dda6d2ad0c2c6467a35c7da8693a2c88896637abd3800d194369,1,REZAECZM563Dp8HEWXJ8KsjATeUqiGmAC5,40.24744164,pubkeyhash,,,
eb8589ba01d5dda6d2ad0c2c6467a35c7da8693a2c88896637abd3800d194369,2,RBasdyNy9xc8XRMujQdKDqT6YFsz1YePhY,20.87789335,pubkeyhash,,,
eb8589ba01d5dda6d2ad0c2c6467a35c7da8693a2c88896637abd3800d194369,3,RHvY8nbzytTk2RJQhDspkP9hfPsAJFXCE7,38.12947901,pubkeyhash,,,
eb8d13f28d42d310d16e7d61b10b134de7d24840ffc4c7c3875f05ffce5abed9,0,,0.00000000,nulldata,,,
eb8d13f28d42d310d16e7d61b10b134de7d24840ffc4c7c3875f05ffce5abed9,1,RLjPRZksMqHTEsssV97gLovAfQBpRaMd1n,993.46956000,pubkeyhash,,,
ebdbcc191494abe1ecf51c40bea58a97241698c0ece08f5a11cb3f4690505f05,0,,0.00000000,nulldata,,,
ebdbcc191494abe1ecf51c40bea58a97241698c0ece08f5a11cb3f4690505f05,1,RWPz8KBr8M6XkW2xpVEhwoHiPFiE3B6tdr,991.15959000,pubkeyhash,,,
ebe563810a68e4be46bc14669ef5f6897ac3aeb94390f398b098058743af504c,0,,0.00000000,nulldata,,,
ebe563810a68e4be46bc14669ef5f6897ac3aeb94390f398b098058743af504c,1,RJSXc8LwfGytcVvM9iPrc18HakUH8SvyFs,991.11267000,pubkeyhash,,,
ec0cfbde293f411fc692b4e2d152533185f5ab4d8fc11ce4e6683b42d5bb8d32,0,,0.00000000,nulldata,,,
ec0cfbde293f411fc692b4e2d152533185f5ab4d8fc11ce4e6683b42d5bb8d32,1,RXEmsR1CGPv64NqXfk2KvASsM98i8J8MYr,994.85168000,pubkeyhash,,,
ec1c8f3109c53b03a95d69ae958fdf85a96548970dfe0701d2cc533380225bb7,0,,0.00000000,nulldata,,,
ec1c8f3109c53b03a95d69ae958fdf85a96548970dfe0701d2cc533380225bb7,1,RQZqGDL5m6a1pHefrgjoLTWS5M5CSCojeK,993.94980000,pubkeyhash,,,
ec1d552b371c1cb44d468923c584c51ee2eb4f9e4adeeaa3a4094869f3911f86,0,,0.00000000,nulldata,,,
ec1d552b371c1cb44d468923c584c51ee2eb4f9e4adeeaa3a4094869f3911f86,1,RALN6z7ViiYrPkGNG1JeZZGH5JGTD17JnA,994.56740000,pubkeyhash,,,
ec22e0cf6c88da4b16385917d71edaded77c614a805f7125edcc68949c4c3abc,0,,0.00000000,nulldata,,,
ec22e0cf6c88da4b16385917d71edaded77c614a805f7125edcc68949c4c3abc,1,RFXNj587FLT6HYRVX8yCWWNq5XCEGQmYfe,994.69988000,pubkeyhash,,,
ec319e8c97f372d100cc31a3daf9094d4cbb44ba9e2141a77edfbda773cca197,0,,0.00000000,nulldata,,,
ec319e8c97f372d100cc31a3daf9094d4cbb44ba9e2141a77edfbda773cca197,1,RGFwtXCSZfMoTStpfYoSy6RPenr6S6z6Wy,994.68056000,pubkeyhash,,,
ec5106ab2f3411a2b972eb1c54ef3d6e941f3b7ea47f354fde82ea93681ac99d,0,,0.00000000,nulldata,,,
ec5106ab2f3411a2b972eb1c54ef3d6e941f3b7ea47f354fde82ea93681ac99d,1,RMaJqYep7D4FuDq6akAphDqi7xM8zVtGW8,995.27332000,pubkeyhash,,,
ec519cd2abaf32942a8db2e5ad5916d73df9e2777333adec531e9e59658f2dd7,0,,0.00000000,nulldata,,,
ec519cd2abaf32942a8db2e5ad5916d73df9e2777333adec531e9e59658f2dd7,1,RBa6NN313KKz34gLWenqfjVC13iuirs4er,993.58548000,pubkeyhash,,,
ecb2d9e96fd16ad3503b8ca9fad5705b3916a6603a0e8bc9908975bbcdac588d,0,,0.00000000,nulldata,,,
ecb2d9e96fd16ad3503b8ca9fad5705b3916a6603a0e8bc9908975bbcdac588d,1,RA5fs5M5dzy4nVpt6R9RpDHrf1GJT4TxuX,989.97555000,pubkeyhash,,,
ecb35cffe6ef627f546e1419ae6750e9d4017c7fd670bdf4d0924ba4e35d4638,0,,0.00000000,nulldata,,,
ecb35cffe6ef627f546e1419ae6750e9d4017c7fd670bdf4d0924ba4e35d4638,1,R9f2jnP9NbeL6gMXqUfXLoVoNL3K2SXKJk,992.35191000,pubkeyhash,,,
ecb64078ef05b97625a17f05b07a453a77bed2b11ed9416f1c071f4ad0025bc4,0,,0.00000000,nulldata,,,
ecb64078ef05b97625a17f05b07a453a77bed2b11ed9416f1c071f4ad0025bc4,1,RWp5ytPq878io11gVPdgkSzLUzG86BWAcv,989.02367000,pubkeyhash,,,
ecbb856bff63922aaa61f72d7b3769cd642217d1eebb503fcc89a41c807a105d,0,,0.00000000,nulldata,,,
ecbb856bff63922aaa61f72d7b3769cd642217d1eebb503fcc89a41c807a105d,1,RVPoSgcRbUYPKhWNbpC9kVvsrkKEonKh3H,994.13196000,pubkeyhash,,,
eccd708b0ac6a0238a5ee39648190ce67f06ee8a2b9c032b4d556da6f4b3d892,0,,0.00000000,nulldata,,,
eccd708b0ac6a0238a5ee39648190ce67f06ee8a2b9c032b4d556da6f4b3d892,1,RXdBFFsmAhkjpjJk9RZwuEwfF4bhKBNnf6,993.93600000,pubkeyhash,,,
ece8325d7c90baa8a80352af5e23d9180c8e608c48555c7c550af7d2fa6d4742,0,RMKd7jAm9y682pLc6QiHSUFTxZReSRKZfe,3.32439229,pubkeyhash,,,
ecf1d1c0400dda06c3cf045426b7ed9d5c6e515a6ec7a9e59ff08651563939c6,0,RX1r2eyM1UW7y2xHcrTejDfyCUk1yBmz4i,306.45860243,pubkeyhash,,,
ecf1d1c0400dda06c3cf045426b7ed9d5c6e515a6ec7a9e59ff08651563939c6,1,RXYSCmQ35gsJzCh1mbzg6RD1VApQWcW26K,34.04062918,pubkeyhash,,,
ecfe29db411f28c34045e1ae4a60b557cb66cf89775e96135014c494bd047755,0,,0.00000000,nulldata,,,
ecfe29db411f28c34045e1ae4a60b557cb66cf89775e96135014c494bd047755,1,RKuWcqnYYJ4bZeryM9hnezGPvUKEUxg8bp,994.66676000,pubkeyhash,,,
ed11563924cb68e0532cd1d8a90c77e50fb80f399732991b08c9f65ee492c47b,0,RSEpQPXsiXjvdtyX5EmbxXFLbGP8hX8q8V,5000.00000000,pubkeyhash,,,
ed11563924cb68e0532cd1d8a90c77e50fb80f399732991b08c9f65ee492c47b,1,RMprpJXbToLcYamCDLUF8kGwoJsojqE2fB,0.01149416,pubkeyhash,,,
ed211629f2859d797cfc19055bb03058239f2aa0696e1286908248114fd34d03,0,,0.00000000,nulldata,,,
ed211629f2859d797cfc19055bb03058239f2aa0696e1286908248114fd34d03,1,RWrwLPQdLS2MEDemNicezA1N2JhfkwiKdC,992.54787000,pubkeyhash,,,
ed3a2b280017e61a8eb6ae5bc2657ed80e7dd137c2b6c005e6a56de19dc21e90,0,,0.00000000,nulldata,,,
ed3a2b280017e61a8eb6ae5bc2657ed80e7dd137c2b6c005e6a56de19dc21e90,1,RNxXCUYBLt3E17pCjZfwMp5UdjecpqH3Hi,989.79063000,pubkeyhash,,,
ed4050bba41684f0a9b3bebcf898022ac30c2a18e273adf5efa2ad1a9788396f,0,RHvY8nbzytTk2RJQhDspkP9hfPsAJFXCE7,35.41328017,pubkeyhash,,,
ed4050bba41684f0a9b3bebcf898022ac30c2a18e273adf5efa2ad1a9788396f,1,RBZTkZL4oRT1HCtuF9Gt6vr33Tzuqxhw84,897.63561347,pubkeyhash,,,
ed587398a376e811c32342bad870c266dfc3d70ed8c3982cfbd1b3202fdae93e,0,,0.00000000,nulldata,,,
ed587398a376e811c32342bad870c266dfc3d70ed8c3982cfbd1b3202fdae93e,1,RXUo55ktAHymVondQ9rZiGGzH975CKWYXS,993.68208000,pubkeyhash,,,
ed711001a6243c842882da0e65d477d9e92c28c2470343e915a450d84076deca,0,,0.00000000,nulldata,,,
ed711001a6243c842882da0e65d477d9e92c28c2470343e915a450d84076deca,1,REPKLErbmiNfZiBJ2gs9Vs7cqoPgsuw95H,989.10371000,pubkeyhash,,,
ed7a0890816de745f543d5f58986b49a49c25cfc92e2b2077560632796ca7081,0,RATKZJB3qEvSDP1vbeGBwpnWvN8ATPgAf4,34.00150693,pubkeyhash,,,
ed7a0890816de745f543d5f58986b49a49c25cfc92e2b2077560632796ca7081,1,RX1r2eyM1UW7y2xHcrTejDfyCUk1yBmz4i,306.10556066,pubkeyhash,,,
edaaeb0a3273a2afd5a2bacccec4abf18c7841c5c4cd45788f15b1b133cbd612,0,,0.00000000,nulldata,,,
edaaeb0a3273a2afd5a2bacccec4abf18c7841c5c4cd45788f15b1b133cbd612,1,RARRBZKJtuwpSE7ee81B8qrhfR9a2JSLFf,988.94363000,pubkeyhash,,,
ede75c3b71a67e27f1e7db9ed2a52e1163a758709aa1515f29f358c2863670bb,0,,0.00000000,nulldata,,,
ede75c3b71a67e27f1e7db9ed2a52e1163a758709aa1515f29f358c2863670bb,1,RJMTxgpKnaqsiNFjjfkQTht31u8gv9y1F1,994.77716000,pubkeyhash,,,
edf7efe3a188cf0caaf5a71602f0231aef737ede9e29d680d8e40d2d685fc53e,0,RMKT8yGRzhy8qZoMsULtYxHf3n4rMHPogg,1141.05156331,pubkeyhash,,,
edf7efe3a188cf0caaf5a71602f0231aef737ede9e29d680d8e40d2d685fc53e,1,RHvY8nbzytTk2RJQhDspkP9hfPsAJFXCE7,26.12532098,pubkeyhash,,,
ee01c9fe43b1c4c7093eb1cafd5ac2922b01783b61b81121f69ef39b9f56e5b7,0,,0.00000000,nulldata,,,
ee01c9fe43b1c4c7093eb1cafd5ac2922b01783b61b81121f69ef39b9f56e5b7,1,RDZuKJRnUAiYnqY2zJSfrVP8jfkCuAFaHC,995.35612000,pubkeyhash,,,
ee26ad2f7a79f6f67a34179240b8aadb6c1c724c99526883dcf83dc98fee85fa,0,,0.00000000,nulldata,,,
ee26ad2f7a79f6f67a34179240b8aadb6c1c724c99526883dcf83dc98fee85fa,1,RFo68FMVuvwehgnSsjVckTG575sGxFXkcs,993.83112000,pubkeyhash,,,
ee4186c45c658777c6de1243f5341dca07ff5a012208c2da5a7ce639352a242b,0,,0.00000000,nulldata,,,
ee4186c45c658777c6de1243f5341dca07ff5a012208c2da5a7ce639352a242b,1,RPayZpsYNCYfydgUPhSeJSHYRC9deGBQYd,989.81547000,pubkeyhash,,,
ee53f6199e547b7c79391f6717147b7943fd59e01f5d9b4e0b610fe24b91bae0,0,,0.00000000,nulldata,,,
ee53f6199e547b7c79391f6717147b7943fd59e01f5d9b4e0b610fe24b91bae0,1,RTVvYddd4bK3RZK1o89cJycBaqKL5ivvm2,992.24703000,pubkeyhash,,,
eea21739eb6a260f851d5a4939980c1c10408e861a53e06ee53eec298cebd792,0,,0.00000000,nulldata,,,
eea21739eb6a260f851d5a4939980c1c10408e861a53e06ee53eec298cebd792,1,RVSurU6scfWVQpdHHbzRR5cugtLmyrJ2p3,988.97399000,pubkeyhash,,,
eeb0775608b094e6d6af6a350a9515de2fc4f8f4d8e87326ba6ce51c44641c6a,0,RQjHU1RtGf2jYcjfxdoa8B93VpoQvDfBXa,57.99241663,pubkeyhash,,,
eeb0775608b094e6d6af6a350a9515de2fc4f8f4d8e87326ba6ce51c44641c6a,1,RC9Cquhh3WY5bQ9iR31VsXq3kQoHaQB7py,50.98322356,pubkeyhash,,,
eeb0775608b094e6d6af6a350a9515de2fc4f8f4d8e87326ba6ce51c44641c6a,2,RKvF18oHToQBMKfAe6o5hHHtDo2iVeznMe,16485.44766634,pubkeyhash,,,
eeeec8edb46424f18cde86b639e105fa1d9246b999775772111e70ea2d5ce225,0,,0.00000000,nulldata,,,
eeeec8edb46424f18cde86b639e105fa1d9246b999775772111e70ea2d5ce225,1,RWXGs67A6ghsffVudgEhiNYbRU4GjrgqDC,993.50268000,pubkeyhash,,,
eeff779014e0a1a7f73dd17fafab984c377004c84418b6581faefceb1b152b79,0,,0.00000000,nulldata,,,
eeff779014e0a1a7f73dd17fafab984c377004c84418b6581faefceb1b152b79,1,RV5VkPRnhKNM18CiKA7w2kppvswPKGeLtC,993.03363000,pubkeyhash,,,
ef5081cfd529dcd183442e136b808e45e42b61554a2fc8c35cd069f208d95f23,0,,0.00000000,nulldata,,,
ef5081cfd529dcd183442e136b808e45e42b61554a2fc8c35cd069f208d95f23,1,RE94M8uASoyLuKitjrHt6j7f3dssYHbaAQ,993.34827000,pubkeyhash,,,
ef5a893e04f1aa3fb4d0d8a00e4aa6da36953241463a967f6dad606a3ddcc480,0,,0.00000000,nulldata,,,
ef5a893e04f1aa3fb4d0d8a00e4aa6da36953241463a967f6dad606a3ddcc480,1,RBmu3ZV4j6srMnpuxvdyM88NNRsfPkGdf3,991.55979000,pubkeyhash,,,
ef6daba7cbfd3fb9f77c33a6ce127f5a49b39f870a319b545cdc6a49573c03c5,0,RNsfCNJ6PEXQcnhKP5PbDZ6qR3yACt45Te,0.00798641,pubkeyhash,,,
ef6daba7cbfd3fb9f77c33a6ce127f5a49b39f870a319b545cdc6a49573c03c5,1,RX1r2eyM1UW7y2xHcrTejDfyCUk1yBmz4i,306.06838093,pubkeyhash,,,
ef987ade40ca2afacbe66507d1ee35ea6f0807d3214bb8064f386f1d550d5fe0,0,,0.00000000,nulldata,,,
ef987ade40ca2afacbe66507d1ee35ea6f0807d3214bb8064f386f1d550d5fe0,1,RENHZv9zbhhZhaYkyWWRmuk2oxkg3vsDof,995.28712000,pubkeyhash,,,
efac9aa6a1a1498153db2f6e5b12d739f9222d6b398d074c58bd395fbe4c85d0,0,RW3quPty9JJyE3bkzSBgagT3e2zCrRoxCz,34.05081097,pubkeyhash,,,
efac9aa6a1a1498153db2f6e5b12d739f9222d6b398d074c58bd395fbe4c85d0,1,RX1r2eyM1UW7y2xHcrTejDfyCUk1yBmz4i,306.55025622,pubkeyhash,,,
efeb5f221240a97a77379d159e96a4078631c12e9e3551d4f7dfbc5200f39228,0,,0.00000000,nulldata,,,
efeb5f221240a97a77379d159e96a4078631c12e9e3551d4f7dfbc5200f39228,1,RLc8AtgwkVSwztwwZMeCSqzkSrh8Rjq9Ta,993.49716000,pubkeyhash,,,
f068ccc03038ac99d0a560fbabaa752123676c6a40f3d74dc70105d3637d106d,0,,0.00000000,nulldata,,,
f068ccc03038ac99d0a560fbabaa752123676c6a40f3d74dc70105d3637d106d,1,RM1SKSDRMLAFei5mRXgVRVu6XrJxdtKx9A,990.91671000,pubkeyhash,,,
f07be8c56433aa2c1765a86e1c7a98f671dc63733ce214688ba28d29c5c41d0e,0,,0.00000000,nulldata,,,
f07be8c56433aa2c1765a86e1c7a98f671dc63733ce214688ba28d29c5c41d0e,1,RAm4PbMh2n7DfYyA3hwxT4eYkWyeeh7AoM,993.85872000,pubkeyhash,,,
f07bfa954a46ad60e06413d3d8f620bf94031175a6db2b440e33b2e024155347,0,RX1r2eyM1UW7y2xHcrTejDfyCUk1yBmz4i,306.48575287,pubkeyhash,,,
f07bfa954a46ad60e06413d3d8f620bf94031175a6db2b440e33b2e024155347,1,RJHLnfgAV9A3csVJQijbEVfqbQz7fWjY5K,34.04364548,pubkeyhash,,,
f09f8387ba61ecb4d77a1784c0107aef4c487c79ec45fe881bf6433f98c1dc72,0,,0.00000000,nulldata,,,
f09f8387ba61ecb4d77a1784c0107aef4c487c79ec45fe881bf6433f98c1dc72,1,RWBjJC1mmFVFHU3FfeizEgK8HhHzCrUXp2,994.53428000,pubkeyhash,,,
f0c3fb3f9bd2bc2f3303f0180e082e63ec96c8db40d1b48210c55fe40d38079e,0,,0.00000000,nulldata,,,
f0c3fb3f9bd2bc2f3303f0180e082e63ec96c8db40d1b48210c55fe40d38079e,1,RMZVuYvfzNeEbG72GW7uiHZp4PTzZj1QU6,989.47631000,pubkeyhash,,,
f0c496b1d3f0b39b592716139423a5fe409c32d23bf63d41fbbea69db5575af8,0,,0.00000000,nulldata,,,
f0c496b1d3f0b39b592716139423a5fe409c32d23bf63d41fbbea69db5575af8,1,RMKKwj5gzypXAXt8EbDTKM32a5f4A9xrs2,989.87895000,pubkeyhash,,,
f0c550e99f97da4bf05091611b3f0f013c1eb765e7527880f9380af0ab70418d,0,,0.00000000,nulldata,,,
f0c550e99f97da4bf05091611b3f0f013c1eb765e7527880f9380af0ab70418d,1,RGHJq6wCDxAVS9AXBUtLXhhdsBoYbo4NRr,993.20475000,pubkeyhash,,,
f0cea03401cd01a9e541070cadb3838d6d85987b873da7d28c4f5392762f59a1,0,,0.00000000,nulldata,,,
f0cea03401cd01a9e541070cadb3838d6d85987b873da7d28c4f5392762f59a1,1,RKqVeoS3sf9FhbYvBkkDpdh57PgPLir3Mg,990.71523000,pubkeyhash,,,
f0d9e2afbca23e4cc13a77257f26bf12268792c1022ac4220d9c05e3bdcbf2f9,0,RMKd7jAm9y682pLc6QiHSUFTxZReSRKZfe,11.58106675,pubkeyhash,,,
f0f176cbc9eaba7e29016b7e4fb1f143608b349f56323cdf87ae01adb55b42ed,0,,0.00000000,nulldata,,,
f0f176cbc9eaba7e29016b7e4fb1f143608b349f56323cdf87ae01adb55b42ed,1,RWP9a9jAXtFCwA1oUDaAmLX7Q9tMAkkyad,992.65275000,pubkeyhash,,,
f15cd78c2df89734032226187b36aa114f8c3cc121edf9465f364227e6d8c41c,0,,0.00000000,nulldata,,,
f15cd78c2df89734032226187b36aa114f8c3cc121edf9465f364227e6d8c41c,1,RB6QnoSPPkeLF8BV7RxLNguZ6bw9zNHLB9,994.65848000,pubkeyhash,,,
f1668caa94c4f34dd47eb1b894f0a648aec4dc3993a18371d230e54eece42f5c,0,,0.00000000,nulldata,,,
f1668caa94c4f34dd47eb1b894f0a648aec4dc3993a18371d230e54eece42f5c,1,RT5iWXszX3T3FNg3uMfMQJZnzFah633ecj,994.75508000,pubkeyhash,,,
f19426f083ff9e38ddea2ebefb11497f4fc8e569f5d9e26a45a4f456a549086d,0,RHvY8nbzytTk2RJQhDspkP9hfPsAJFXCE7,36.21912272,pubkeyhash,,,
f19426f083ff9e38ddea2ebefb11497f4fc8e569f5d9e26a45a4f456a549086d,1,RVzJACd52bfxyfCMh9W36zmsfHm6iVsVj5,398.71918746,pubkeyhash,,,
f1c02dc1a81c9c13a38566bdc9f1fcbfeb52265ecc262450e1e4e79537e59262,0,,0.00000000,nulldata,,,
f1c02dc1a81c9c13a38566bdc9f1fcbfeb52265ecc262450e1e4e79537e59262,1,RKiBqA7Mxm7DbNbsZgi3C6feZHA6kPv2Pm,989.68299000,pubkeyhash,,,
f1cf44df3d1a792e3fa19846e28c046b1ed108d2b263c7e7a69be6bc44bc3e08,0,,0.00000000,nulldata,,,
f1cf44df3d1a792e3fa19846e28c046b1ed108d2b263c7e7a69be6bc44bc3e08,1,RX67GSRXXxDDF241F3TvT4DQfLfTyxCR7N,989.17547000,pubkeyhash,,,
f211a85f42cae318f57f179761d453135275965efc318c883c08d508a8d4c1b5,0,,0.00000000,nulldata,,,
f211a85f42cae318f57f179761d453135275965efc318c883c08d508a8d4c1b5,1,RAp5eJt5sHE6tnRcoUB1Se19vDtQuqyrMV,993.30963000,pubkeyhash,,,
f2278a30246a831afd43118a8e68e7620245c791ed4e4bb769c5a97b566ad1e7,0,,0.00000000,nulldata,,,
f2278a30246a831afd43118a8e68e7620245c791ed4e4bb769c5a97b566ad1e7,1,RP93dFnVWGSmAUAik7TeVkiThmpQds2dbs,995.39476000,pubkeyhash,,,
f23a135be63546aeeceb7d25546f0e95681d5a93860d64d58b643cd7ebafc789,0,,0.00000000,nulldata,,,
f23a135be63546aeeceb7d25546f0e95681d5a93860d64d58b643cd7ebafc789,1,RA9KnpTKnrMuGdHYJcbF45WRALfHVVH1cG,993.21855000,pubkeyhash,,,
f245d86fe0bb9a0877c0db959c40d8a874b13267b9d50a28e91ffc1020663675,0,,0.00000000,nulldata,,,
f245d86fe0bb9a0877c0db959c40d8a874b13267b9d50a28e91ffc1020663675,1,RAAaBj87r8CiPRs2aRqp629mSmHyyBoYcg,989.62259000,pubkeyhash,,,
f2582ecd3703e00b4415c0325b0a61f5bc4d9529e1d8504b902376adf5ecbc1c,0,,0.00000000,nulldata,,,
f2582ecd3703e00b4415c0325b0a61f5bc4d9529e1d8504b902376adf5ecbc1c,1,RAH8FQDguDS6ZaSqRWPLP13kpVcLg9Drox,991.24515000,pubkeyhash,,,
f27e418ae4e212f7d60bb27e2fef9e6dcd8281f5be1bd2f8e8e21e3b70c5cfa9,0,,0.00000000,nulldata,,,
f27e418ae4e212f7d60bb27e2fef9e6dcd8281f5be1bd2f8e8e21e3b70c5cfa9,1,RRkgCKXJ6iyjsxsunrd9wAVC3daavVFVFD,992.09523000,pubkeyhash,,,
f2b3cb6eaef86e9b1aaa6ccd8f7de9785e9ed0ff1b98f39153c14b4a9d717f44,0,,0.00000000,nulldata,,,
f2b3cb6eaef86e9b1aaa6ccd8f7de9785e9ed0ff1b98f39153c14b4a9d717f44,1,RWSuvpDHttVz7PgLak4NFHXJ12cHMTLfE4,990.29295000,pubkeyhash,,,
f2fcc4b3884523f33480196b430000a6c241346a6cf46c870ec03de6af6ff5b2,0,RNHYsdo5taePBBYUWmvjLPa5czCsf58zX4,0.00528321,pubkeyhash,,,
f2fcc4b3884523f33480196b430000a6c241346a6cf46c870ec03de6af6ff5b2,1,RX1r2eyM1UW7y2xHcrTejDfyCUk1yBmz4i,306.23412252,pubkeyhash,,,
f332e1e991decd2d0e181acf3a1d7c6c121c089393a4e413f79e3b0c2e37569f,0,,0.00000000,nulldata,,,
f332e1e991decd2d0e181acf3a1d7c6c121c089393a4e413f79e3b0c2e37569f,1,REAj8t3GYBLWPRnT9bd3ZyzXdFRU9bKRMr,994.31688000,pubkeyhash,,,
f33617f03e98aeac53442b52aaaab4b44d044d53605d73635a09ea22efe49126,0,,0.00000000,nulldata,,,
f33617f03e98aeac53442b52aaaab4b44d044d53605d73635a09ea22efe49126,1,RS8UrF4u9FAoTb6z3VvhgLtEk9j1QtYYni,991.94067000,pubkeyhash,,,
f33f0531610e8d6c02aa081ee72acdaf2eddd88ec69a8f047bfadbba87c9e8e8,0,,0.00000000,nulldata,,,
f33f0531610e8d6c02aa081ee72acdaf2eddd88ec69a8f047bfadbba87c9e8e8,1,RLNW3qpeSp2LdEqj9xeVG4SCULwDYC43wK,991.21755000,pubkeyhash,,,
f34145667ae06395811b130cbd5bc1e4458e1e182ac3fcb19372234d4cd16323,0,,0.00000000,nulldata,,,
f34145667ae06395811b130cbd5bc1e4458e1e182ac3fcb19372234d4cd16323,1,RAPLnheWcpJZv392gSDVYNMB3Db2xjLi6j,989.60603000,pubkeyhash,,,
f366c67119ea40a6c189f7efba54c8ebc9463e04b4dd8335fb35a2e36cdf2b15,0,,0.00000000,nulldata,,,
f366c67119ea40a6c189f7efba54c8ebc9463e04b4dd8335fb35a2e36cdf2b15,1,RP4g4QSt7ipqxKPRDuWG2KQRMH4wZvaygv,991.46319000,pubkeyhash,,,
f3852bf4c351fc15358fd1e10a2caeb1427b81848c8aba2a9b47fe905dd41e58,0,,0.00000000,nulldata,,,
f3852bf4c351fc15358fd1e10a2caeb1427b81848c8aba2a9b47fe905dd41e58,1,RA9kgZy3ww69Gfx2MHaCyrt8uBTq5rrVrM,990.16047000,pubkeyhash,,,
f386eeeaa3d6f00a71ba127d4e324eaf271e9d79a03257b339bcf086ff758210,0,,0.00000000,nulldata,,,
f386eeeaa3d6f00a71ba127d4e324eaf271e9d79a03257b339bcf086ff758210,1,RCA8RSHRj7QTSwt1irh2khLBxta864Wz2a,994.54256000,pubkeyhash,,,
f3993c2b6ca84186ecb99c6b2100c7493597f2c9f4cd393666db8a8f56133f19,0,,0.00000000,nulldata,,,
f3993c2b6ca84186ecb99c6b2100c7493597f2c9f4cd393666db8a8f56133f19,1,R9NJutHwz9RPy6hJ6fnrfBr4D22yW2USjh,991.54599000,pubkeyhash,,,
f3baf9b460b9bf2dba7b557c55dcf664c2865351b7f8ed6fb8537b6c2868f781,0,,0.00000000,nulldata,,,
f3baf9b460b9bf2dba7b557c55dcf664c2865351b7f8ed6fb8537b6c2868f781,1,RHgwCEDh1YNUMWY6M59vZ7yegHdTNa8KgU,995.33956000,pubkeyhash,,,
f3c2920d2d34d2149d30fc0df06666bed57a639a33472d4c4477070e1a7d0603,0,,0.00000000,nulldata,,,
f3c2920d2d34d2149d30fc0df06666bed57a639a33472d4c4477070e1a7d0603,1,RJGc7xMsVN4gfRXy6CJnZzmEhHjYpPwp2H,994.65020000,pubkeyhash,,,
f3db8731e807614bd37e8ceb47e2f6f45c16a44280f2cd93194d63039ab81f3e,0,,0.00000000,nulldata,,,
f3db8731e807614bd37e8ceb47e2f6f45c16a44280f2cd93194d63039ab81f3e,1,RJhv34mkRdWj9krX1919hJFPnib6pcgvia,989.39075000,pubkeyhash,,,
f3fd4263f291b84e297a22d92719dc425aad6f7e2d0f3be42a96bd16cdef922f,0,rNE4txZm3VjNpKUFd23nHyuuCKNmdzem9k,1058.57103150,scripthash,,,
f42f06b7e02b813777bc8ee8e86c56300c93088bd0573bf641697168e3214541,0,,0.00000000,nulldata,,,
f42f06b7e02b813777bc8ee8e86c56300c93088bd0573bf641697168e3214541,1,RYCLVu6hsJwvp3c1Q8J56JybudjiE2Jmvf,989.33555000,pubkeyhash,,,
f42fafc65bcfbc55e3855a293bb8a60a149214c794ab0b28392a36a5c340fe33,0,,0.00000000,nulldata,,,
f42fafc65bcfbc55e3855a293bb8a60a149214c794ab0b28392a36a5c340fe33,1,RHttYjwTvUkE9CP2UN4nNaFvEb7UEvZPkF,991.26999000,pubkeyhash,,,
f4499b171723abe0a5bfa36194ca9a10785fe87d3ee77190a0e4651806df6aa7,0,,0.00000000,nulldata,,,
f4499b171723abe0a5bfa36194ca9a10785fe87d3ee77190a0e4651806df6aa7,1,RPvFBSsBgqAEMbpnTEpqCH4eddR6s2biAb,992.19735000,pubkeyhash,,,
f4546470e5d3bc84e3a8ea87c09a0b2abddf2234131269529c3444443daa8034,0,,0.00000000,nulldata,,,
f4546470e5d3bc84e3a8ea87c09a0b2abddf2234131269529c3444443daa8034,1,RM4jGGQk91grWxAn49HHYygeXQdKZeucjj,993.16335000,pubkeyhash,,,
f478c282fdde2754117de4ea0d34f47b99183678c845209e041b0000f34fe42e,0,,0.00000000,nulldata,,,
f478c282fdde2754117de4ea0d34f47b99183678c845209e041b0000f34fe42e,1,RW8vR72kb4tfndbT5P838Y8GXfLK6wLFqt,990.59655000,pubkeyhash,,,
f4adef402c9ab00a2e32a306191ef3eb46d2bbbb1c2c175de5e3735f8a6bece6,0,,0.00000000,nulldata,,,
f4adef402c9ab00a2e32a306191ef3eb46d2bbbb1c2c175de5e3735f8a6bece6,1,RXDsnYwyLcgT6v3eQqtRskCniyKi6BQa4K,990.51651000,pubkeyhash,,,
f4d19fc6eb7dd99e40e5a34c0c9aca5b4847d59ccdae22d6699f7cbb2b1e52aa,0,,0.00000000,nulldata,,,
f4d19fc6eb7dd99e40e5a34c0c9aca5b4847d59ccdae22d6699f7cbb2b1e52aa,1,RJ5E7QLG6thm8MbCiiuffazD6o1MkgyrBP,995.22088000,pubkeyhash,,,
f4e5617f118f6ca8f7bca234d31511242ee8a9a68c312c397b2327386308d505,0,,0.00000000,nulldata,,,
f4e5617f118f6ca8f7bca234d31511242ee8a9a68c312c397b2327386308d505,1,RSH6ftNqQMBfF9EViUN6SHoCBuZddj4Uxo,991.82475000,pubkeyhash,,,
f4e8f95a3fdc504f7443a6d3d50391ef1bcbb56403289d224a522a5745a1449e,0,,0.00000000,nulldata,,,
f4e8f95a3fdc504f7443a6d3d50391ef1bcbb56403289d224a522a5745a1449e,1,RNMrwtMFbH9B12xinWe6zQjBMap9dPtGCM,993.43644000,pubkeyhash,,,
f4f82b390a62b01689fc3cf6a66db90ac6fa0119c4d52218d26da6cbe47e5e33,0,,0.00000000,nulldata,,,
f4f82b390a62b01689fc3cf6a66db90ac6fa0119c4d52218d26da6cbe47e5e33,1,RB7dTtprvYz8CD3ywkSrdJhT6cmswPWYKy,993.65172000,pubkeyhash,,,
f5307004554b03ae54db9c8b356225b36bbe0afe74fae88ee3d364688999ecc8,0,,0.00000000,nulldata,,,
f5307004554b03ae54db9c8b356225b36bbe0afe74fae88ee3d364688999ecc8,1,RWtaaEJG8ELuafe3rncwMkCJYGaKXZDJtj,991.55427000,pubkeyhash,,,
f5367db4662ad039e64871af5c4f563effa5ee19d4c85cd3fcacd2399d7bf1dc,0,,0.00000000,nulldata,,,
f5367db4662ad039e64871af5c4f563effa5ee19d4c85cd3fcacd2399d7bf1dc,1,RPqg61LkEhiysBp9hXiPZzL1ofP9vRdL7P,989.76579000,pubkeyhash,,,
f558644902e194eab3a7caad958ee312edd32fbdbba3c06ac686c38c458a4e95,0,,0.00000000,nulldata,,,
f558644902e194eab3a7caad958ee312edd32fbdbba3c06ac686c38c458a4e95,1,RFUNzEuUJwpGS9XAy5gMnRNcVJXsUcGrAL,993.38139000,pubkeyhash,,,
f5645989bb3894be7f3367bbf82bae111c82ca7fa8f58ab0877e5db18522156d,0,,0.00000000,nulldata,,,
f5645989bb3894be7f3367bbf82bae111c82ca7fa8f58ab0877e5db18522156d,1,RMtxGtiE6LrCxA6EkTT73mpwfUhmBa4DRZ,993.90840000,pubkeyhash,,,
f57d5b2683a4a42a31cec0b0723222da2905a7c974f14d62124cd74d46077f6a,0,,0.00000000,nulldata,,,
f57d5b2683a4a42a31cec0b0723222da2905a7c974f14d62124cd74d46077f6a,1,RAoZdsvM7HzfmgpkNNhrYBRSKtNBoAQrxx,990.51375000,pubkeyhash,,,
f5c36a7f3bc1eb6d4a10802fe84a430ab3275bc3b70d0a66498ea0495f0298eb,0,RVKxr2XHnEMPDi3e22JbPJhTf2FxsJy8YN,299.78213393,pubkeyhash,,,
f5d2c29e3ed39db0bb2672fa0c46d01e4c6eb626288e74db33e8f3cd333d6e77,0,,0.00000000,nulldata,,,
f5d2c29e3ed39db0bb2672fa0c46d01e4c6eb626288e74db33e8f3cd333d6e77,1,RWqME3R74XMsP4dfTm4XMpyqSRTn93DA4D,992.31051000,pubkeyhash,,,
f5d6b80920a73d93aa5e58900dfa6fc008d3a0fc7ab12018f5964a055e0e6298,0,,0.00000000,nulldata,,,
f5d6b80920a73d93aa5e58900dfa6fc008d3a0fc7ab12018f5964a055e0e6298,1,RMDz5XCHAeyUDdE91VdREncr87qoCMwvSJ,988.98503000,pubkeyhash,,,
f5f006afe89f2099bb6793548692ef6f37e16de6cee4dc7a66b39a77e1544da4,0,,0.00000000,nulldata,,,
f5f006afe89f2099bb6793548692ef6f37e16de6cee4dc7a66b39a77e1544da4,1,RLM2K9PH2GarwvfbAFzATDExZwpjdZVQ2A,991.18995000,pubkeyhash,,,
f5f99ac35f65ce60691730d98e3323ee55cdc765bf8471a33c12702aee77f5c2,0,,0.00000000,nulldata,,,
f5f99ac35f65ce60691730d98e3323ee55cdc765bf8471a33c12702aee77f5c2,1,RG91gKdpypPF9Zfz24gGAZXyG1N9XNYQWc,995.12184000,pubkeyhash,,,
f5fe6b696971c27450866e491b9d41aa5fd13627674c686996b52701ddc208c3,0,,0.00000000,nulldata,,,
f5fe6b696971c27450866e491b9d41aa5fd13627674c686996b52701ddc208c3,1,RDJfugRwLXpjK9Na1QCDnDoC64KGphakGr,994.30308000,pubkeyhash,,,
f60e499868dc91cef39e027ff29129ffa15b6b8e6e87b8d0faf68420806e623f,0,,0.00000000,nulldata,,,
f60e499868dc91cef39e027ff29129ffa15b6b8e6e87b8d0faf68420806e623f,1,RJ4amYyTFYCDEWssZyiKJcHMzJKXZm7wfY,990.05283000,pubkeyhash,,,
f611659d27531d465c6f8133f76898a7556cefffff59de7f75d1906beed0f9c4,0,,0.00000000,nulldata,,,
f611659d27531d465c6f8133f76898a7556cefffff59de7f75d1906beed0f9c4,1,RHUwS25P5caJGiiZnR1dXa5FRfqcTQRenA,991.81095000,pubkeyhash,,,
f63d15b62b0aea76b594987df667e3e1a438054ff2c2385d102e4e4bcede1c80,0,,0.00000000,nulldata,,,
f63d15b62b0aea76b594987df667e3e1a438054ff2c2385d102e4e4bcede1c80,1,RRBU9ijAZwWPT1sKR2n713E3F18MnrVttZ,995.20708000,pubkeyhash,,,
f64f9bfc03be4f10b94926135ad4ab5c70aea44985bb8bf53ba6edd75dcde0d6,0,,0.00000000,nulldata,,,
f64f9bfc03be4f10b94926135ad4ab5c70aea44985bb8bf53ba6edd75dcde0d6,1,RLFeSCWuiPDEbX5U4Nu2VrEFu4vyTeUjk7,993.81180000,pubkeyhash,,,
f6bb0c22381456a08d83877937da968b71e2865aede2de006eb4063077e10bec,0,,0.00000000,nulldata,,,
f6bb0c22381456a08d83877937da968b71e2865aede2de006eb4063077e10bec,1,RKSMcZDN7dqumNwM9ojC88JAxt5swFMrUb,992.04555000,pubkeyhash,,,
f6d31f03145adb6de661b1148ce99528c1de68789d4fb785dcbb4fdc2c369862,0,,0.00000000,nulldata,,,
f6d31f03145adb6de661b1148ce99528c1de68789d4fb785dcbb4fdc2c369862,1,RRQtwRqxZwT9tKv5mWgj1yQk9HknhS8rYo,990.42543000,pubkeyhash,,,
f6da6c720b7a7a5f1941f724dc94c078a83df3fae012ed9d918e3f3f9e93fef9,0,,0.00000000,nulldata,,,
f6da6c720b7a7a5f1941f724dc94c078a83df3fae012ed9d918e3f3f9e93fef9,1,RKLPQjoD8ScStuJAYb7q23mVvjNFNHWUsK,989.42111000,pubkeyhash,,,
f71de64ea6707e6d1e27c312820b6e5f03d1adea44db5efdee4fbb95db21700a,0,,0.00000000,nulldata,,,
f71de64ea6707e6d1e27c312820b6e5f03d1adea44db5efdee4fbb95db21700a,1,RTc1XWTYGehuF54tsn9jBqbkkiZQfNPydD,992.96463000,pubkeyhash,,,
f72281ca7c94aec1f35d369f47a991b426d373303ce213b92ba2c75ee8cfe341,0,,0.00000000,nulldata,,,
f72281ca7c94aec1f35d369f47a991b426d373303ce213b92ba2c75ee8cfe341,1,RAfyWXqonemrjL9ojFUckSxVYi5pGe5fnA,994.33896000,pubkeyhash,,,
f73e5465da52561dbe0d4799ab4e2536f6a4349750e4af840163484d7cf1f21f,0,,0.00000000,nulldata,,,
f73e5465da52561dbe0d4799ab4e2536f6a4349750e4af840163484d7cf1f21f,1,RXBm73jaCvuPD1F5oDgeuqfEk3TCiF6pnn,990.01419000,pubkeyhash,,,
f751c1c9fb24fd1294bf240136e733a563d24ab5c87a8a4abe261cf13951fb06,0,,0.00000000,nulldata,,,
f751c1c9fb24fd1294bf240136e733a563d24ab5c87a8a4abe261cf13951fb06,1,RSaKru6QcBhLVxTRjv5NejAtUEdJDyJynb,994.06572000,pubkeyhash,,,
f766329d962ee957d3cabad2c790f658e97b9b2281434987f7d3fba819ebd115,0,,0.00000000,nulldata,,,
f766329d962ee957d3cabad2c790f658e97b9b2281434987f7d3fba819ebd115,1,R9SXrotVNfz2J1zrtZYbhCpa6Ryn7wVkht,992.77419000,pubkeyhash,,,
f771ee2b8c0ace002c1856a3fc61bc7d281945675744d7a23c347f91a13ee5a1,0,RPxoUxsBW49EjzPWQaC3radidtzKHDG5fY,12.83247909,pubkeyhash,,,
f771ee2b8c0ace002c1856a3fc61bc7d281945675744d7a23c347f91a13ee5a1,1,RU5au7fZJ7HRAhiv39aCaNUeVZsRRT7PZS,4000.84779541,pubkeyhash,,,
f785d55952ca29f21b739b98f2e1ff262512f68e8390495d62aebd1291a4a421,0,,0.00000000,nulldata,,,
f785d55952ca29f21b739b98f2e1ff262512f68e8390495d62aebd1291a4a421,1,RCktdgHa422JHnSVfBWAXk3hSw7UCmSsa3,992.08971000,pubkeyhash,,,
f78715a94a5885e6d197e96620735c739db545a6d05854446cfce6e2a91d2ac5,0,,0.00000000,nulldata,,,
f78715a94a5885e6d197e96620735c739db545a6d05854446cfce6e2a91d2ac5,1,RBx7kYADMMs3ujL3e2yvvs8vDMERFWrjMQ,993.62136000,pubkeyhash,,,
f78afec7029e0058ba9d1df1f0d9c338b75f44cb929267ca816d8b7770db33d4,0,,0.00000000,nulldata,,,
f78afec7029e0058ba9d1df1f0d9c338b75f44cb929267ca816d8b7770db33d4,1,RAW3newiNQoHcv16DtnTBqnanXz3Qds8BV,988.99331000,pubkeyhash,,,
f7bd6ab9ed159ab60b77f363b8fcafc3c6109ca04cd96c0cadbe8ef4b87c22f7,0,,0.00000000,nulldata,,,
f7bd6ab9ed159ab60b77f363b8fcafc3c6109ca04cd96c0cadbe8ef4b87c22f7,1,RAvVFbt149Jijs4QG1c8DFwDec7YTVRzmi,990.01971000,pubkeyhash,,,
f7d705e1b7b27a3c856b760f8cd70c9b51eab43a81fdc2d5bd33a5cc8190f6de,0,RX1r2eyM1UW7y2xHcrTejDfyCUk1yBmz4i,306.07177163,pubkeyhash,,,
f7d705e1b7b27a3c856b760f8cd70c9b51eab43a81fdc2d5bd33a5cc8190f6de,1,RLjXqwwFFWefjxDoBDi36Rk19iA2HUjW3L,0.00836311,pubkeyhash,,,
f8672bbbc6d5d82c1ae90063c6e2e54097d7a25206c15c91416c919cfcb76cd4,0,,0.00000000,nulldata,,,
f8672bbbc6d5d82c1ae90063c6e2e54097d7a25206c15c91416c919cfcb76cd4,1,RFmZiUHxfTpycv3qSRMUHgZP8tP8aBb849,994.04088000,pubkeyhash,,,
f8cc4900a7ec49efccb0076e39a691aea92995d64fe1819d54696d0628ad724c,0,,0.00000000,nulldata,,,
f8cc4900a7ec49efccb0076e39a691aea92995d64fe1819d54696d0628ad724c,1,RT6u9aR8eT2rHjAgzQjvSJxZSGtZvTcx2t,992.79351000,pubkeyhash,,,
f8debd4f192c7ba832e4be928a4ed4ce000900e5b7cc78dbee1d22101643597f,0,RNaQu991deSNY5MhFL1WKbtAM4mUdw1QY9,33.99433742,pubkeyhash,,,
f8debd4f192c7ba832e4be928a4ed4ce000900e5b7cc78dbee1d22101643597f,1,RX1r2eyM1UW7y2xHcrTejDfyCUk1yBmz4i,306.04125635,pubkeyhash,,,
f90cb0384d7fde975a730ed1412cac1fbbcdd56381173e20cef3a29697f0b3c1,0,,0.00000000,nulldata,,,
f90cb0384d7fde975a730ed1412cac1fbbcdd56381173e20cef3a29697f0b3c1,1,RVXRTM1BotrT9kv4wZU1HkKhaQjaAW1b3L,993.88908000,pubkeyhash,,,
f910539b39048e9cdd88de747994a406291b6e1a1a3f34b83d6a4baebf316e4f,0,,0.00000000,nulldata,,,
f910539b39048e9cdd88de747994a406291b6e1a1a3f34b83d6a4baebf316e4f,1,RUkHc8FxF34nERWd4EtWF65jjyTcdFgxcy,989.40179000,pubkeyhash,,,
f91f913b1e1346f0ac0c91698f5a502aa4bdb2cb7f3f7c183121d649b8d9c326,0,,0.00000000,nulldata,,,
f91f913b1e1346f0ac0c91698f5a502aa4bdb2cb7f3f7c183121d649b8d9c326,1,RUT5qNTbVktU6UGKGqPWRmYXyCmJQgiDYv,993.75384000,pubkeyhash,,,
f92d84b0b58cb3757b0ca369f7dc79e14fed2623d35d249e5dee763c636a61ec,0,,0.00000000,nulldata,,,
f92d84b0b58cb3757b0ca369f7dc79e14fed2623d35d249e5dee763c636a61ec,1,RP1dN5kVZiipe1gmqXQa9kf1rCPfroyfEU,995.06664000,pubkeyhash,,,
f93ad0389f09d9f8afe42eed562866fc974035917e3895325fad9e788208af52,0,RSEpQPXsiXjvdtyX5EmbxXFLbGP8hX8q8V,5000.00000000,pubkeyhash,,,
f93ad0389f09d9f8afe42eed562866fc974035917e3895325fad9e788208af52,1,RCpuSuL4rF8rWqYvvXks2C82tvhFk2ZWiV,0.01002863,pubkeyhash,,,
f9415acfaa9972c112018a8db051fd1fd058c2a25abbefcb1e37a896b7f1ba1e,0,,0.00000000,nulldata,,,
f9415acfaa9972c112018a8db051fd1fd058c2a25abbefcb1e37a896b7f1ba1e,1,RXynvR4EE4eVayoGsL4J8KDyUV27vRvCeJ,993.99948000,pubkeyhash,,,
f99e50156bf6f91b7272e4b327244490b92225fb994899fd22cc28f5dd2288e1,0,,0.00000000,nulldata,,,
f99e50156bf6f91b7272e4b327244490b92225fb994899fd22cc28f5dd2288e1,1,RArQc61S7WyB34NbSmwk84b62uQgxGQrSw,992.56995000,pubkeyhash,,,
f9b84ba8721278b735ee59227a204ecb559cf1f0a8019a4e3a858f080f7bc596,0,,0.00000000,nulldata,,,
f9b84ba8721278b735ee59227a204ecb559cf1f0a8019a4e3a858f080f7bc596,1,RCNPwNydjWUeMiiwQFdFk6PWrnpDkAD8KV,992.89011000,pubkeyhash,,,
f9b983543c8e897f306629e13eddf56369f9c4699e94626cdc953d56b358e5d8,0,,0.00000000,nulldata,,,
f9b983543c8e897f306629e13eddf56369f9c4699e94626cdc953d56b358e5d8,1,REvht39q41QTjy7SRNRV8Zfiftru4UiGGw,994.12368000,pubkeyhash,,,
f9dc4280dff6ff429081fdea7cd66736957fe348316da30487a6476fe0a33fb9,0,rNgz4LDQRdvmHkonWWZgTbNLNhjKMiwpYY,0.90509798,scripthash,,,
f9dc4280dff6ff429081fdea7cd66736957fe348316da30487a6476fe0a33fb9,1,,0.00000000,nulldata,,,
f9dc4280dff6ff429081fdea7cd66736957fe348316da30487a6476fe0a33fb9,2,RTcYPgx3RrAbgxMAuE16xSvVwpq3oDmybM,256.91363154,pubkeyhash,,,
f9df55452c5458c8a2fec57a98a4ddb9983d5e5ca640d0ff7adc9c95a69fddd6,0,RX1r2eyM1UW7y2xHcrTejDfyCUk1yBmz4i,306.41448968,pubkeyhash,,,
f9df55452c5458c8a2fec57a98a4ddb9983d5e5ca640d0ff7adc9c95a69fddd6,1,RPzJGAZEaSRnFTJ9yhJ16JfkDD8FtjgrsM,34.03572833,pubkeyhash,,,
fa110545c7f81d9a1dce8ec4c2511d53e03113260afa6a0ad6273bbcdac34a4d,0,,0.00000000,nulldata,,,
fa110545c7f81d9a1dce8ec4c2511d53e03113260afa6a0ad6273bbcdac34a4d,1,RAAP1dgdCHcSmsYDV98BcvWtBvBdVJBjqf,991.27827000,pubkeyhash,,,
fa15340afee55eab3afa00df55d9db573bcb16b3393d8756e15bb6a55c44be3d,0,,0.00000000,nulldata,,,
fa15340afee55eab3afa00df55d9db573bcb16b3393d8756e15bb6a55c44be3d,1,RVHXffHruF5ZGsHpskmDd8nxKTM1PSFRg8,993.96636000,pubkeyhash,,,
fa2e64359e1004a29226ad07b344b4fbe33aba6e4b9e9862a957345c8bf2cbee,0,,0.00000000,nulldata,,,
fa2e64359e1004a29226ad07b344b4fbe33aba6e4b9e9862a957345c8bf2cbee,1,RX492HNpzQhdDQpEc3Mo1ivk41y6h4PVpU,994.43216000,pubkeyhash,,,
fa3b400d83eb8153468349a2c22d66d21bc55761a9c82d6eac45b5d32da6f80a,0,,0.00000000,nulldata,,,
fa3b400d83eb8153468349a2c22d66d21bc55761a9c82d6eac45b5d32da6f80a,1,RQQQCUsp3H78FPTnEgdNKQVfzJEedYhrD3,989.66643000,pubkeyhash,,,
fa42c99d2348988fadf10d6e12f2995f7c3284d4f588785d405354132ed737b3,0,,0.00000000,nulldata,,,
fa42c99d2348988fadf10d6e12f2995f7c3284d4f588785d405354132ed737b3,1,RVNm5Q6ShXcR7M7HeTNMixRex9g1L19Co7,995.34508000,pubkeyhash,,,
fa5345583f0a33f915b74d6c9548a79a474cbd6eb56015c629281c007bedeff4,0,,0.00000000,nulldata,,,
fa5345583f0a33f915b74d6c9548a79a474cbd6eb56015c629281c007bedeff4,1,RHGUVEVx9sLtpiw1QPqE14SKJ8Rz7c4TyX,992.32431000,pubkeyhash,,,
fa55abb5083b0a424ac4fa123a100c3995691604b9660c91854e4a8cc75b03e8,0,,0.00000000,nulldata,,,
fa55abb5083b0a424ac4fa123a100c3995691604b9660c91854e4a8cc75b03e8,1,RXFMzHaEDPsR3RppYUWWxYQmqcSHXCVwGS,994.63640000,pubkeyhash,,,
fa86b980c347e8d48dfddf776d61e189baf58b19fbe9b3ce1156b001a5ee593a,0,,0.00000000,nulldata,,,
fa86b980c347e8d48dfddf776d61e189baf58b19fbe9b3ce1156b001a5ee593a,1,RAw8wzZ7d2VnXnq9omdC4KTcD6zi53tWDh,989.68851000,pubkeyhash,,,
faa3c7133d97056b78af33d5c1cfb3ed9ea030beb81e4c1c879f90540732aa11,0,,0.00000000,nulldata,,,
faa3c7133d97056b78af33d5c1cfb3ed9ea030beb81e4c1c879f90540732aa11,1,RBKQUx1jzD7Ews5eaMFZNzLcCDa99hWXV3,994.77164000,pubkeyhash,,,
faac74aab86b544ec952e99b4582475d474f8fced708c4ce95706f103f44199f,0,,0.00000000,nulldata,,,
faac74aab86b544ec952e99b4582475d474f8fced708c4ce95706f103f44199f,1,RQabwWhGxvyfWR2PCjDdNTXiuY4mGs6X3z,990.69315000,pubkeyhash,,,
fab0035f22c2064d552376d0b765a71b21f18abd92d71f97cd24a556d5e3fe03,0,,0.00000000,nulldata,,,
fab0035f22c2064d552376d0b765a71b21f18abd92d71f97cd24a556d5e3fe03,1,RDdSpnzwWGQa3vgjHDAVqayZP5CcFhJURq,992.86251000,pubkeyhash,,,
fac9aa3f9ae44f7d3a3c5c62466c33708c1a563a30eda7d3f598f6c10b750fd8,0,,0.00000000,nulldata,,,
fac9aa3f9ae44f7d3a3c5c62466c33708c1a563a30eda7d3f598f6c10b750fd8,1,RFB1yfPVGRznZTqgTM6vbmcywvf17AXewH,993.60204000,pubkeyhash,,,
fb2548ba430899615a0e247d036208d2fc13532075611a937a5a3fc7c20e70bb,0,,0.00000000,nulldata,,,
fb2548ba430899615a0e247d036208d2fc13532075611a937a5a3fc7c20e70bb,1,RVeKLfVB5wWxtWgxhgTVWfmR4jbKpkYxx4,991.00227000,pubkeyhash,,,
fb3b1494db89814cd37a59da1becf33b2277615f96fc4d5325b55a61db32cf27,0,RC5qW6Tpsg5RnNePHoEE1GqrjZQVtjGDQa,34.01591940,pubkeyhash,,,
fb3b1494db89814cd37a59da1becf33b2277615f96fc4d5325b55a61db32cf27,1,RX1r2eyM1UW7y2xHcrTejDfyCUk1yBmz4i,306.22473626,pubkeyhash,,,
fb5d987a27f540e18b449b1e0bc8f1ec31f9331b958f4760a421eed4c33b675d,0,,0.00000000,nulldata,,,
fb5d987a27f540e18b449b1e0bc8f1ec31f9331b958f4760a421eed4c33b675d,1,RBU2g8VHPJUGqKVH9zTEV1JkxuLJxGCEqi,994.09056000,pubkeyhash,,,
fb6afeeb60e893193757e63eb58e08b49a4018f930f13614b8815ab23cff30bf,0,,0.00000000,nulldata,,,
fb6afeeb60e893193757e63eb58e08b49a4018f930f13614b8815ab23cff30bf,1,RBHkUXMWxgBcAJJVYVx4ibUNrLx6fR5qoq,993.78420000,pubkeyhash,,,
fb8680c69daa72f458a52fb1d764043a79b1193ad9939a4bbc9766e8d6506e74,0,,0.00000000,nulldata,,,
fb8680c69daa72f458a52fb1d764043a79b1193ad9939a4bbc9766e8d6506e74,1,RJVANoXVT5gJj4ndTVG7Ytm1XmNoJS6iQi,993.59652000,pubkeyhash,,,
fb9963b6f90ff4bcf45d10482c77ec3509e56576f2aefd910c12a53383e956cb,0,,0.00000000,nulldata,,,
fb9963b6f90ff4bcf45d10482c77ec3509e56576f2aefd910c12a53383e956cb,1,REvYH3apSpGXNgvxfpbz9hHsozSpNf6Vnh,994.97588000,pubkeyhash,,,
fbaacf49284a6599274dec08b4cef0cc78aa3ae12884d114a7f76b6d5cfd3c1e,0,,0.00000000,nulldata,,,
fbaacf49284a6599274dec08b4cef0cc78aa3ae12884d114a7f76b6d5cfd3c1e,1,REbwqdWLajtf9uUeLbdwsZtJhNJyxVdZ52,990.16875000,pubkeyhash,,,
fbc388118ad70ec040e6f90d6b274bd7c0bffa547bffb157b5f0c4754702d83c,0,,0.00000000,nulldata,,,
fbc388118ad70ec040e6f90d6b274bd7c0bffa547bffb157b5f0c4754702d83c,1,RLjwCU21ZChi9CA9YNQYRm1pgwUsbq39K4,990.43647000,pubkeyhash,,,
fbdeb1d875ae6bbc1128094454a44c62f2fe42c32543fb60abaa763c25090c20,0,,0.00000000,nulldata,,,
fbdeb1d875ae6bbc1128094454a44c62f2fe42c32543fb60abaa763c25090c20,1,RY2RFWa6MBtCQAyBPrGxQHFwQrmTp4EY4N,994.21200000,pubkeyhash,,,
fbebbcb49a841f3457621934cbd9eb7c006b15da4b1f9eda34283e498d783c69,0,,0.00000000,nulldata,,,
fbebbcb49a841f3457621934cbd9eb7c006b15da4b1f9eda34283e498d783c69,1,RS1UKgDue44JYLeEsiskyusjyEAi3vaQJ2,995.02832000,pubkeyhash,,,
fbf307431c62f88c18a33641a70c5e5b65900f64ae01d170a22de5560a3b3279,0,,0.00000000,nulldata,,,
fbf307431c62f88c18a33641a70c5e5b65900f64ae01d170a22de5560a3b3279,1,RUWnZ9CncF3F5C7Rdv5oySsfgt1WaCTxBr,991.10439000,pubkeyhash,,,
fc46794f11bec61f57afb3e80bce02f94f0de9409364ee465db7296a2849bdaf,0,,0.00000000,nulldata,,,
fc46794f11bec61f57afb3e80bce02f94f0de9409364ee465db7296a2849bdaf,1,RJVQkt3hG78bkMvyMYC2xDyrMFvsaf6Rrt,989.60051000,pubkeyhash,,,
fc4dc1d32d0b68814a26cec746adb27c75b9f481b04ed2533f487180aec72889,0,RMKd7jAm9y682pLc6QiHSUFTxZReSRKZfe,2.57434747,pubkeyhash,,,
fc77b6011290b3a09af8af28b284aeedad11592a8dd9ec969ccff7e65f5576be,0,,0.00000000,nulldata,,,
fc77b6011290b3a09af8af28b284aeedad11592a8dd9ec969ccff7e65f5576be,1,RDZyh7xrbkWWmwNhcRoFoLXq215gNwnHDa,993.77868000,pubkeyhash,,,
fc876d3a060669769af74f7087fa2099930adaf0f6a40342a63f0772fb6b0d19,0,,0.00000000,nulldata,,,
fc876d3a060669769af74f7087fa2099930adaf0f6a40342a63f0772fb6b0d19,1,RUJJbMQ6mj3Q8PaQ75xAW5J7mYj8cACXQc,990.61035000,pubkeyhash,,,
fcb22321a73228e394e54e120e0c4d661977b2604aee8954a7dbc336b1e3fc8c,0,,0.00000000,nulldata,,,
fcb22321a73228e394e54e120e0c4d661977b2604aee8954a7dbc336b1e3fc8c,1,RR6DP8oQbz6YYqcGihUHJdGpjumfFf5UXQ,994.47080000,pubkeyhash,,,
fcc4cbaec361155dccdc870a7e042aaf7c7d146f7426fa32750a120a7de9d0f8,0,,0.00000000,nulldata,,,
fcc4cbaec361155dccdc870a7e042aaf7c7d146f7426fa32750a120a7de9d0f8,1,RXuNp62TtocWex31phPYZfTrDneoXBAa36,992.13111000,pubkeyhash,,,
fcdf3c6f516b83692c021ccf934cb1e9f3442c2f6e9200b4c4eb0cafaff78406,0,,0.00000000,nulldata,,,
fcdf3c6f516b83692c021ccf934cb1e9f3442c2f6e9200b4c4eb0cafaff78406,1,RAoTUyrNe3gaqNEsTnp5HkdZ7pthA9yDn6,989.89827000,pubkeyhash,,,
fcea354e924a510576a7bc808d663c720a8673c3ea0cb98d09b529345aba733f,0,,0.00000000,nulldata,,,
fcea354e924a510576a7bc808d663c720a8673c3ea0cb98d09b529345aba733f,1,RNYbk7Gd9vorKekxRW8gQWYZqb9LiVvuEt,991.74747000,pubkeyhash,,,
fd0ce57833e8499f6cd6d18c0b17c77cae927c51f10c8ec24baab57e59903736,0,,0.00000000,nulldata,,,
fd0ce57833e8499f6cd6d18c0b17c77cae927c51f10c8ec24baab57e59903736,1,RK9wub6UzTsithUCi9Hro1RherP45DKfT4,989.88447000,pubkeyhash,,,
fd16d716269d271d808c2c951ae61827fe43a54d5d567f7c7371b4acff51bd1b,0,,0.00000000,nulldata,,,
fd16d716269d271d808c2c951ae61827fe43a54d5d567f7c7371b4acff51bd1b,1,RB3dnbUGJ9Vju9JUXy6NKC1JDyPRyvgZ3F,994.33068000,pubkeyhash,,,
fd1ad3ab8a648407e9fbf2ecbb109620404de0825f172778638b197095b3ed94,0,,0.00000000,nulldata,,,
fd1ad3ab8a648407e9fbf2ecbb109620404de0825f172778638b197095b3ed94,1,RD3gJ9SRvws3hhqeaDVJnvWEbtoyuEUzeh,993.65724000,pubkeyhash,,,
fd2e33aa37eafa54d26c358836ddfb34b93ca4bc02cf5ec8f0ab76de4f6f32ea,0,,0.00000000,nulldata,,,
fd2e33aa37eafa54d26c358836ddfb34b93ca4bc02cf5ec8f0ab76de4f6f32ea,1,RNw7zGRLTwvugVY4vsqWAZY2WTaJrPKbbY,992.55891000,pubkeyhash,,,
fd3c7ca03fac266f944f128df9ebbffb66f9c214c6b50e2d322326003435938f,0,,0.00000000,nulldata,,,
fd3c7ca03fac266f944f128df9ebbffb66f9c214c6b50e2d322326003435938f,1,RDarxMTakJXmVoxQpssQfRkGDd3FwRQrpS,995.27056000,pubkeyhash,,,
fd97a9a67cc868f449b75217628ba63018ff26b385c3e22c5f0d65ad5b3a4ff8,0,,0.00000000,nulldata,,,
fd97a9a67cc868f449b75217628ba63018ff26b385c3e22c5f0d65ad5b3a4ff8,1,RC61KGQPBHJ23ajT6VGqsX18UcSnUfEUuZ,990.55515000,pubkeyhash,,,
fd9ef2e25f8193a672f5faa91fe35380a34cd17b3771ae07063182569a5287cc,0,,0.00000000,nulldata,,,
fd9ef2e25f8193a672f5faa91fe35380a34cd17b3771ae07063182569a5287cc,1,RF7LUmm5ZFbcG5Y9hkLZ4cvfcs483iDGWb,991.17339000,pubkeyhash,,,
fda482f7270b612058e3b2df408414897c6023c17f3c432839d9a8eb88621765,0,RFFkTBhahhqHJVTjG9qwot6ZSxE89v9NSn,72.05706400,pubkeyhash,,,
fdbfdc89e863146afd3054171b2c1df6920e85ccfc159a017ba252e3c873897a,0,,0.00000000,nulldata,,,
fdbfdc89e863146afd3054171b2c1df6920e85ccfc159a017ba252e3c873897a,1,RTiVCD3n77C8NFzU7vvLjVGJGJzo2WuK4M,992.55063000,pubkeyhash,,,
fdc1bf971742c352c35fa6cac8d8a6737c26c9a91404bccf2821935f8502cbc3,0,,0.00000000,nulldata,,,
fdc1bf971742c352c35fa6cac8d8a6737c26c9a91404bccf2821935f8502cbc3,1,RPn5TXtxNsDuGsKeHfTEdYAQhapp19pHXV,994.17060000,pubkeyhash,,,
fdc728f3e4d12bedc130b7d41dd490b8690c404e6c7db348ba5ab5d8a8101641,0,,0.00000000,nulldata,,,
fdc728f3e4d12bedc130b7d41dd490b8690c404e6c7db348ba5ab5d8a8101641,1,RDwg2h4EBD89e8mJMFExBGaZSZEB8y8aQ6,993.67104000,pubkeyhash,,,
fdf5924f2f701f82f447d454a928b10a3fb90c3440d5a3c5f1396682ea198a04,0,,0.00000000,nulldata,,,
fdf5924f2f701f82f447d454a928b10a3fb90c3440d5a3c5f1396682ea198a04,1,RCHsw8GTDhz1FdaiDhxYU3Qq6qYvEAQ4r4,993.25995000,pubkeyhash,,,
fe059b80b62098bf4d6fe2b7c356f1f722b54222df0bd9cdd0a75628a929b5ef,0,,0.00000000,nulldata,,,
fe059b80b62098bf4d6fe2b7c356f1f722b54222df0bd9cdd0a75628a929b5ef,1,RUBG5XmMgKDW7DQYzTfZDUfGPkRefL4gW1,993.00051000,pubkeyhash,,,
fe068d42bb32d3bfad08735d95e21edbd9c6b23a12aca94e2b468d9329e278c5,0,,0.00000000,nulldata,,,
fe068d42bb32d3bfad08735d95e21edbd9c6b23a12aca94e2b468d9329e278c5,1,RTcSXFYocZmDssVgWycB7FRnwyDfdtZvih,995.21260000,pubkeyhash,,,
fe2ffec6a0475edf5580e7143ca3c47a1182eae488b030433cad28d79f01e359,0,,0.00000000,nulldata,,,
fe2ffec6a0475edf5580e7143ca3c47a1182eae488b030433cad28d79f01e359,1,RRx2DUfoRRd8CWm27TZYQjB8jQeaGrySLg,991.16787000,pubkeyhash,,,
fe3f10956db0553f43803a0ae8cf264f67efb29766c6fd289ef21b12fa3413e5,0,,0.00000000,nulldata,,,
fe3f10956db0553f43803a0ae8cf264f67efb29766c6fd289ef21b12fa3413e5,1,RJ24CzcUGSwcGa5Ba813gtpjsVHo3NqPrB,993.87252000,pubkeyhash,,,
fe4472cc6b839bfad9ba4f1f8fac3f31126cd21551d06ec71bfc51b71096bcce,0,,0.00000000,nulldata,,,
fe4472cc6b839bfad9ba4f1f8fac3f31126cd21551d06ec71bfc51b71096bcce,1,RVjQGpLFVPRGs5JW5dHW6dx5uWnU4asbhs,991.76955000,pubkeyhash,,,
fe5f38a934b82408da3fff9b7ad6140cb97f82dfa922922068783919d407707c,0,,0.00000000,nulldata,,,
fe5f38a934b82408da3fff9b7ad6140cb97f82dfa922922068783919d407707c,1,RLKKaLSWKNCmRsTH6Ec5ornqJS4pa55X9Z,990.18531000,pubkeyhash,,,
fec18d9f3f3e61830db6d93bdb88a0cab7f854fff506eb1271df521159ffffbf,0,,0.00000000,nulldata,,,
fec18d9f3f3e61830db6d93bdb88a0cab7f854fff506eb1271df521159ffffbf,1,RHMnpBf5DsRxXL1UpeDWCV9mfEYukT3Dnp,994.76336000,pubkeyhash,,,
fed84bd604b04f13dd314ce81c34044860c8a355e62a4d0240da77c638ee3997,0,,0.00000000,nulldata,,,
fed84bd604b04f13dd314ce81c34044860c8a355e62a4d0240da77c638ee3997,1,RQ4TjiGZfGsXeNDMGhBqKZX4GLp62XvGAV,991.05747000,pubkeyhash,,,
fee5e04915fdfa8f727ccf2aaf1262c0b337021abe4029c99000b08b2f5fd7b9,0,,0.00000000,nulldata,,,
fee5e04915fdfa8f727ccf2aaf1262c0b337021abe4029c99000b08b2f5fd7b9,1,RTt3XnAsaRS9jb5XjHyka7nvcrfwonc3Ea,995.00348000,pubkeyhash,,,
ff1a46f721f1d8e902e427f801b7f1d85c81660b5d5bdbe12c787f22b3e1f02d,0,,0.00000000,nulldata,,,
ff1a46f721f1d8e902e427f801b7f1d85c81660b5d5bdbe12c787f22b3e1f02d,1,R9HQ6zfPocAhUus5aGcRKLvNgpGmvWUYji,993.62412000,pubkeyhash,,,
ff52ca1ebfb1d39d3d8ecad0a27ed7882f6768a109eaa10c3cf307b402f905f9,0,,0.00000000,nulldata,,,
ff52ca1ebfb1d39d3d8ecad0a27ed7882f6768a109eaa10c3cf307b402f905f9,1,RYXV8qvJsG1ZKqJp8yX5trME3Effhu6btP,993.70968000,pubkeyhash,,,
ff8c95db125dede3ad81352584377fe35edb0500af22a793cd4422f7fec403b5,0,,0.00000000,nulldata,,,
ff8c95db125dede3ad81352584377fe35edb0500af22a793cd4422f7fec403b5,1,RW9UXnFXc76fzCPwBnxLxMbTaSa5nw6D1z,994.12920000,pubkeyhash,,,
fff7e75e7fbd4f3bc700c53857868bc8e8068a2f8a2672859f1a718760ac89a6,0,,0.00000000,nulldata,,,
fff7e75e7fbd4f3bc700c53857868bc8e8068a2f8a2672859f1a718760ac89a6,1,RDug6u7Jz3VqzPFBEcUuV3hqnBLkY6tV2G,990.69039000,pubkeyhash,,,
fffb4753f372b219773a4f93d0795925d88244983ee53457f28e62d39932fe6f,0,,0.00000000,nulldata,,,
fffb4753f372b219773a4f93d0795925d88244983ee53457f28e62d39932fe6f,1,RLxEnWsUYNLmRRDPhKYsZUw51MXnHXnHin,991.26723000,pubkeyhash,,,
